2026-09-07 15:07:13.938 | INFO     | pyroffi.collision._robot_collision:from_urdf:701 - Created RobotCollision with 13 links and 39 active self-collision pairs, using spherical collision models.
================================================================================
IK benchmark: HJCD-JAX  (robot=panda, n_targets=32, n_timed=5)
GPU monitoring: enabled (pynvml)
================================================================================

Loading robot ...
  URDF: /home/sadmin/Work/pyroffi/resources/panda/panda_spherized.urdf
  7 actuated joints, target link: 'panda_hand'
  Fixed joints: []

Setting up collision environment ...
  Using SRDF disabled pairs: /home/sadmin/Work/pyroffi/resources/panda/panda.srdf (36 pairs)
  Loaded environment from /home/sadmin/Work/pyroffi/resources/bench_env_large.json, filtered for panda -> /home/sadmin/Work/pyroffi/resources/bench_env_large_panda.json
  Obstacles: 9 spheres + 0 cuboids

Generating target poses (seq=32, batch=256) ...
  wrote cuRobo target sidecar: /home/sadmin/Work/pyroffi/resources/bench_ik_targets_panda.npz
Warming up HJCD-JAX ...
Warming up HJCD-JAX-COLL ...
Warming up HJCD-JAX-BATCH ...
Warming up HJCD-JAX-COLL-BATCH ...

────────────────────────────────────────────────────────────────────────────────
Sequential evaluation (per-problem latency) ...
────────────────────────────────────────────────────────────────────────────────
  Running HJCD-JAX ...

────────────────────────────────────────────────────────────────────────────────
Sequential evaluation — collision-free IK ...
────────────────────────────────────────────────────────────────────────────────
  Running HJCD-JAX-COLL ...

────────────────────────────────────────────────────────────────────────────────
Batch evaluation (all targets in one kernel launch) ...
────────────────────────────────────────────────────────────────────────────────
  Running HJCD-JAX-BATCH ...

────────────────────────────────────────────────────────────────────────────────
Batch evaluation — collision-free IK ...
────────────────────────────────────────────────────────────────────────────────
  Running HJCD-JAX-COLL-BATCH ...

================================================================================
Sequential results — per-problem latency  (N=32, timed=5)
================================================================================
  Method                 t_med(ms)   t_p95(ms)  pos_med(mm)  pos_p95(mm)  rot_med(rad)  rot_p95(rad)     success
  --------------------------------------------------------------------------------------------------------
  HJCD-JAX                 115.436     115.471      0.2100      0.9591      0.0002      0.0006       30/32

================================================================================
Batch results — effective per-problem time  (N=256, timed=5)
================================================================================
  Method                   ms/prob  pos_med(mm)  pos_p95(mm)  rot_med(rad)  rot_p95(rad)     success   gpu_pk(%)  gpu_avg(%)  vram_pk(MB)
  --------------------------------------------------------------------------------------------------------------------------------
  HJCD-JAX-BATCH             3.071      0.2029      1.0725      0.0003      0.0006     241/256        100%         99%       19086

================================================================================
Sequential results — COLLISION-FREE IK  (N=32, timed=5)
  Scene: /home/sadmin/Work/pyroffi/resources/bench_env_large_panda.json
  Obstacles: 9 spheres + 0 cuboids
  coll_free: solutions with min signed dist > 0 (all links clear of all obstacles)
================================================================================
  Method                 t_med(ms)   t_p95(ms)  pos_med(mm)  pos_p95(mm)  rot_med(rad)  rot_p95(rad)     success   coll_free
  --------------------------------------------------------------------------------------------------------------------
  HJCD-JAX                 169.745     169.770      1.6885    216.9066      0.0030      0.1205       14/32       32/32

================================================================================
Batch results — COLLISION-FREE IK  (N=256, timed=5)
================================================================================
  Method                   ms/prob  pos_med(mm)  pos_p95(mm)  rot_med(rad)  rot_p95(rad)     success   coll_free   gpu_pk(%)  gpu_avg(%)  vram_pk(MB)
  --------------------------------------------------------------------------------------------------------------------------------------------
  HJCD-JAX                  34.713      3.2569    156.6027      0.0011      0.1451     109/256     256/256        100%        100%       19100

Results appended to /home/sadmin/Work/pyroffi/resources/bench_ik_results.csv

2026-09-07 15:18:01.744 | INFO     | pyroffi.collision._robot_collision:from_urdf:701 - Created RobotCollision with 13 links and 39 active self-collision pairs, using spherical collision models.
================================================================================
IK benchmark: HJCD-CUDA  (robot=panda, n_targets=32, n_timed=5)
GPU monitoring: enabled (pynvml)
================================================================================

Loading robot ...
  URDF: /home/sadmin/Work/pyroffi/resources/panda/panda_spherized.urdf
  7 actuated joints, target link: 'panda_hand'
  Fixed joints: []

Setting up collision environment ...
  Using SRDF disabled pairs: /home/sadmin/Work/pyroffi/resources/panda/panda.srdf (36 pairs)
  Loaded environment from /home/sadmin/Work/pyroffi/resources/bench_env_large.json, filtered for panda -> /home/sadmin/Work/pyroffi/resources/bench_env_large_panda.json
  Obstacles: 9 spheres + 0 cuboids

Generating target poses (seq=32, batch=256) ...
  wrote cuRobo target sidecar: /home/sadmin/Work/pyroffi/resources/bench_ik_targets_panda.npz
Warming up HJCD-CUDA ...
Warming up HJCD-CUDA-COLL ...
Warming up HJCD-CUDA-BATCH ...
Warming up HJCD-CUDA-COLL-BATCH ...

────────────────────────────────────────────────────────────────────────────────
Sequential evaluation (per-problem latency) ...
────────────────────────────────────────────────────────────────────────────────
  Running HJCD-CUDA ...

────────────────────────────────────────────────────────────────────────────────
Sequential evaluation — collision-free IK ...
────────────────────────────────────────────────────────────────────────────────
  Running HJCD-CUDA-COLL ...

────────────────────────────────────────────────────────────────────────────────
Batch evaluation (all targets in one kernel launch) ...
────────────────────────────────────────────────────────────────────────────────
  Running HJCD-CUDA-BATCH ...

────────────────────────────────────────────────────────────────────────────────
Batch evaluation — collision-free IK ...
────────────────────────────────────────────────────────────────────────────────
  Running HJCD-CUDA-COLL-BATCH ...

================================================================================
Sequential results — per-problem latency  (N=32, timed=5)
================================================================================
  Method                 t_med(ms)   t_p95(ms)  pos_med(mm)  pos_p95(mm)  rot_med(rad)  rot_p95(rad)     success
  --------------------------------------------------------------------------------------------------------
  HJCD-CUDA                 18.003      18.126      0.1877      0.9217      0.0000      0.0002       30/32

================================================================================
Batch results — effective per-problem time  (N=256, timed=5)
================================================================================
  Method                   ms/prob  pos_med(mm)  pos_p95(mm)  rot_med(rad)  rot_p95(rad)     success   gpu_pk(%)  gpu_avg(%)  vram_pk(MB)
  --------------------------------------------------------------------------------------------------------------------------------
  HJCD-CUDA-BATCH            0.104      0.1485      1.1260      0.0000      0.0002     240/256         99%         75%       19824

================================================================================
Sequential results — COLLISION-FREE IK  (N=32, timed=5)
  Scene: /home/sadmin/Work/pyroffi/resources/bench_env_large_panda.json
  Obstacles: 9 spheres + 0 cuboids
  coll_free: solutions with min signed dist > 0 (all links clear of all obstacles)
================================================================================
  Method                 t_med(ms)   t_p95(ms)  pos_med(mm)  pos_p95(mm)  rot_med(rad)  rot_p95(rad)     success   coll_free
  --------------------------------------------------------------------------------------------------------------------
  HJCD-CUDA                129.141     129.772      0.9156    417.5359      0.0007      0.7398       16/32       32/32

================================================================================
Batch results — COLLISION-FREE IK  (N=256, timed=5)
================================================================================
  Method                   ms/prob  pos_med(mm)  pos_p95(mm)  rot_med(rad)  rot_p95(rad)     success   coll_free   gpu_pk(%)  gpu_avg(%)  vram_pk(MB)
  --------------------------------------------------------------------------------------------------------------------------------------------
  HJCD-CUDA                  3.926      0.9400    687.7586      0.0004      1.1112     129/256     245/256        100%         99%       19834

Results appended to /home/sadmin/Work/pyroffi/resources/bench_ik_results.csv

2026-09-07 15:21:23.464 | INFO     | pyroffi.collision._robot_collision:from_urdf:701 - Created RobotCollision with 13 links and 39 active self-collision pairs, using spherical collision models.
================================================================================
IK benchmark: LS-JAX  (robot=panda, n_targets=32, n_timed=5)
GPU monitoring: enabled (pynvml)
================================================================================

Loading robot ...
  URDF: /home/sadmin/Work/pyroffi/resources/panda/panda_spherized.urdf
  7 actuated joints, target link: 'panda_hand'
  Fixed joints: []

Setting up collision environment ...
  Using SRDF disabled pairs: /home/sadmin/Work/pyroffi/resources/panda/panda.srdf (36 pairs)
  Loaded environment from /home/sadmin/Work/pyroffi/resources/bench_env_large.json, filtered for panda -> /home/sadmin/Work/pyroffi/resources/bench_env_large_panda.json
  Obstacles: 9 spheres + 0 cuboids

Generating target poses (seq=32, batch=256) ...
  wrote cuRobo target sidecar: /home/sadmin/Work/pyroffi/resources/bench_ik_targets_panda.npz
Warming up LS-JAX ...
Warming up LS-JAX-COLL ...
Warming up LS-JAX-BATCH ...
Warming up LS-JAX-COLL-BATCH ...

────────────────────────────────────────────────────────────────────────────────
Sequential evaluation (per-problem latency) ...
────────────────────────────────────────────────────────────────────────────────
  Running LS-JAX ...

────────────────────────────────────────────────────────────────────────────────
Sequential evaluation — collision-free IK ...
────────────────────────────────────────────────────────────────────────────────
  Running LS-JAX-COLL ...

────────────────────────────────────────────────────────────────────────────────
Batch evaluation (all targets in one kernel launch) ...
────────────────────────────────────────────────────────────────────────────────
  Running LS-JAX-BATCH ...

────────────────────────────────────────────────────────────────────────────────
Batch evaluation — collision-free IK ...
────────────────────────────────────────────────────────────────────────────────
  Running LS-JAX-COLL-BATCH ...

================================================================================
Sequential results — per-problem latency  (N=32, timed=5)
================================================================================
  Method                 t_med(ms)   t_p95(ms)  pos_med(mm)  pos_p95(mm)  rot_med(rad)  rot_p95(rad)     success
  --------------------------------------------------------------------------------------------------------
  LS-JAX                   101.932     101.948      0.1333      0.1961      0.0002      0.0004       32/32

================================================================================
Batch results — effective per-problem time  (N=256, timed=5)
================================================================================
  Method                   ms/prob  pos_med(mm)  pos_p95(mm)  rot_med(rad)  rot_p95(rad)     success   gpu_pk(%)  gpu_avg(%)  vram_pk(MB)
  --------------------------------------------------------------------------------------------------------------------------------
  LS-JAX-BATCH               2.663      0.1337      0.2744      0.0002      0.0005     255/256        100%         98%       19070

================================================================================
Sequential results — COLLISION-FREE IK  (N=32, timed=5)
  Scene: /home/sadmin/Work/pyroffi/resources/bench_env_large_panda.json
  Obstacles: 9 spheres + 0 cuboids
  coll_free: solutions with min signed dist > 0 (all links clear of all obstacles)
================================================================================
  Method                 t_med(ms)   t_p95(ms)  pos_med(mm)  pos_p95(mm)  rot_med(rad)  rot_p95(rad)     success   coll_free
  --------------------------------------------------------------------------------------------------------------------
  LS-JAX                   186.760     186.773      0.3036     85.2285      0.0004      0.2433       20/32       32/32

================================================================================
Batch results — COLLISION-FREE IK  (N=256, timed=5)
================================================================================
  Method                   ms/prob  pos_med(mm)  pos_p95(mm)  rot_med(rad)  rot_p95(rad)     success   coll_free   gpu_pk(%)  gpu_avg(%)  vram_pk(MB)
  --------------------------------------------------------------------------------------------------------------------------------------------
  LS-JAX                    53.694      0.2345     95.2165      0.0004      0.2348     158/256     256/256        100%        100%       19078

Results appended to /home/sadmin/Work/pyroffi/resources/bench_ik_results.csv

2026-09-07 15:34:16.491 | INFO     | pyroffi.collision._robot_collision:from_urdf:701 - Created RobotCollision with 13 links and 39 active self-collision pairs, using spherical collision models.
================================================================================
IK benchmark: LS-CUDA  (robot=panda, n_targets=32, n_timed=5)
GPU monitoring: enabled (pynvml)
================================================================================

Loading robot ...
  URDF: /home/sadmin/Work/pyroffi/resources/panda/panda_spherized.urdf
  7 actuated joints, target link: 'panda_hand'
  Fixed joints: []

Setting up collision environment ...
  Using SRDF disabled pairs: /home/sadmin/Work/pyroffi/resources/panda/panda.srdf (36 pairs)
  Loaded environment from /home/sadmin/Work/pyroffi/resources/bench_env_large.json, filtered for panda -> /home/sadmin/Work/pyroffi/resources/bench_env_large_panda.json
  Obstacles: 9 spheres + 0 cuboids

Generating target poses (seq=32, batch=256) ...
  wrote cuRobo target sidecar: /home/sadmin/Work/pyroffi/resources/bench_ik_targets_panda.npz
Warming up LS-CUDA ...
Warming up LS-CUDA-COLL ...
Warming up LS-CUDA-BATCH ...
Warming up LS-CUDA-COLL-BATCH ...

────────────────────────────────────────────────────────────────────────────────
Sequential evaluation (per-problem latency) ...
────────────────────────────────────────────────────────────────────────────────
  Running LS-CUDA ...

────────────────────────────────────────────────────────────────────────────────
Sequential evaluation — collision-free IK ...
────────────────────────────────────────────────────────────────────────────────
  Running LS-CUDA-COLL ...

────────────────────────────────────────────────────────────────────────────────
Batch evaluation (all targets in one kernel launch) ...
────────────────────────────────────────────────────────────────────────────────
  Running LS-CUDA-BATCH ...

────────────────────────────────────────────────────────────────────────────────
Batch evaluation — collision-free IK ...
────────────────────────────────────────────────────────────────────────────────
  Running LS-CUDA-COLL-BATCH ...

================================================================================
Sequential results — per-problem latency  (N=32, timed=5)
================================================================================
  Method                 t_med(ms)   t_p95(ms)  pos_med(mm)  pos_p95(mm)  rot_med(rad)  rot_p95(rad)     success
  --------------------------------------------------------------------------------------------------------
  LS-CUDA                   23.432      23.532      0.0001      0.0002      0.0000      0.0000       31/32

================================================================================
Batch results — effective per-problem time  (N=256, timed=5)
================================================================================
  Method                   ms/prob  pos_med(mm)  pos_p95(mm)  rot_med(rad)  rot_p95(rad)     success   gpu_pk(%)  gpu_avg(%)  vram_pk(MB)
  --------------------------------------------------------------------------------------------------------------------------------
  LS-CUDA-BATCH              0.133      0.0001      0.0002      0.0000      0.0000     255/256         99%         64%       19754

================================================================================
Sequential results — COLLISION-FREE IK  (N=32, timed=5)
  Scene: /home/sadmin/Work/pyroffi/resources/bench_env_large_panda.json
  Obstacles: 9 spheres + 0 cuboids
  coll_free: solutions with min signed dist > 0 (all links clear of all obstacles)
================================================================================
  Method                 t_med(ms)   t_p95(ms)  pos_med(mm)  pos_p95(mm)  rot_med(rad)  rot_p95(rad)     success   coll_free
  --------------------------------------------------------------------------------------------------------------------
  LS-CUDA                  313.656     331.271      1.2459    211.5234      0.0110      0.7318       16/32       32/32

================================================================================
Batch results — COLLISION-FREE IK  (N=256, timed=5)
================================================================================
  Method                   ms/prob  pos_med(mm)  pos_p95(mm)  rot_med(rad)  rot_p95(rad)     success   coll_free   gpu_pk(%)  gpu_avg(%)  vram_pk(MB)
  --------------------------------------------------------------------------------------------------------------------------------------------
  LS-CUDA                    1.680      0.0002    144.7733      0.0000      0.4523     146/256     256/256        100%         98%       19754

Results appended to /home/sadmin/Work/pyroffi/resources/bench_ik_results.csv

2026-09-07 15:39:29.547 | INFO     | pyroffi.collision._robot_collision:from_urdf:701 - Created RobotCollision with 13 links and 39 active self-collision pairs, using spherical collision models.
================================================================================
IK benchmark: SQP-JAX  (robot=panda, n_targets=32, n_timed=5)
GPU monitoring: enabled (pynvml)
================================================================================

Loading robot ...
  URDF: /home/sadmin/Work/pyroffi/resources/panda/panda_spherized.urdf
  7 actuated joints, target link: 'panda_hand'
  Fixed joints: []

Setting up collision environment ...
  Using SRDF disabled pairs: /home/sadmin/Work/pyroffi/resources/panda/panda.srdf (36 pairs)
  Loaded environment from /home/sadmin/Work/pyroffi/resources/bench_env_large.json, filtered for panda -> /home/sadmin/Work/pyroffi/resources/bench_env_large_panda.json
  Obstacles: 9 spheres + 0 cuboids

Generating target poses (seq=32, batch=256) ...
  wrote cuRobo target sidecar: /home/sadmin/Work/pyroffi/resources/bench_ik_targets_panda.npz
Warming up SQP-JAX ...
Warming up SQP-JAX-COLL ...
Warming up SQP-JAX-BATCH ...
Warming up SQP-JAX-COLL-BATCH ...

────────────────────────────────────────────────────────────────────────────────
Sequential evaluation (per-problem latency) ...
────────────────────────────────────────────────────────────────────────────────
  Running SQP-JAX ...

────────────────────────────────────────────────────────────────────────────────
Sequential evaluation — collision-free IK ...
────────────────────────────────────────────────────────────────────────────────
  Running SQP-JAX-COLL ...

────────────────────────────────────────────────────────────────────────────────
Batch evaluation (all targets in one kernel launch) ...
────────────────────────────────────────────────────────────────────────────────
  Running SQP-JAX-BATCH ...

────────────────────────────────────────────────────────────────────────────────
Batch evaluation — collision-free IK ...
────────────────────────────────────────────────────────────────────────────────
  Running SQP-JAX-COLL-BATCH ...

================================================================================
Sequential results — per-problem latency  (N=32, timed=5)
================================================================================
  Method                 t_med(ms)   t_p95(ms)  pos_med(mm)  pos_p95(mm)  rot_med(rad)  rot_p95(rad)     success
  --------------------------------------------------------------------------------------------------------
  SQP-JAX                  115.930     115.952      0.1356      0.2208      0.0002      0.0004       32/32

================================================================================
Batch results — effective per-problem time  (N=256, timed=5)
================================================================================
  Method                   ms/prob  pos_med(mm)  pos_p95(mm)  rot_med(rad)  rot_p95(rad)     success   gpu_pk(%)  gpu_avg(%)  vram_pk(MB)
  --------------------------------------------------------------------------------------------------------------------------------
  SQP-JAX-BATCH              2.763      0.1313      0.2491      0.0002      0.0004     256/256        100%         98%       19070

================================================================================
Sequential results — COLLISION-FREE IK  (N=32, timed=5)
  Scene: /home/sadmin/Work/pyroffi/resources/bench_env_large_panda.json
  Obstacles: 9 spheres + 0 cuboids
  coll_free: solutions with min signed dist > 0 (all links clear of all obstacles)
================================================================================
  Method                 t_med(ms)   t_p95(ms)  pos_med(mm)  pos_p95(mm)  rot_med(rad)  rot_p95(rad)     success   coll_free
  --------------------------------------------------------------------------------------------------------------------
  SQP-JAX                  200.543     200.566      0.1922     37.9605      0.0003      0.1637       22/32       32/32

================================================================================
Batch results — COLLISION-FREE IK  (N=256, timed=5)
================================================================================
  Method                   ms/prob  pos_med(mm)  pos_p95(mm)  rot_med(rad)  rot_p95(rad)     success   coll_free   gpu_pk(%)  gpu_avg(%)  vram_pk(MB)
  --------------------------------------------------------------------------------------------------------------------------------------------
  SQP-JAX                   53.810      0.2243     72.0138      0.0003      0.1527     171/256     256/256        100%        100%       19078

Results appended to /home/sadmin/Work/pyroffi/resources/bench_ik_results.csv

2026-09-07 15:52:48.034 | INFO     | pyroffi.collision._robot_collision:from_urdf:701 - Created RobotCollision with 13 links and 39 active self-collision pairs, using spherical collision models.
================================================================================
IK benchmark: SQP-CUDA  (robot=panda, n_targets=32, n_timed=5)
GPU monitoring: enabled (pynvml)
================================================================================

Loading robot ...
  URDF: /home/sadmin/Work/pyroffi/resources/panda/panda_spherized.urdf
  7 actuated joints, target link: 'panda_hand'
  Fixed joints: []

Setting up collision environment ...
  Using SRDF disabled pairs: /home/sadmin/Work/pyroffi/resources/panda/panda.srdf (36 pairs)
  Loaded environment from /home/sadmin/Work/pyroffi/resources/bench_env_large.json, filtered for panda -> /home/sadmin/Work/pyroffi/resources/bench_env_large_panda.json
  Obstacles: 9 spheres + 0 cuboids

Generating target poses (seq=32, batch=256) ...
  wrote cuRobo target sidecar: /home/sadmin/Work/pyroffi/resources/bench_ik_targets_panda.npz
Warming up SQP-CUDA ...
Warming up SQP-CUDA-COLL ...
Warming up SQP-CUDA-BATCH ...
Warming up SQP-CUDA-COLL-BATCH ...

────────────────────────────────────────────────────────────────────────────────
Sequential evaluation (per-problem latency) ...
────────────────────────────────────────────────────────────────────────────────
  Running SQP-CUDA ...

────────────────────────────────────────────────────────────────────────────────
Sequential evaluation — collision-free IK ...
────────────────────────────────────────────────────────────────────────────────
  Running SQP-CUDA-COLL ...

────────────────────────────────────────────────────────────────────────────────
Batch evaluation (all targets in one kernel launch) ...
────────────────────────────────────────────────────────────────────────────────
  Running SQP-CUDA-BATCH ...

────────────────────────────────────────────────────────────────────────────────
Batch evaluation — collision-free IK ...
────────────────────────────────────────────────────────────────────────────────
  Running SQP-CUDA-COLL-BATCH ...

================================================================================
Sequential results — per-problem latency  (N=32, timed=5)
================================================================================
  Method                 t_med(ms)   t_p95(ms)  pos_med(mm)  pos_p95(mm)  rot_med(rad)  rot_p95(rad)     success
  --------------------------------------------------------------------------------------------------------
  SQP-CUDA                  38.316      38.714      0.0001      0.0002      0.0000      0.0000       32/32

================================================================================
Batch results — effective per-problem time  (N=256, timed=5)
================================================================================
  Method                   ms/prob  pos_med(mm)  pos_p95(mm)  rot_med(rad)  rot_p95(rad)     success   gpu_pk(%)  gpu_avg(%)  vram_pk(MB)
  --------------------------------------------------------------------------------------------------------------------------------
  SQP-CUDA-BATCH             0.205      0.0001      0.0002      0.0000      0.0000     256/256        100%         77%       21778

================================================================================
Sequential results — COLLISION-FREE IK  (N=32, timed=5)
  Scene: /home/sadmin/Work/pyroffi/resources/bench_env_large_panda.json
  Obstacles: 9 spheres + 0 cuboids
  coll_free: solutions with min signed dist > 0 (all links clear of all obstacles)
================================================================================
  Method                 t_med(ms)   t_p95(ms)  pos_med(mm)  pos_p95(mm)  rot_med(rad)  rot_p95(rad)     success   coll_free
  --------------------------------------------------------------------------------------------------------------------
  SQP-CUDA                  73.871      74.067      0.0343    428.6611      0.0001      0.8341       20/32       32/32

================================================================================
Batch results — COLLISION-FREE IK  (N=256, timed=5)
================================================================================
  Method                   ms/prob  pos_med(mm)  pos_p95(mm)  rot_med(rad)  rot_p95(rad)     success   coll_free   gpu_pk(%)  gpu_avg(%)  vram_pk(MB)
  --------------------------------------------------------------------------------------------------------------------------------------------
  SQP-CUDA                   0.651      0.1480    254.8062      0.0003      1.0647     164/256     255/256        100%         97%       21784

Results appended to /home/sadmin/Work/pyroffi/resources/bench_ik_results.csv

2026-09-07 15:54:56.661 | INFO     | pyroffi.collision._robot_collision:from_urdf:701 - Created RobotCollision with 13 links and 39 active self-collision pairs, using spherical collision models.
================================================================================
IK benchmark: MPPI-JAX  (robot=panda, n_targets=32, n_timed=5)
GPU monitoring: enabled (pynvml)
================================================================================

Loading robot ...
  URDF: /home/sadmin/Work/pyroffi/resources/panda/panda_spherized.urdf
  7 actuated joints, target link: 'panda_hand'
  Fixed joints: []

Setting up collision environment ...
  Using SRDF disabled pairs: /home/sadmin/Work/pyroffi/resources/panda/panda.srdf (36 pairs)
  Loaded environment from /home/sadmin/Work/pyroffi/resources/bench_env_large.json, filtered for panda -> /home/sadmin/Work/pyroffi/resources/bench_env_large_panda.json
  Obstacles: 9 spheres + 0 cuboids

Generating target poses (seq=32, batch=256) ...
  wrote cuRobo target sidecar: /home/sadmin/Work/pyroffi/resources/bench_ik_targets_panda.npz
Warming up MPPI-JAX ...
Warming up MPPI-JAX-COLL ...
Warming up MPPI-JAX-BATCH ...
Warming up MPPI-JAX-COLL-BATCH ...

────────────────────────────────────────────────────────────────────────────────
Sequential evaluation (per-problem latency) ...
────────────────────────────────────────────────────────────────────────────────
  Running MPPI-JAX ...

────────────────────────────────────────────────────────────────────────────────
Sequential evaluation — collision-free IK ...
────────────────────────────────────────────────────────────────────────────────
  Running MPPI-JAX-COLL ...

────────────────────────────────────────────────────────────────────────────────
Batch evaluation (all targets in one kernel launch) ...
────────────────────────────────────────────────────────────────────────────────
  Running MPPI-JAX-BATCH ...

────────────────────────────────────────────────────────────────────────────────
Batch evaluation — collision-free IK ...
────────────────────────────────────────────────────────────────────────────────
  Running MPPI-JAX-COLL-BATCH ...

================================================================================
Sequential results — per-problem latency  (N=32, timed=5)
================================================================================
  Method                 t_med(ms)   t_p95(ms)  pos_med(mm)  pos_p95(mm)  rot_med(rad)  rot_p95(rad)     success
  --------------------------------------------------------------------------------------------------------
  MPPI-JAX                  47.197      47.232      0.0197      1.2988      0.0001      0.0034       30/32

================================================================================
Batch results — effective per-problem time  (N=256, timed=5)
================================================================================
  Method                   ms/prob  pos_med(mm)  pos_p95(mm)  rot_med(rad)  rot_p95(rad)     success   gpu_pk(%)  gpu_avg(%)  vram_pk(MB)
  --------------------------------------------------------------------------------------------------------------------------------
  MPPI-JAX-BATCH             0.680      0.0102      0.4006      0.0001      0.0018     249/256        100%         95%       19076

================================================================================
Sequential results — COLLISION-FREE IK  (N=32, timed=5)
  Scene: /home/sadmin/Work/pyroffi/resources/bench_env_large_panda.json
  Obstacles: 9 spheres + 0 cuboids
  coll_free: solutions with min signed dist > 0 (all links clear of all obstacles)
================================================================================
  Method                 t_med(ms)   t_p95(ms)  pos_med(mm)  pos_p95(mm)  rot_med(rad)  rot_p95(rad)     success   coll_free
  --------------------------------------------------------------------------------------------------------------------
  MPPI-JAX                  71.049      71.076      0.3736     32.2038      0.0013      0.0693       19/32       32/32

================================================================================
Batch results — COLLISION-FREE IK  (N=256, timed=5)
================================================================================
  Method                   ms/prob  pos_med(mm)  pos_p95(mm)  rot_med(rad)  rot_p95(rad)     success   coll_free   gpu_pk(%)  gpu_avg(%)  vram_pk(MB)
  --------------------------------------------------------------------------------------------------------------------------------------------
  MPPI-JAX                   5.335      0.2339     72.1732      0.0012      0.1515     148/256     256/256        100%         99%       19088

Results appended to /home/sadmin/Work/pyroffi/resources/bench_ik_results.csv

2026-09-07 15:58:27.480 | INFO     | pyroffi.collision._robot_collision:from_urdf:701 - Created RobotCollision with 13 links and 39 active self-collision pairs, using spherical collision models.
================================================================================
IK benchmark: MPPI-CUDA  (robot=panda, n_targets=32, n_timed=5)
GPU monitoring: enabled (pynvml)
================================================================================

Loading robot ...
  URDF: /home/sadmin/Work/pyroffi/resources/panda/panda_spherized.urdf
  7 actuated joints, target link: 'panda_hand'
  Fixed joints: []

Setting up collision environment ...
  Using SRDF disabled pairs: /home/sadmin/Work/pyroffi/resources/panda/panda.srdf (36 pairs)
  Loaded environment from /home/sadmin/Work/pyroffi/resources/bench_env_large.json, filtered for panda -> /home/sadmin/Work/pyroffi/resources/bench_env_large_panda.json
  Obstacles: 9 spheres + 0 cuboids

Generating target poses (seq=32, batch=256) ...
  wrote cuRobo target sidecar: /home/sadmin/Work/pyroffi/resources/bench_ik_targets_panda.npz
Warming up MPPI-CUDA ...
Warming up MPPI-CUDA-COLL ...
Warming up MPPI-CUDA-BATCH ...
Warming up MPPI-CUDA-COLL-BATCH ...

────────────────────────────────────────────────────────────────────────────────
Sequential evaluation (per-problem latency) ...
────────────────────────────────────────────────────────────────────────────────
  Running MPPI-CUDA ...

────────────────────────────────────────────────────────────────────────────────
Sequential evaluation — collision-free IK ...
────────────────────────────────────────────────────────────────────────────────
  Running MPPI-CUDA-COLL ...

────────────────────────────────────────────────────────────────────────────────
Batch evaluation (all targets in one kernel launch) ...
────────────────────────────────────────────────────────────────────────────────
  Running MPPI-CUDA-BATCH ...

────────────────────────────────────────────────────────────────────────────────
Batch evaluation — collision-free IK ...
────────────────────────────────────────────────────────────────────────────────
  Running MPPI-CUDA-COLL-BATCH ...

================================================================================
Sequential results — per-problem latency  (N=32, timed=5)
================================================================================
  Method                 t_med(ms)   t_p95(ms)  pos_med(mm)  pos_p95(mm)  rot_med(rad)  rot_p95(rad)     success
  --------------------------------------------------------------------------------------------------------
  MPPI-CUDA                  8.777       8.938      0.0025      0.1176      0.0000      0.0007       31/32

================================================================================
Batch results — effective per-problem time  (N=256, timed=5)
================================================================================
  Method                   ms/prob  pos_med(mm)  pos_p95(mm)  rot_med(rad)  rot_p95(rad)     success   gpu_pk(%)  gpu_avg(%)  vram_pk(MB)
  --------------------------------------------------------------------------------------------------------------------------------
  MPPI-CUDA-BATCH            0.053      0.0007      0.2352      0.0000      0.0011     252/256         99%         39%       20152

================================================================================
Sequential results — COLLISION-FREE IK  (N=32, timed=5)
  Scene: /home/sadmin/Work/pyroffi/resources/bench_env_large_panda.json
  Obstacles: 9 spheres + 0 cuboids
  coll_free: solutions with min signed dist > 0 (all links clear of all obstacles)
================================================================================
  Method                 t_med(ms)   t_p95(ms)  pos_med(mm)  pos_p95(mm)  rot_med(rad)  rot_p95(rad)     success   coll_free
  --------------------------------------------------------------------------------------------------------------------
  MPPI-CUDA                119.962     120.785      0.1861     97.5424      0.0010      0.3896       19/32       32/32

================================================================================
Batch results — COLLISION-FREE IK  (N=256, timed=5)
================================================================================
  Method                   ms/prob  pos_med(mm)  pos_p95(mm)  rot_med(rad)  rot_p95(rad)     success   coll_free   gpu_pk(%)  gpu_avg(%)  vram_pk(MB)
  --------------------------------------------------------------------------------------------------------------------------------------------
  MPPI-CUDA                  0.060      0.0711    322.4835      0.0004      1.0801     175/256     245/256         20%         20%       20154

Results appended to /home/sadmin/Work/pyroffi/resources/bench_ik_results.csv

2026-09-07 16:00:44.746 | INFO     | pyroffi.collision._robot_collision:from_urdf:701 - Created RobotCollision with 13 links and 39 active self-collision pairs, using spherical collision models.
================================================================================
IK benchmark: Analytic-JAX  (robot=panda, n_targets=32, n_timed=5)
GPU monitoring: enabled (pynvml)
================================================================================

Loading robot ...
  URDF: /home/sadmin/Work/pyroffi/resources/panda/panda_spherized.urdf
  7 actuated joints, target link: 'panda_hand'
  Fixed joints: []

Setting up collision environment ...
  Using SRDF disabled pairs: /home/sadmin/Work/pyroffi/resources/panda/panda.srdf (36 pairs)
  Loaded environment from /home/sadmin/Work/pyroffi/resources/bench_env_large.json, filtered for panda -> /home/sadmin/Work/pyroffi/resources/bench_env_large_panda.json
  Obstacles: 9 spheres + 0 cuboids

Generating target poses (seq=32, batch=256) ...
  wrote cuRobo target sidecar: /home/sadmin/Work/pyroffi/resources/bench_ik_targets_panda.npz

────────────────────────────────────────────────────────────────────────────────
Sequential evaluation (per-problem latency) ...
────────────────────────────────────────────────────────────────────────────────

────────────────────────────────────────────────────────────────────────────────
Sequential evaluation — collision-free IK ...
────────────────────────────────────────────────────────────────────────────────

────────────────────────────────────────────────────────────────────────────────
Batch evaluation (all targets in one kernel launch) ...
────────────────────────────────────────────────────────────────────────────────

────────────────────────────────────────────────────────────────────────────────
Batch evaluation — collision-free IK ...
────────────────────────────────────────────────────────────────────────────────

================================================================================
Sequential results — per-problem latency  (N=32, timed=5)
================================================================================
  Method                 t_med(ms)   t_p95(ms)  pos_med(mm)  pos_p95(mm)  rot_med(rad)  rot_p95(rad)     success
  --------------------------------------------------------------------------------------------------------

================================================================================
Batch results — effective per-problem time  (N=256, timed=5)
================================================================================
  Method                   ms/prob  pos_med(mm)  pos_p95(mm)  rot_med(rad)  rot_p95(rad)     success   gpu_pk(%)  gpu_avg(%)  vram_pk(MB)
  --------------------------------------------------------------------------------------------------------------------------------

================================================================================
Sequential results — COLLISION-FREE IK  (N=32, timed=5)
  Scene: /home/sadmin/Work/pyroffi/resources/bench_env_large_panda.json
  Obstacles: 9 spheres + 0 cuboids
  coll_free: solutions with min signed dist > 0 (all links clear of all obstacles)
================================================================================
  Method                 t_med(ms)   t_p95(ms)  pos_med(mm)  pos_p95(mm)  rot_med(rad)  rot_p95(rad)     success   coll_free
  --------------------------------------------------------------------------------------------------------------------

================================================================================
Batch results — COLLISION-FREE IK  (N=256, timed=5)
================================================================================
  Method                   ms/prob  pos_med(mm)  pos_p95(mm)  rot_med(rad)  rot_p95(rad)     success   coll_free   gpu_pk(%)  gpu_avg(%)  vram_pk(MB)
  --------------------------------------------------------------------------------------------------------------------------------------------

Results appended to /home/sadmin/Work/pyroffi/resources/bench_ik_results.csv

2026-09-07 16:00:52.161 | INFO     | pyroffi.collision._robot_collision:from_urdf:701 - Created RobotCollision with 13 links and 39 active self-collision pairs, using spherical collision models.
================================================================================
IK benchmark: Analytic-CUDA  (robot=panda, n_targets=32, n_timed=5)
GPU monitoring: enabled (pynvml)
================================================================================

Loading robot ...
  URDF: /home/sadmin/Work/pyroffi/resources/panda/panda_spherized.urdf
  7 actuated joints, target link: 'panda_hand'
  Fixed joints: []

Setting up collision environment ...
  Using SRDF disabled pairs: /home/sadmin/Work/pyroffi/resources/panda/panda.srdf (36 pairs)
  Loaded environment from /home/sadmin/Work/pyroffi/resources/bench_env_large.json, filtered for panda -> /home/sadmin/Work/pyroffi/resources/bench_env_large_panda.json
  Obstacles: 9 spheres + 0 cuboids

Generating target poses (seq=32, batch=256) ...
  wrote cuRobo target sidecar: /home/sadmin/Work/pyroffi/resources/bench_ik_targets_panda.npz

────────────────────────────────────────────────────────────────────────────────
Sequential evaluation (per-problem latency) ...
────────────────────────────────────────────────────────────────────────────────

────────────────────────────────────────────────────────────────────────────────
Sequential evaluation — collision-free IK ...
────────────────────────────────────────────────────────────────────────────────

────────────────────────────────────────────────────────────────────────────────
Batch evaluation (all targets in one kernel launch) ...
────────────────────────────────────────────────────────────────────────────────

────────────────────────────────────────────────────────────────────────────────
Batch evaluation — collision-free IK ...
────────────────────────────────────────────────────────────────────────────────

================================================================================
Sequential results — per-problem latency  (N=32, timed=5)
================================================================================
  Method                 t_med(ms)   t_p95(ms)  pos_med(mm)  pos_p95(mm)  rot_med(rad)  rot_p95(rad)     success
  --------------------------------------------------------------------------------------------------------

================================================================================
Batch results — effective per-problem time  (N=256, timed=5)
================================================================================
  Method                   ms/prob  pos_med(mm)  pos_p95(mm)  rot_med(rad)  rot_p95(rad)     success   gpu_pk(%)  gpu_avg(%)  vram_pk(MB)
  --------------------------------------------------------------------------------------------------------------------------------

================================================================================
Sequential results — COLLISION-FREE IK  (N=32, timed=5)
  Scene: /home/sadmin/Work/pyroffi/resources/bench_env_large_panda.json
  Obstacles: 9 spheres + 0 cuboids
  coll_free: solutions with min signed dist > 0 (all links clear of all obstacles)
================================================================================
  Method                 t_med(ms)   t_p95(ms)  pos_med(mm)  pos_p95(mm)  rot_med(rad)  rot_p95(rad)     success   coll_free
  --------------------------------------------------------------------------------------------------------------------

================================================================================
Batch results — COLLISION-FREE IK  (N=256, timed=5)
================================================================================
  Method                   ms/prob  pos_med(mm)  pos_p95(mm)  rot_med(rad)  rot_p95(rad)     success   coll_free   gpu_pk(%)  gpu_avg(%)  vram_pk(MB)
  --------------------------------------------------------------------------------------------------------------------------------------------

Results appended to /home/sadmin/Work/pyroffi/resources/bench_ik_results.csv

2026-09-07 16:00:59.469 | INFO     | pyroffi.collision._robot_collision:from_urdf:701 - Created RobotCollision with 13 links and 39 active self-collision pairs, using spherical collision models.
================================================================================
IK benchmark: Learned-JAX  (robot=panda, n_targets=32, n_timed=5)
GPU monitoring: enabled (pynvml)
================================================================================

Loading robot ...
  URDF: /home/sadmin/Work/pyroffi/resources/panda/panda_spherized.urdf
  7 actuated joints, target link: 'panda_hand'
  Fixed joints: []

Setting up collision environment ...
  Using SRDF disabled pairs: /home/sadmin/Work/pyroffi/resources/panda/panda.srdf (36 pairs)
  Loaded environment from /home/sadmin/Work/pyroffi/resources/bench_env_large.json, filtered for panda -> /home/sadmin/Work/pyroffi/resources/bench_env_large_panda.json
  Obstacles: 9 spheres + 0 cuboids

Learned-IK model not found at /home/sadmin/Work/pyroffi/resources/learned_ik/panda.pkl
  Run: python train_learned_ik.py --robot panda
  Learned-IK rows will be skipped in the benchmark.

Generating target poses (seq=32, batch=256) ...
  wrote cuRobo target sidecar: /home/sadmin/Work/pyroffi/resources/bench_ik_targets_panda.npz

────────────────────────────────────────────────────────────────────────────────
Sequential evaluation (per-problem latency) ...
────────────────────────────────────────────────────────────────────────────────

────────────────────────────────────────────────────────────────────────────────
Sequential evaluation — collision-free IK ...
────────────────────────────────────────────────────────────────────────────────

────────────────────────────────────────────────────────────────────────────────
Batch evaluation (all targets in one kernel launch) ...
────────────────────────────────────────────────────────────────────────────────

────────────────────────────────────────────────────────────────────────────────
Batch evaluation — collision-free IK ...
────────────────────────────────────────────────────────────────────────────────

================================================================================
Sequential results — per-problem latency  (N=32, timed=5)
================================================================================
  Method                 t_med(ms)   t_p95(ms)  pos_med(mm)  pos_p95(mm)  rot_med(rad)  rot_p95(rad)     success
  --------------------------------------------------------------------------------------------------------

================================================================================
Batch results — effective per-problem time  (N=256, timed=5)
================================================================================
  Method                   ms/prob  pos_med(mm)  pos_p95(mm)  rot_med(rad)  rot_p95(rad)     success   gpu_pk(%)  gpu_avg(%)  vram_pk(MB)
  --------------------------------------------------------------------------------------------------------------------------------

================================================================================
Sequential results — COLLISION-FREE IK  (N=32, timed=5)
  Scene: /home/sadmin/Work/pyroffi/resources/bench_env_large_panda.json
  Obstacles: 9 spheres + 0 cuboids
  coll_free: solutions with min signed dist > 0 (all links clear of all obstacles)
================================================================================
  Method                 t_med(ms)   t_p95(ms)  pos_med(mm)  pos_p95(mm)  rot_med(rad)  rot_p95(rad)     success   coll_free
  --------------------------------------------------------------------------------------------------------------------

================================================================================
Batch results — COLLISION-FREE IK  (N=256, timed=5)
================================================================================
  Method                   ms/prob  pos_med(mm)  pos_p95(mm)  rot_med(rad)  rot_p95(rad)     success   coll_free   gpu_pk(%)  gpu_avg(%)  vram_pk(MB)
  --------------------------------------------------------------------------------------------------------------------------------------------

Results appended to /home/sadmin/Work/pyroffi/resources/bench_ik_results.csv

2026-09-07 16:01:04.760 | INFO     | jaxls._py310._problem:analyze:126 - Building optimization problem with 2 terms and 1 variables: 2 costs, 0 eq_zero, 0 leq_zero, 0 geq_zero
2026-09-07 16:01:04.853 | INFO     | jaxls._py310._problem:analyze:234 - Vectorizing group with 1 costs, 1 variables each: pose_residual
2026-09-07 16:01:04.872 | INFO     | jaxls._py310._problem:analyze:234 - Vectorizing group with 1 costs, 1 variables each: limit_residual
2026-09-07 16:01:04.882 | INFO     | jaxls._py310._problem:analyze:312 - Variable elimination: variable IDs are traced; solves will not use elimination
2026-09-07 16:01:13.210 | INFO     | pyroffi.collision._robot_collision:from_urdf:701 - Created RobotCollision with 13 links and 39 active self-collision pairs, using spherical collision models.
2026-09-07 16:03:03.643 | INFO     | jaxls._py310._problem:analyze:126 - Building optimization problem with 3 terms and 1 variables: 3 costs, 0 eq_zero, 0 leq_zero, 0 geq_zero
2026-09-07 16:03:03.652 | INFO     | jaxls._py310._problem:analyze:234 - Vectorizing group with 1 costs, 1 variables each: pose_residual
2026-09-07 16:03:03.659 | INFO     | jaxls._py310._problem:analyze:234 - Vectorizing group with 1 costs, 1 variables each: limit_residual
2026-09-07 16:03:03.695 | INFO     | jaxls._py310._problem:analyze:234 - Vectorizing group with 1 costs, 1 variables each: pyroki_collision_penalty
2026-09-07 16:03:03.704 | INFO     | jaxls._py310._problem:analyze:312 - Variable elimination: variable IDs are traced; solves will not use elimination
================================================================================
IK benchmark: PyRoKi-LS  (robot=panda, n_targets=32, n_timed=5)
GPU monitoring: enabled (pynvml)
================================================================================

Loading robot ...
  URDF: /home/sadmin/Work/pyroffi/resources/panda/panda_spherized.urdf
  7 actuated joints, target link: 'panda_hand'
  Fixed joints: []

Setting up PyRoKi solvers (LS + AnalyticJac) ...
  Warming up PyRoKi-LS (JIT compile) ...
  PyRoKi-LS ready.

Setting up collision environment ...
  Using SRDF disabled pairs: /home/sadmin/Work/pyroffi/resources/panda/panda.srdf (36 pairs)
  Loaded environment from /home/sadmin/Work/pyroffi/resources/bench_env_large.json, filtered for panda -> /home/sadmin/Work/pyroffi/resources/bench_env_large_panda.json
  Obstacles: 9 spheres + 0 cuboids
  Setting up collision-aware PyRoKi-LS ...

Generating target poses (seq=32, batch=256) ...
  wrote cuRobo target sidecar: /home/sadmin/Work/pyroffi/resources/bench_ik_targets_panda.npz
Warming up PyRoKi-LS-BATCH ...

────────────────────────────────────────────────────────────────────────────────
Sequential evaluation (per-problem latency) ...
────────────────────────────────────────────────────────────────────────────────
  Running PyRoKi-LS ...

────────────────────────────────────────────────────────────────────────────────
Sequential evaluation — collision-free IK ...
────────────────────────────────────────────────────────────────────────────────
  Running PyRoKi-LS-COLL ...

────────────────────────────────────────────────────────────────────────────────
Batch evaluation (all targets in one kernel launch) ...
────────────────────────────────────────────────────────────────────────────────
  Running PyRoKi-LS-BATCH ...

────────────────────────────────────────────────────────────────────────────────
Batch evaluation — collision-free IK ...
────────────────────────────────────────────────────────────────────────────────
  Running PyRoKi-LS-COLL-BATCH ...

================================================================================
Sequential results — per-problem latency  (N=32, timed=5)
================================================================================
  Method                 t_med(ms)   t_p95(ms)  pos_med(mm)  pos_p95(mm)  rot_med(rad)  rot_p95(rad)     success
  --------------------------------------------------------------------------------------------------------
  PyRoKi-LS                483.976     524.470      0.0001      0.0002      0.0000      0.0000       32/32

================================================================================
Batch results — effective per-problem time  (N=256, timed=5)
================================================================================
  Method                   ms/prob  pos_med(mm)  pos_p95(mm)  rot_med(rad)  rot_p95(rad)     success   gpu_pk(%)  gpu_avg(%)  vram_pk(MB)
  --------------------------------------------------------------------------------------------------------------------------------
  PyRoKi-LS-BATCH           14.452      0.0001      0.0002      0.0000      0.0000     256/256         99%         96%       19064

================================================================================
Sequential results — COLLISION-FREE IK  (N=32, timed=5)
  Scene: /home/sadmin/Work/pyroffi/resources/bench_env_large_panda.json
  Obstacles: 9 spheres + 0 cuboids
  coll_free: solutions with min signed dist > 0 (all links clear of all obstacles)
================================================================================
  Method                 t_med(ms)   t_p95(ms)  pos_med(mm)  pos_p95(mm)  rot_med(rad)  rot_p95(rad)     success   coll_free
  --------------------------------------------------------------------------------------------------------------------
  PyRoKi-LS                631.659     743.344      0.0147     23.2387      0.0000      0.0580       23/32       32/32

================================================================================
Batch results — COLLISION-FREE IK  (N=256, timed=5)
================================================================================
  Method                   ms/prob  pos_med(mm)  pos_p95(mm)  rot_med(rad)  rot_p95(rad)     success   coll_free   gpu_pk(%)  gpu_avg(%)  vram_pk(MB)
  --------------------------------------------------------------------------------------------------------------------------------------------
  PyRoKi-LS                 29.245      0.0040     54.8095      0.0000      0.1839     177/256     256/256         99%         99%       19066

Results appended to /home/sadmin/Work/pyroffi/resources/bench_ik_results.csv

2026-09-07 16:06:33.536 | INFO     | jaxls._py310._problem:analyze:126 - Building optimization problem with 2 terms and 1 variables: 2 costs, 0 eq_zero, 0 leq_zero, 0 geq_zero
2026-09-07 16:06:33.557 | INFO     | jaxls._py310._problem:analyze:234 - Vectorizing group with 1 costs, 1 variables each: limit_residual
2026-09-07 16:06:33.654 | INFO     | jaxls._py310._problem:analyze:234 - Vectorizing group with 1 costs, 1 variables each: _pose_cost_analytical_jac
2026-09-07 16:06:33.665 | INFO     | jaxls._py310._problem:analyze:312 - Variable elimination: variable IDs are traced; solves will not use elimination
2026-09-07 16:06:40.172 | INFO     | pyroffi.collision._robot_collision:from_urdf:701 - Created RobotCollision with 13 links and 39 active self-collision pairs, using spherical collision models.
2026-09-07 16:08:04.111 | INFO     | jaxls._py310._problem:analyze:126 - Building optimization problem with 3 terms and 1 variables: 3 costs, 0 eq_zero, 0 leq_zero, 0 geq_zero
2026-09-07 16:08:04.149 | INFO     | jaxls._py310._problem:analyze:234 - Vectorizing group with 1 costs, 1 variables each: pyroki_collision_penalty
2026-09-07 16:08:04.158 | INFO     | jaxls._py310._problem:analyze:234 - Vectorizing group with 1 costs, 1 variables each: pose_residual
2026-09-07 16:08:04.267 | INFO     | jaxls._py310._problem:analyze:234 - Vectorizing group with 1 costs, 1 variables each: limit_residual
2026-09-07 16:08:04.276 | INFO     | jaxls._py310._problem:analyze:312 - Variable elimination: variable IDs are traced; solves will not use elimination
================================================================================
IK benchmark: PyRoKi-AnalyticJac  (robot=panda, n_targets=32, n_timed=5)
GPU monitoring: enabled (pynvml)
================================================================================

Loading robot ...
  URDF: /home/sadmin/Work/pyroffi/resources/panda/panda_spherized.urdf
  7 actuated joints, target link: 'panda_hand'
  Fixed joints: []

Setting up PyRoKi solvers (LS + AnalyticJac) ...
  Warming up PyRoKi-AnalyticJac (JIT compile) ...
  PyRoKi-AnalyticJac ready.

Setting up collision environment ...
  Using SRDF disabled pairs: /home/sadmin/Work/pyroffi/resources/panda/panda.srdf (36 pairs)
  Loaded environment from /home/sadmin/Work/pyroffi/resources/bench_env_large.json, filtered for panda -> /home/sadmin/Work/pyroffi/resources/bench_env_large_panda.json
  Obstacles: 9 spheres + 0 cuboids
  Setting up collision-aware PyRoKi-AnalyticJac ...

Generating target poses (seq=32, batch=256) ...
  wrote cuRobo target sidecar: /home/sadmin/Work/pyroffi/resources/bench_ik_targets_panda.npz
Warming up PyRoKi-AnalyticJac-BATCH ...

────────────────────────────────────────────────────────────────────────────────
Sequential evaluation (per-problem latency) ...
────────────────────────────────────────────────────────────────────────────────
  Running PyRoKi-AnalyticJac ...

────────────────────────────────────────────────────────────────────────────────
Sequential evaluation — collision-free IK ...
────────────────────────────────────────────────────────────────────────────────
  Running PyRoKi-AnalyticJac-COLL ...

────────────────────────────────────────────────────────────────────────────────
Batch evaluation (all targets in one kernel launch) ...
────────────────────────────────────────────────────────────────────────────────
  Running PyRoKi-AnalyticJac-BATCH ...

────────────────────────────────────────────────────────────────────────────────
Batch evaluation — collision-free IK ...
────────────────────────────────────────────────────────────────────────────────
  Running PyRoKi-AnalyticJac-COLL-BATCH ...

================================================================================
Sequential results — per-problem latency  (N=32, timed=5)
================================================================================
  Method                 t_med(ms)   t_p95(ms)  pos_med(mm)  pos_p95(mm)  rot_med(rad)  rot_p95(rad)     success
  --------------------------------------------------------------------------------------------------------
  PyRoKi-AnalyticJac       390.556     427.021      0.0001      0.0002      0.0000      0.0000       32/32

================================================================================
Batch results — effective per-problem time  (N=256, timed=5)
================================================================================
  Method                   ms/prob  pos_med(mm)  pos_p95(mm)  rot_med(rad)  rot_p95(rad)     success   gpu_pk(%)  gpu_avg(%)  vram_pk(MB)
  --------------------------------------------------------------------------------------------------------------------------------
  PyRoKi-AnalyticJac-BATCH       6.430      0.0001      0.0002      0.0000      0.0000     256/256         97%         93%       19060

================================================================================
Sequential results — COLLISION-FREE IK  (N=32, timed=5)
  Scene: /home/sadmin/Work/pyroffi/resources/bench_env_large_panda.json
  Obstacles: 9 spheres + 0 cuboids
  coll_free: solutions with min signed dist > 0 (all links clear of all obstacles)
================================================================================
  Method                 t_med(ms)   t_p95(ms)  pos_med(mm)  pos_p95(mm)  rot_med(rad)  rot_p95(rad)     success   coll_free
  --------------------------------------------------------------------------------------------------------------------
  PyRoKi-AnalyticJac       603.297     707.478      0.0147     22.9606      0.0000      0.0723       23/32       32/32

================================================================================
Batch results — COLLISION-FREE IK  (N=256, timed=5)
================================================================================
  Method                   ms/prob  pos_med(mm)  pos_p95(mm)  rot_med(rad)  rot_p95(rad)     success   coll_free   gpu_pk(%)  gpu_avg(%)  vram_pk(MB)
  --------------------------------------------------------------------------------------------------------------------------------------------
  PyRoKi-AnalyticJac        28.549      0.0038     59.2204      0.0000      0.1816     177/256     255/256         99%         98%       19064

Results appended to /home/sadmin/Work/pyroffi/resources/bench_ik_results.csv

2026-09-07 16:11:27.408 | INFO     | pyroffi.collision._robot_collision:from_urdf:701 - Created RobotCollision with 13 links and 39 active self-collision pairs, using spherical collision models.
================================================================================
IK benchmark: QuIK-CPU  (robot=panda, n_targets=32, n_timed=5)
GPU monitoring: enabled (pynvml)
================================================================================

Loading robot ...
  URDF: /home/sadmin/Work/pyroffi/resources/panda/panda_spherized.urdf
  7 actuated joints, target link: 'panda_hand'
  Fixed joints: []

Setting up QuIK CPU solver (POE->DH + cricket JIT) ...
  QuIK ready (dof=7, CPU).

Setting up collision environment ...
  Using SRDF disabled pairs: /home/sadmin/Work/pyroffi/resources/panda/panda.srdf (36 pairs)
  Loaded environment from /home/sadmin/Work/pyroffi/resources/bench_env_large.json, filtered for panda -> /home/sadmin/Work/pyroffi/resources/bench_env_large_panda.json
  Obstacles: 9 spheres + 0 cuboids
  Setting up collision-aware QuIK (VAMP MPPI seed projection) ...
  Collision-aware QuIK ready.

Generating target poses (seq=32, batch=256) ...
  wrote cuRobo target sidecar: /home/sadmin/Work/pyroffi/resources/bench_ik_targets_panda.npz

────────────────────────────────────────────────────────────────────────────────
Sequential evaluation (per-problem latency) ...
────────────────────────────────────────────────────────────────────────────────
  Running QuIK-CPU ...

────────────────────────────────────────────────────────────────────────────────
Sequential evaluation — collision-free IK ...
────────────────────────────────────────────────────────────────────────────────
  Running QuIK-CPU-COLL ...

────────────────────────────────────────────────────────────────────────────────
Batch evaluation (all targets in one kernel launch) ...
────────────────────────────────────────────────────────────────────────────────
  Running QuIK-CPU-BATCH ...

────────────────────────────────────────────────────────────────────────────────
Batch evaluation — collision-free IK ...
────────────────────────────────────────────────────────────────────────────────
  Running QuIK-CPU-COLL-BATCH ...

================================================================================
Sequential results — per-problem latency  (N=32, timed=5)
================================================================================
  Method                 t_med(ms)   t_p95(ms)  pos_med(mm)  pos_p95(mm)  rot_med(rad)  rot_p95(rad)     success
  --------------------------------------------------------------------------------------------------------
  QuIK-CPU                   2.910       3.359      0.0002      0.0003      0.0000      0.0000       32/32

================================================================================
Batch results — effective per-problem time  (N=256, timed=5)
================================================================================
  Method                   ms/prob  pos_med(mm)  pos_p95(mm)  rot_med(rad)  rot_p95(rad)     success   gpu_pk(%)  gpu_avg(%)  vram_pk(MB)
  --------------------------------------------------------------------------------------------------------------------------------
  QuIK-CPU-BATCH             0.045      0.0002      0.0003      0.0000      0.0000     256/256         n/a         n/a         n/a

================================================================================
Sequential results — COLLISION-FREE IK  (N=32, timed=5)
  Scene: /home/sadmin/Work/pyroffi/resources/bench_env_large_panda.json
  Obstacles: 9 spheres + 0 cuboids
  coll_free: solutions with min signed dist > 0 (all links clear of all obstacles)
================================================================================
  Method                 t_med(ms)   t_p95(ms)  pos_med(mm)  pos_p95(mm)  rot_med(rad)  rot_p95(rad)     success   coll_free
  --------------------------------------------------------------------------------------------------------------------
  QuIK-CPU                  13.399      14.258      0.0001      0.0003      0.0000      0.0000       32/32       28/32

================================================================================
Batch results — COLLISION-FREE IK  (N=256, timed=5)
================================================================================
  Method                   ms/prob  pos_med(mm)  pos_p95(mm)  rot_med(rad)  rot_p95(rad)     success   coll_free   gpu_pk(%)  gpu_avg(%)  vram_pk(MB)
  --------------------------------------------------------------------------------------------------------------------------------------------
  QuIK-CPU                   0.220      0.0002      0.0003      0.0000      0.0000     256/256     207/256         n/a         n/a         n/a

Results appended to /home/sadmin/Work/pyroffi/resources/bench_ik_results.csv

No EE provided, using distal link `panda_grasptarget`.
2026-09-07 16:11:40.527 | DEBUG    | pyroffi._robot_urdf_parser:_get_T_parent_joint:662 - Joint 'torso_lift_collision_2_joint' has no origin, assuming identity transform.
2026-09-07 16:11:40.800 | WARNING  | pyroffi._robot:from_urdf:149 - Dynamics unavailable for this URDF: URDF provides no <inertial> data; dynamics quantities would be degenerate.
2026-09-07 16:11:40.811 | DEBUG    | pyroffi._robot_urdf_parser:_get_T_parent_joint:662 - Joint 'torso_lift_collision_2_joint' has no origin, assuming identity transform.
2026-09-07 16:11:43.744 | INFO     | pyroffi.collision._robot_collision:from_urdf:701 - Created RobotCollision with 17 links and 62 active self-collision pairs, using spherical collision models.
================================================================================
IK benchmark: HJCD-JAX  (robot=fetch, n_targets=32, n_timed=5)
GPU monitoring: enabled (pynvml)
================================================================================

Loading robot ...
  URDF: /home/sadmin/Work/pyroffi/resources/fetch/fetch_spherized.urdf
  8 actuated joints, target link: 'gripper_link'
  Fixed joints: []

Setting up collision environment ...
  Using SRDF disabled pairs: /home/sadmin/Work/pyroffi/resources/fetch/fetch.srdf (162 pairs)
  fetch: dropped 3 obstacle(s) permanently intersecting a fixed link: ['sphere_3', 'sphere_7', 'sphere_8']
  Loaded environment from /home/sadmin/Work/pyroffi/resources/bench_env_large.json, filtered for fetch -> /home/sadmin/Work/pyroffi/resources/bench_env_large_fetch.json
  Obstacles: 6 spheres + 0 cuboids

Generating target poses (seq=32, batch=256) ...
Warming up HJCD-JAX ...
Warming up HJCD-JAX-COLL ...
Warming up HJCD-JAX-BATCH ...
Warming up HJCD-JAX-COLL-BATCH ...

────────────────────────────────────────────────────────────────────────────────
Sequential evaluation (per-problem latency) ...
────────────────────────────────────────────────────────────────────────────────
  Running HJCD-JAX ...

────────────────────────────────────────────────────────────────────────────────
Sequential evaluation — collision-free IK ...
────────────────────────────────────────────────────────────────────────────────
  Running HJCD-JAX-COLL ...

────────────────────────────────────────────────────────────────────────────────
Batch evaluation (all targets in one kernel launch) ...
────────────────────────────────────────────────────────────────────────────────
  Running HJCD-JAX-BATCH ...

────────────────────────────────────────────────────────────────────────────────
Batch evaluation — collision-free IK ...
────────────────────────────────────────────────────────────────────────────────
  Running HJCD-JAX-COLL-BATCH ...

================================================================================
Sequential results — per-problem latency  (N=32, timed=5)
================================================================================
  Method                 t_med(ms)   t_p95(ms)  pos_med(mm)  pos_p95(mm)  rot_med(rad)  rot_p95(rad)     success
  --------------------------------------------------------------------------------------------------------
  HJCD-JAX                 145.532     145.558      0.2104      1.0918      0.0002      0.0007       30/32

================================================================================
Batch results — effective per-problem time  (N=256, timed=5)
================================================================================
  Method                   ms/prob  pos_med(mm)  pos_p95(mm)  rot_med(rad)  rot_p95(rad)     success   gpu_pk(%)  gpu_avg(%)  vram_pk(MB)
  --------------------------------------------------------------------------------------------------------------------------------
  HJCD-JAX-BATCH             4.254      0.1886      0.5709      0.0002      0.0005     249/256        100%         98%       19086

================================================================================
Sequential results — COLLISION-FREE IK  (N=32, timed=5)
  Scene: /home/sadmin/Work/pyroffi/resources/bench_env_large_fetch.json
  Obstacles: 6 spheres + 0 cuboids
  coll_free: solutions with min signed dist > 0 (all links clear of all obstacles)
================================================================================
  Method                 t_med(ms)   t_p95(ms)  pos_med(mm)  pos_p95(mm)  rot_med(rad)  rot_p95(rad)     success   coll_free
  --------------------------------------------------------------------------------------------------------------------
  HJCD-JAX                 228.489     228.516      2.5893    179.8764      0.0036      0.1110        7/32       32/32

================================================================================
Batch results — COLLISION-FREE IK  (N=256, timed=5)
================================================================================
  Method                   ms/prob  pos_med(mm)  pos_p95(mm)  rot_med(rad)  rot_p95(rad)     success   coll_free   gpu_pk(%)  gpu_avg(%)  vram_pk(MB)
  --------------------------------------------------------------------------------------------------------------------------------------------
  HJCD-JAX                  63.135      1.5339    136.8813      0.0020      0.0988      94/256     256/256        100%        100%       19311

Results appended to /home/sadmin/Work/pyroffi/resources/bench_ik_results.csv

2026-09-07 16:27:44.071 | DEBUG    | pyroffi._robot_urdf_parser:_get_T_parent_joint:662 - Joint 'torso_lift_collision_2_joint' has no origin, assuming identity transform.
2026-09-07 16:27:44.345 | WARNING  | pyroffi._robot:from_urdf:149 - Dynamics unavailable for this URDF: URDF provides no <inertial> data; dynamics quantities would be degenerate.
2026-09-07 16:27:44.356 | DEBUG    | pyroffi._robot_urdf_parser:_get_T_parent_joint:662 - Joint 'torso_lift_collision_2_joint' has no origin, assuming identity transform.
2026-09-07 16:27:47.305 | INFO     | pyroffi.collision._robot_collision:from_urdf:701 - Created RobotCollision with 17 links and 62 active self-collision pairs, using spherical collision models.
================================================================================
IK benchmark: HJCD-CUDA  (robot=fetch, n_targets=32, n_timed=5)
GPU monitoring: enabled (pynvml)
================================================================================

Loading robot ...
  URDF: /home/sadmin/Work/pyroffi/resources/fetch/fetch_spherized.urdf
  8 actuated joints, target link: 'gripper_link'
  Fixed joints: []

Setting up collision environment ...
  Using SRDF disabled pairs: /home/sadmin/Work/pyroffi/resources/fetch/fetch.srdf (162 pairs)
  fetch: dropped 3 obstacle(s) permanently intersecting a fixed link: ['sphere_3', 'sphere_7', 'sphere_8']
  Loaded environment from /home/sadmin/Work/pyroffi/resources/bench_env_large.json, filtered for fetch -> /home/sadmin/Work/pyroffi/resources/bench_env_large_fetch.json
  Obstacles: 6 spheres + 0 cuboids

Generating target poses (seq=32, batch=256) ...
Warming up HJCD-CUDA ...
Warming up HJCD-CUDA-COLL ...
Warming up HJCD-CUDA-BATCH ...
Warming up HJCD-CUDA-COLL-BATCH ...

────────────────────────────────────────────────────────────────────────────────
Sequential evaluation (per-problem latency) ...
────────────────────────────────────────────────────────────────────────────────
  Running HJCD-CUDA ...

────────────────────────────────────────────────────────────────────────────────
Sequential evaluation — collision-free IK ...
────────────────────────────────────────────────────────────────────────────────
  Running HJCD-CUDA-COLL ...

────────────────────────────────────────────────────────────────────────────────
Batch evaluation (all targets in one kernel launch) ...
────────────────────────────────────────────────────────────────────────────────
  Running HJCD-CUDA-BATCH ...

────────────────────────────────────────────────────────────────────────────────
Batch evaluation — collision-free IK ...
────────────────────────────────────────────────────────────────────────────────
  Running HJCD-CUDA-COLL-BATCH ...

================================================================================
Sequential results — per-problem latency  (N=32, timed=5)
================================================================================
  Method                 t_med(ms)   t_p95(ms)  pos_med(mm)  pos_p95(mm)  rot_med(rad)  rot_p95(rad)     success
  --------------------------------------------------------------------------------------------------------
  HJCD-CUDA                 22.894      23.028      0.0926      0.9671      0.0000      0.0012       30/32

================================================================================
Batch results — effective per-problem time  (N=256, timed=5)
================================================================================
  Method                   ms/prob  pos_med(mm)  pos_p95(mm)  rot_med(rad)  rot_p95(rad)     success   gpu_pk(%)  gpu_avg(%)  vram_pk(MB)
  --------------------------------------------------------------------------------------------------------------------------------
  HJCD-CUDA-BATCH            0.129      0.1010      0.4821      0.0000      0.0002     250/256        100%         54%       19844

================================================================================
Sequential results — COLLISION-FREE IK  (N=32, timed=5)
  Scene: /home/sadmin/Work/pyroffi/resources/bench_env_large_fetch.json
  Obstacles: 6 spheres + 0 cuboids
  coll_free: solutions with min signed dist > 0 (all links clear of all obstacles)
================================================================================
  Method                 t_med(ms)   t_p95(ms)  pos_med(mm)  pos_p95(mm)  rot_med(rad)  rot_p95(rad)     success   coll_free
  --------------------------------------------------------------------------------------------------------------------
  HJCD-CUDA                156.169     156.445      0.3761    126.0141      0.0005      0.1810       19/32       30/32

================================================================================
Batch results — COLLISION-FREE IK  (N=256, timed=5)
================================================================================
  Method                   ms/prob  pos_med(mm)  pos_p95(mm)  rot_med(rad)  rot_p95(rad)     success   coll_free   gpu_pk(%)  gpu_avg(%)  vram_pk(MB)
  --------------------------------------------------------------------------------------------------------------------------------------------
  HJCD-CUDA                  4.671      0.2856    110.7984      0.0003      0.4827     188/256     245/256        100%         99%       19852

Results appended to /home/sadmin/Work/pyroffi/resources/bench_ik_results.csv

2026-09-07 16:31:37.769 | DEBUG    | pyroffi._robot_urdf_parser:_get_T_parent_joint:662 - Joint 'torso_lift_collision_2_joint' has no origin, assuming identity transform.
2026-09-07 16:31:38.044 | WARNING  | pyroffi._robot:from_urdf:149 - Dynamics unavailable for this URDF: URDF provides no <inertial> data; dynamics quantities would be degenerate.
2026-09-07 16:31:38.055 | DEBUG    | pyroffi._robot_urdf_parser:_get_T_parent_joint:662 - Joint 'torso_lift_collision_2_joint' has no origin, assuming identity transform.
2026-09-07 16:31:41.029 | INFO     | pyroffi.collision._robot_collision:from_urdf:701 - Created RobotCollision with 17 links and 62 active self-collision pairs, using spherical collision models.
================================================================================
IK benchmark: LS-JAX  (robot=fetch, n_targets=32, n_timed=5)
GPU monitoring: enabled (pynvml)
================================================================================

Loading robot ...
  URDF: /home/sadmin/Work/pyroffi/resources/fetch/fetch_spherized.urdf
  8 actuated joints, target link: 'gripper_link'
  Fixed joints: []

Setting up collision environment ...
  Using SRDF disabled pairs: /home/sadmin/Work/pyroffi/resources/fetch/fetch.srdf (162 pairs)
  fetch: dropped 3 obstacle(s) permanently intersecting a fixed link: ['sphere_3', 'sphere_7', 'sphere_8']
  Loaded environment from /home/sadmin/Work/pyroffi/resources/bench_env_large.json, filtered for fetch -> /home/sadmin/Work/pyroffi/resources/bench_env_large_fetch.json
  Obstacles: 6 spheres + 0 cuboids

Generating target poses (seq=32, batch=256) ...
Warming up LS-JAX ...
Warming up LS-JAX-COLL ...
Warming up LS-JAX-BATCH ...
Warming up LS-JAX-COLL-BATCH ...

────────────────────────────────────────────────────────────────────────────────
Sequential evaluation (per-problem latency) ...
────────────────────────────────────────────────────────────────────────────────
  Running LS-JAX ...

────────────────────────────────────────────────────────────────────────────────
Sequential evaluation — collision-free IK ...
────────────────────────────────────────────────────────────────────────────────
  Running LS-JAX-COLL ...

────────────────────────────────────────────────────────────────────────────────
Batch evaluation (all targets in one kernel launch) ...
────────────────────────────────────────────────────────────────────────────────
  Running LS-JAX-BATCH ...

────────────────────────────────────────────────────────────────────────────────
Batch evaluation — collision-free IK ...
────────────────────────────────────────────────────────────────────────────────
  Running LS-JAX-COLL-BATCH ...

================================================================================
Sequential results — per-problem latency  (N=32, timed=5)
================================================================================
  Method                 t_med(ms)   t_p95(ms)  pos_med(mm)  pos_p95(mm)  rot_med(rad)  rot_p95(rad)     success
  --------------------------------------------------------------------------------------------------------
  LS-JAX                   128.505     128.534      0.1698      0.3518      0.0002      0.0004       32/32

================================================================================
Batch results — effective per-problem time  (N=256, timed=5)
================================================================================
  Method                   ms/prob  pos_med(mm)  pos_p95(mm)  rot_med(rad)  rot_p95(rad)     success   gpu_pk(%)  gpu_avg(%)  vram_pk(MB)
  --------------------------------------------------------------------------------------------------------------------------------
  LS-JAX-BATCH               3.547      0.1955      0.4081      0.0002      0.0004     256/256        100%         98%       19070

================================================================================
Sequential results — COLLISION-FREE IK  (N=32, timed=5)
  Scene: /home/sadmin/Work/pyroffi/resources/bench_env_large_fetch.json
  Obstacles: 6 spheres + 0 cuboids
  coll_free: solutions with min signed dist > 0 (all links clear of all obstacles)
================================================================================
  Method                 t_med(ms)   t_p95(ms)  pos_med(mm)  pos_p95(mm)  rot_med(rad)  rot_p95(rad)     success   coll_free
  --------------------------------------------------------------------------------------------------------------------
  LS-JAX                   258.056     258.079      0.3045     68.4712      0.0005      0.2574       19/32       32/32

================================================================================
Batch results — COLLISION-FREE IK  (N=256, timed=5)
================================================================================
  Method                   ms/prob  pos_med(mm)  pos_p95(mm)  rot_med(rad)  rot_p95(rad)     success   coll_free   gpu_pk(%)  gpu_avg(%)  vram_pk(MB)
  --------------------------------------------------------------------------------------------------------------------------------------------
  LS-JAX                    98.311      0.2839     68.7754      0.0003      0.2380     185/256     256/256        100%        100%       19076

Results appended to /home/sadmin/Work/pyroffi/resources/bench_ik_results.csv

2026-09-07 16:52:28.910 | DEBUG    | pyroffi._robot_urdf_parser:_get_T_parent_joint:662 - Joint 'torso_lift_collision_2_joint' has no origin, assuming identity transform.
2026-09-07 16:52:29.192 | WARNING  | pyroffi._robot:from_urdf:149 - Dynamics unavailable for this URDF: URDF provides no <inertial> data; dynamics quantities would be degenerate.
2026-09-07 16:52:29.203 | DEBUG    | pyroffi._robot_urdf_parser:_get_T_parent_joint:662 - Joint 'torso_lift_collision_2_joint' has no origin, assuming identity transform.
2026-09-07 16:52:32.221 | INFO     | pyroffi.collision._robot_collision:from_urdf:701 - Created RobotCollision with 17 links and 62 active self-collision pairs, using spherical collision models.
================================================================================
IK benchmark: LS-CUDA  (robot=fetch, n_targets=32, n_timed=5)
GPU monitoring: enabled (pynvml)
================================================================================

Loading robot ...
  URDF: /home/sadmin/Work/pyroffi/resources/fetch/fetch_spherized.urdf
  8 actuated joints, target link: 'gripper_link'
  Fixed joints: []

Setting up collision environment ...
  Using SRDF disabled pairs: /home/sadmin/Work/pyroffi/resources/fetch/fetch.srdf (162 pairs)
  fetch: dropped 3 obstacle(s) permanently intersecting a fixed link: ['sphere_3', 'sphere_7', 'sphere_8']
  Loaded environment from /home/sadmin/Work/pyroffi/resources/bench_env_large.json, filtered for fetch -> /home/sadmin/Work/pyroffi/resources/bench_env_large_fetch.json
  Obstacles: 6 spheres + 0 cuboids

Generating target poses (seq=32, batch=256) ...
Warming up LS-CUDA ...
Warming up LS-CUDA-COLL ...
Warming up LS-CUDA-BATCH ...
Warming up LS-CUDA-COLL-BATCH ...

────────────────────────────────────────────────────────────────────────────────
Sequential evaluation (per-problem latency) ...
────────────────────────────────────────────────────────────────────────────────
  Running LS-CUDA ...

────────────────────────────────────────────────────────────────────────────────
Sequential evaluation — collision-free IK ...
────────────────────────────────────────────────────────────────────────────────
  Running LS-CUDA-COLL ...

────────────────────────────────────────────────────────────────────────────────
Batch evaluation (all targets in one kernel launch) ...
────────────────────────────────────────────────────────────────────────────────
  Running LS-CUDA-BATCH ...

────────────────────────────────────────────────────────────────────────────────
Batch evaluation — collision-free IK ...
────────────────────────────────────────────────────────────────────────────────
  Running LS-CUDA-COLL-BATCH ...

================================================================================
Sequential results — per-problem latency  (N=32, timed=5)
================================================================================
  Method                 t_med(ms)   t_p95(ms)  pos_med(mm)  pos_p95(mm)  rot_med(rad)  rot_p95(rad)     success
  --------------------------------------------------------------------------------------------------------
  LS-CUDA                   30.680      30.937      0.0001      0.0003      0.0000      0.0000       32/32

================================================================================
Batch results — effective per-problem time  (N=256, timed=5)
================================================================================
  Method                   ms/prob  pos_med(mm)  pos_p95(mm)  rot_med(rad)  rot_p95(rad)     success   gpu_pk(%)  gpu_avg(%)  vram_pk(MB)
  --------------------------------------------------------------------------------------------------------------------------------
  LS-CUDA-BATCH              0.171      0.0001      0.0004      0.0000      0.0000     254/256        100%         78%       19766

================================================================================
Sequential results — COLLISION-FREE IK  (N=32, timed=5)
  Scene: /home/sadmin/Work/pyroffi/resources/bench_env_large_fetch.json
  Obstacles: 6 spheres + 0 cuboids
  coll_free: solutions with min signed dist > 0 (all links clear of all obstacles)
================================================================================
  Method                 t_med(ms)   t_p95(ms)  pos_med(mm)  pos_p95(mm)  rot_med(rad)  rot_p95(rad)     success   coll_free
  --------------------------------------------------------------------------------------------------------------------
  LS-CUDA                  717.169     734.617      0.0002    144.9376      0.0000      0.2382       21/32       32/32

================================================================================
Batch results — COLLISION-FREE IK  (N=256, timed=5)
================================================================================
  Method                   ms/prob  pos_med(mm)  pos_p95(mm)  rot_med(rad)  rot_p95(rad)     success   coll_free   gpu_pk(%)  gpu_avg(%)  vram_pk(MB)
  --------------------------------------------------------------------------------------------------------------------------------------------
  LS-CUDA                    3.287      0.0001    131.6846      0.0000      0.3818     197/256     256/256        100%         99%       19766

Results appended to /home/sadmin/Work/pyroffi/resources/bench_ik_results.csv

2026-09-07 17:03:42.964 | DEBUG    | pyroffi._robot_urdf_parser:_get_T_parent_joint:662 - Joint 'torso_lift_collision_2_joint' has no origin, assuming identity transform.
2026-09-07 17:03:43.244 | WARNING  | pyroffi._robot:from_urdf:149 - Dynamics unavailable for this URDF: URDF provides no <inertial> data; dynamics quantities would be degenerate.
2026-09-07 17:03:43.257 | DEBUG    | pyroffi._robot_urdf_parser:_get_T_parent_joint:662 - Joint 'torso_lift_collision_2_joint' has no origin, assuming identity transform.
2026-09-07 17:03:46.216 | INFO     | pyroffi.collision._robot_collision:from_urdf:701 - Created RobotCollision with 17 links and 62 active self-collision pairs, using spherical collision models.
================================================================================
IK benchmark: SQP-JAX  (robot=fetch, n_targets=32, n_timed=5)
GPU monitoring: enabled (pynvml)
================================================================================

Loading robot ...
  URDF: /home/sadmin/Work/pyroffi/resources/fetch/fetch_spherized.urdf
  8 actuated joints, target link: 'gripper_link'
  Fixed joints: []

Setting up collision environment ...
  Using SRDF disabled pairs: /home/sadmin/Work/pyroffi/resources/fetch/fetch.srdf (162 pairs)
  fetch: dropped 3 obstacle(s) permanently intersecting a fixed link: ['sphere_3', 'sphere_7', 'sphere_8']
  Loaded environment from /home/sadmin/Work/pyroffi/resources/bench_env_large.json, filtered for fetch -> /home/sadmin/Work/pyroffi/resources/bench_env_large_fetch.json
  Obstacles: 6 spheres + 0 cuboids

Generating target poses (seq=32, batch=256) ...
Warming up SQP-JAX ...
Warming up SQP-JAX-COLL ...
Warming up SQP-JAX-BATCH ...
Warming up SQP-JAX-COLL-BATCH ...

────────────────────────────────────────────────────────────────────────────────
Sequential evaluation (per-problem latency) ...
────────────────────────────────────────────────────────────────────────────────
  Running SQP-JAX ...

────────────────────────────────────────────────────────────────────────────────
Sequential evaluation — collision-free IK ...
────────────────────────────────────────────────────────────────────────────────
  Running SQP-JAX-COLL ...

────────────────────────────────────────────────────────────────────────────────
Batch evaluation (all targets in one kernel launch) ...
────────────────────────────────────────────────────────────────────────────────
  Running SQP-JAX-BATCH ...

────────────────────────────────────────────────────────────────────────────────
Batch evaluation — collision-free IK ...
────────────────────────────────────────────────────────────────────────────────
  Running SQP-JAX-COLL-BATCH ...

================================================================================
Sequential results — per-problem latency  (N=32, timed=5)
================================================================================
  Method                 t_med(ms)   t_p95(ms)  pos_med(mm)  pos_p95(mm)  rot_med(rad)  rot_p95(rad)     success
  --------------------------------------------------------------------------------------------------------
  SQP-JAX                  142.330     142.381      0.1993      0.3824      0.0002      0.0004       32/32

================================================================================
Batch results — effective per-problem time  (N=256, timed=5)
================================================================================
  Method                   ms/prob  pos_med(mm)  pos_p95(mm)  rot_med(rad)  rot_p95(rad)     success   gpu_pk(%)  gpu_avg(%)  vram_pk(MB)
  --------------------------------------------------------------------------------------------------------------------------------
  SQP-JAX-BATCH              3.696      0.1789      0.3978      0.0002      0.0004     256/256        100%         98%       19070

================================================================================
Sequential results — COLLISION-FREE IK  (N=32, timed=5)
  Scene: /home/sadmin/Work/pyroffi/resources/bench_env_large_fetch.json
  Obstacles: 6 spheres + 0 cuboids
  coll_free: solutions with min signed dist > 0 (all links clear of all obstacles)
================================================================================
  Method                 t_med(ms)   t_p95(ms)  pos_med(mm)  pos_p95(mm)  rot_med(rad)  rot_p95(rad)     success   coll_free
  --------------------------------------------------------------------------------------------------------------------
  SQP-JAX                  272.791     272.829      0.2334     43.9366      0.0004      0.1633       23/32       32/32

================================================================================
Batch results — COLLISION-FREE IK  (N=256, timed=5)
================================================================================
  Method                   ms/prob  pos_med(mm)  pos_p95(mm)  rot_med(rad)  rot_p95(rad)     success   coll_free   gpu_pk(%)  gpu_avg(%)  vram_pk(MB)
  --------------------------------------------------------------------------------------------------------------------------------------------
  SQP-JAX                   98.199      0.2383     31.2901      0.0003      0.1346     205/256     256/256        100%        100%       19287

Results appended to /home/sadmin/Work/pyroffi/resources/bench_ik_results.csv

2026-09-07 17:24:59.095 | DEBUG    | pyroffi._robot_urdf_parser:_get_T_parent_joint:662 - Joint 'torso_lift_collision_2_joint' has no origin, assuming identity transform.
2026-09-07 17:24:59.457 | WARNING  | pyroffi._robot:from_urdf:149 - Dynamics unavailable for this URDF: URDF provides no <inertial> data; dynamics quantities would be degenerate.
2026-09-07 17:24:59.484 | DEBUG    | pyroffi._robot_urdf_parser:_get_T_parent_joint:662 - Joint 'torso_lift_collision_2_joint' has no origin, assuming identity transform.
2026-09-07 17:25:02.523 | INFO     | pyroffi.collision._robot_collision:from_urdf:701 - Created RobotCollision with 17 links and 62 active self-collision pairs, using spherical collision models.
================================================================================
IK benchmark: SQP-CUDA  (robot=fetch, n_targets=32, n_timed=5)
GPU monitoring: enabled (pynvml)
================================================================================

Loading robot ...
  URDF: /home/sadmin/Work/pyroffi/resources/fetch/fetch_spherized.urdf
  8 actuated joints, target link: 'gripper_link'
  Fixed joints: []

Setting up collision environment ...
  Using SRDF disabled pairs: /home/sadmin/Work/pyroffi/resources/fetch/fetch.srdf (162 pairs)
  fetch: dropped 3 obstacle(s) permanently intersecting a fixed link: ['sphere_3', 'sphere_7', 'sphere_8']
  Loaded environment from /home/sadmin/Work/pyroffi/resources/bench_env_large.json, filtered for fetch -> /home/sadmin/Work/pyroffi/resources/bench_env_large_fetch.json
  Obstacles: 6 spheres + 0 cuboids

Generating target poses (seq=32, batch=256) ...
Warming up SQP-CUDA ...
Warming up SQP-CUDA-COLL ...
Warming up SQP-CUDA-BATCH ...
Warming up SQP-CUDA-COLL-BATCH ...

────────────────────────────────────────────────────────────────────────────────
Sequential evaluation (per-problem latency) ...
────────────────────────────────────────────────────────────────────────────────
  Running SQP-CUDA ...

────────────────────────────────────────────────────────────────────────────────
Sequential evaluation — collision-free IK ...
────────────────────────────────────────────────────────────────────────────────
  Running SQP-CUDA-COLL ...

────────────────────────────────────────────────────────────────────────────────
Batch evaluation (all targets in one kernel launch) ...
────────────────────────────────────────────────────────────────────────────────
  Running SQP-CUDA-BATCH ...

────────────────────────────────────────────────────────────────────────────────
Batch evaluation — collision-free IK ...
────────────────────────────────────────────────────────────────────────────────
  Running SQP-CUDA-COLL-BATCH ...

================================================================================
Sequential results — per-problem latency  (N=32, timed=5)
================================================================================
  Method                 t_med(ms)   t_p95(ms)  pos_med(mm)  pos_p95(mm)  rot_med(rad)  rot_p95(rad)     success
  --------------------------------------------------------------------------------------------------------
  SQP-CUDA                  51.083      52.302      0.0001      0.0003      0.0000      0.0000       32/32

================================================================================
Batch results — effective per-problem time  (N=256, timed=5)
================================================================================
  Method                   ms/prob  pos_med(mm)  pos_p95(mm)  rot_med(rad)  rot_p95(rad)     success   gpu_pk(%)  gpu_avg(%)  vram_pk(MB)
  --------------------------------------------------------------------------------------------------------------------------------
  SQP-CUDA-BATCH             0.284      0.0001      0.0003      0.0000      0.0000     256/256        100%         90%       21792

================================================================================
Sequential results — COLLISION-FREE IK  (N=32, timed=5)
  Scene: /home/sadmin/Work/pyroffi/resources/bench_env_large_fetch.json
  Obstacles: 6 spheres + 0 cuboids
  coll_free: solutions with min signed dist > 0 (all links clear of all obstacles)
================================================================================
  Method                 t_med(ms)   t_p95(ms)  pos_med(mm)  pos_p95(mm)  rot_med(rad)  rot_p95(rad)     success   coll_free
  --------------------------------------------------------------------------------------------------------------------
  SQP-CUDA                  94.819      95.692      0.0002     54.6851      0.0000      0.4490       23/32       28/32

================================================================================
Batch results — COLLISION-FREE IK  (N=256, timed=5)
================================================================================
  Method                   ms/prob  pos_med(mm)  pos_p95(mm)  rot_med(rad)  rot_p95(rad)     success   coll_free   gpu_pk(%)  gpu_avg(%)  vram_pk(MB)
  --------------------------------------------------------------------------------------------------------------------------------------------
  SQP-CUDA                   1.043      0.1595     45.6864      0.0002      0.2695     202/256     243/256        100%         98%       21796

Results appended to /home/sadmin/Work/pyroffi/resources/bench_ik_results.csv

2026-09-07 17:27:40.682 | DEBUG    | pyroffi._robot_urdf_parser:_get_T_parent_joint:662 - Joint 'torso_lift_collision_2_joint' has no origin, assuming identity transform.
2026-09-07 17:27:40.962 | WARNING  | pyroffi._robot:from_urdf:149 - Dynamics unavailable for this URDF: URDF provides no <inertial> data; dynamics quantities would be degenerate.
2026-09-07 17:27:40.974 | DEBUG    | pyroffi._robot_urdf_parser:_get_T_parent_joint:662 - Joint 'torso_lift_collision_2_joint' has no origin, assuming identity transform.
2026-09-07 17:27:43.959 | INFO     | pyroffi.collision._robot_collision:from_urdf:701 - Created RobotCollision with 17 links and 62 active self-collision pairs, using spherical collision models.
================================================================================
IK benchmark: MPPI-JAX  (robot=fetch, n_targets=32, n_timed=5)
GPU monitoring: enabled (pynvml)
================================================================================

Loading robot ...
  URDF: /home/sadmin/Work/pyroffi/resources/fetch/fetch_spherized.urdf
  8 actuated joints, target link: 'gripper_link'
  Fixed joints: []

Setting up collision environment ...
  Using SRDF disabled pairs: /home/sadmin/Work/pyroffi/resources/fetch/fetch.srdf (162 pairs)
  fetch: dropped 3 obstacle(s) permanently intersecting a fixed link: ['sphere_3', 'sphere_7', 'sphere_8']
  Loaded environment from /home/sadmin/Work/pyroffi/resources/bench_env_large.json, filtered for fetch -> /home/sadmin/Work/pyroffi/resources/bench_env_large_fetch.json
  Obstacles: 6 spheres + 0 cuboids

Generating target poses (seq=32, batch=256) ...
Warming up MPPI-JAX ...
Warming up MPPI-JAX-COLL ...
Warming up MPPI-JAX-BATCH ...
Warming up MPPI-JAX-COLL-BATCH ...

────────────────────────────────────────────────────────────────────────────────
Sequential evaluation (per-problem latency) ...
────────────────────────────────────────────────────────────────────────────────
  Running MPPI-JAX ...

────────────────────────────────────────────────────────────────────────────────
Sequential evaluation — collision-free IK ...
────────────────────────────────────────────────────────────────────────────────
  Running MPPI-JAX-COLL ...

────────────────────────────────────────────────────────────────────────────────
Batch evaluation (all targets in one kernel launch) ...
────────────────────────────────────────────────────────────────────────────────
  Running MPPI-JAX-BATCH ...

────────────────────────────────────────────────────────────────────────────────
Batch evaluation — collision-free IK ...
────────────────────────────────────────────────────────────────────────────────
  Running MPPI-JAX-COLL-BATCH ...

================================================================================
Sequential results — per-problem latency  (N=32, timed=5)
================================================================================
  Method                 t_med(ms)   t_p95(ms)  pos_med(mm)  pos_p95(mm)  rot_med(rad)  rot_p95(rad)     success
  --------------------------------------------------------------------------------------------------------
  MPPI-JAX                  58.350      58.393      0.0252      0.2565      0.0001      0.0015       32/32

================================================================================
Batch results — effective per-problem time  (N=256, timed=5)
================================================================================
  Method                   ms/prob  pos_med(mm)  pos_p95(mm)  rot_med(rad)  rot_p95(rad)     success   gpu_pk(%)  gpu_avg(%)  vram_pk(MB)
  --------------------------------------------------------------------------------------------------------------------------------
  MPPI-JAX-BATCH             0.898      0.0169      0.1945      0.0001      0.0011     255/256        100%         97%       19076

================================================================================
Sequential results — COLLISION-FREE IK  (N=32, timed=5)
  Scene: /home/sadmin/Work/pyroffi/resources/bench_env_large_fetch.json
  Obstacles: 6 spheres + 0 cuboids
  coll_free: solutions with min signed dist > 0 (all links clear of all obstacles)
================================================================================
  Method                 t_med(ms)   t_p95(ms)  pos_med(mm)  pos_p95(mm)  rot_med(rad)  rot_p95(rad)     success   coll_free
  --------------------------------------------------------------------------------------------------------------------
  MPPI-JAX                  89.623      89.647      0.1204     43.2130      0.0013      0.1673       21/32       32/32

================================================================================
Batch results — COLLISION-FREE IK  (N=256, timed=5)
================================================================================
  Method                   ms/prob  pos_med(mm)  pos_p95(mm)  rot_med(rad)  rot_p95(rad)     success   coll_free   gpu_pk(%)  gpu_avg(%)  vram_pk(MB)
  --------------------------------------------------------------------------------------------------------------------------------------------
  MPPI-JAX                   9.718      0.0693     30.7676      0.0005      0.1422     199/256     256/256        100%         99%       19088

Results appended to /home/sadmin/Work/pyroffi/resources/bench_ik_results.csv

2026-09-07 17:32:16.106 | DEBUG    | pyroffi._robot_urdf_parser:_get_T_parent_joint:662 - Joint 'torso_lift_collision_2_joint' has no origin, assuming identity transform.
2026-09-07 17:32:16.386 | WARNING  | pyroffi._robot:from_urdf:149 - Dynamics unavailable for this URDF: URDF provides no <inertial> data; dynamics quantities would be degenerate.
2026-09-07 17:32:16.397 | DEBUG    | pyroffi._robot_urdf_parser:_get_T_parent_joint:662 - Joint 'torso_lift_collision_2_joint' has no origin, assuming identity transform.
2026-09-07 17:32:19.376 | INFO     | pyroffi.collision._robot_collision:from_urdf:701 - Created RobotCollision with 17 links and 62 active self-collision pairs, using spherical collision models.
================================================================================
IK benchmark: MPPI-CUDA  (robot=fetch, n_targets=32, n_timed=5)
GPU monitoring: enabled (pynvml)
================================================================================

Loading robot ...
  URDF: /home/sadmin/Work/pyroffi/resources/fetch/fetch_spherized.urdf
  8 actuated joints, target link: 'gripper_link'
  Fixed joints: []

Setting up collision environment ...
  Using SRDF disabled pairs: /home/sadmin/Work/pyroffi/resources/fetch/fetch.srdf (162 pairs)
  fetch: dropped 3 obstacle(s) permanently intersecting a fixed link: ['sphere_3', 'sphere_7', 'sphere_8']
  Loaded environment from /home/sadmin/Work/pyroffi/resources/bench_env_large.json, filtered for fetch -> /home/sadmin/Work/pyroffi/resources/bench_env_large_fetch.json
  Obstacles: 6 spheres + 0 cuboids

Generating target poses (seq=32, batch=256) ...
Warming up MPPI-CUDA ...
Warming up MPPI-CUDA-COLL ...
Warming up MPPI-CUDA-BATCH ...
Warming up MPPI-CUDA-COLL-BATCH ...

────────────────────────────────────────────────────────────────────────────────
Sequential evaluation (per-problem latency) ...
────────────────────────────────────────────────────────────────────────────────
  Running MPPI-CUDA ...

────────────────────────────────────────────────────────────────────────────────
Sequential evaluation — collision-free IK ...
────────────────────────────────────────────────────────────────────────────────
  Running MPPI-CUDA-COLL ...

────────────────────────────────────────────────────────────────────────────────
Batch evaluation (all targets in one kernel launch) ...
────────────────────────────────────────────────────────────────────────────────
  Running MPPI-CUDA-BATCH ...

────────────────────────────────────────────────────────────────────────────────
Batch evaluation — collision-free IK ...
────────────────────────────────────────────────────────────────────────────────
  Running MPPI-CUDA-COLL-BATCH ...

================================================================================
Sequential results — per-problem latency  (N=32, timed=5)
================================================================================
  Method                 t_med(ms)   t_p95(ms)  pos_med(mm)  pos_p95(mm)  rot_med(rad)  rot_p95(rad)     success
  --------------------------------------------------------------------------------------------------------
  MPPI-CUDA                  9.940      10.100      0.0032      0.2687      0.0000      0.0006       32/32

================================================================================
Batch results — effective per-problem time  (N=256, timed=5)
================================================================================
  Method                   ms/prob  pos_med(mm)  pos_p95(mm)  rot_med(rad)  rot_p95(rad)     success   gpu_pk(%)  gpu_avg(%)  vram_pk(MB)
  --------------------------------------------------------------------------------------------------------------------------------
  MPPI-CUDA-BATCH            0.061      0.0039      0.2207      0.0000      0.0013     253/256         99%         31%       20154

================================================================================
Sequential results — COLLISION-FREE IK  (N=32, timed=5)
  Scene: /home/sadmin/Work/pyroffi/resources/bench_env_large_fetch.json
  Obstacles: 6 spheres + 0 cuboids
  coll_free: solutions with min signed dist > 0 (all links clear of all obstacles)
================================================================================
  Method                 t_med(ms)   t_p95(ms)  pos_med(mm)  pos_p95(mm)  rot_med(rad)  rot_p95(rad)     success   coll_free
  --------------------------------------------------------------------------------------------------------------------
  MPPI-CUDA                143.140     143.531      0.0824    153.9469      0.0004      0.6919       24/32       31/32

================================================================================
Batch results — COLLISION-FREE IK  (N=256, timed=5)
================================================================================
  Method                   ms/prob  pos_med(mm)  pos_p95(mm)  rot_med(rad)  rot_p95(rad)     success   coll_free   gpu_pk(%)  gpu_avg(%)  vram_pk(MB)
  --------------------------------------------------------------------------------------------------------------------------------------------
  MPPI-CUDA                  0.074      0.0324     60.6524      0.0002      0.5380     215/256     251/256         99%         26%       20156

Results appended to /home/sadmin/Work/pyroffi/resources/bench_ik_results.csv

2026-09-07 17:34:53.398 | DEBUG    | pyroffi._robot_urdf_parser:_get_T_parent_joint:662 - Joint 'torso_lift_collision_2_joint' has no origin, assuming identity transform.
2026-09-07 17:34:53.680 | WARNING  | pyroffi._robot:from_urdf:149 - Dynamics unavailable for this URDF: URDF provides no <inertial> data; dynamics quantities would be degenerate.
2026-09-07 17:34:53.699 | DEBUG    | pyroffi._robot_urdf_parser:_get_T_parent_joint:662 - Joint 'torso_lift_collision_2_joint' has no origin, assuming identity transform.
2026-09-07 17:34:56.922 | INFO     | pyroffi.collision._robot_collision:from_urdf:701 - Created RobotCollision with 17 links and 62 active self-collision pairs, using spherical collision models.
================================================================================
IK benchmark: Analytic-JAX  (robot=fetch, n_targets=32, n_timed=5)
GPU monitoring: enabled (pynvml)
================================================================================

Loading robot ...
  URDF: /home/sadmin/Work/pyroffi/resources/fetch/fetch_spherized.urdf
  8 actuated joints, target link: 'gripper_link'
  Fixed joints: []

Setting up collision environment ...
  Using SRDF disabled pairs: /home/sadmin/Work/pyroffi/resources/fetch/fetch.srdf (162 pairs)
  fetch: dropped 3 obstacle(s) permanently intersecting a fixed link: ['sphere_3', 'sphere_7', 'sphere_8']
  Loaded environment from /home/sadmin/Work/pyroffi/resources/bench_env_large.json, filtered for fetch -> /home/sadmin/Work/pyroffi/resources/bench_env_large_fetch.json
  Obstacles: 6 spheres + 0 cuboids

Generating target poses (seq=32, batch=256) ...

────────────────────────────────────────────────────────────────────────────────
Sequential evaluation (per-problem latency) ...
────────────────────────────────────────────────────────────────────────────────

────────────────────────────────────────────────────────────────────────────────
Sequential evaluation — collision-free IK ...
────────────────────────────────────────────────────────────────────────────────

────────────────────────────────────────────────────────────────────────────────
Batch evaluation (all targets in one kernel launch) ...
────────────────────────────────────────────────────────────────────────────────

────────────────────────────────────────────────────────────────────────────────
Batch evaluation — collision-free IK ...
────────────────────────────────────────────────────────────────────────────────

================================================================================
Sequential results — per-problem latency  (N=32, timed=5)
================================================================================
  Method                 t_med(ms)   t_p95(ms)  pos_med(mm)  pos_p95(mm)  rot_med(rad)  rot_p95(rad)     success
  --------------------------------------------------------------------------------------------------------

================================================================================
Batch results — effective per-problem time  (N=256, timed=5)
================================================================================
  Method                   ms/prob  pos_med(mm)  pos_p95(mm)  rot_med(rad)  rot_p95(rad)     success   gpu_pk(%)  gpu_avg(%)  vram_pk(MB)
  --------------------------------------------------------------------------------------------------------------------------------

================================================================================
Sequential results — COLLISION-FREE IK  (N=32, timed=5)
  Scene: /home/sadmin/Work/pyroffi/resources/bench_env_large_fetch.json
  Obstacles: 6 spheres + 0 cuboids
  coll_free: solutions with min signed dist > 0 (all links clear of all obstacles)
================================================================================
  Method                 t_med(ms)   t_p95(ms)  pos_med(mm)  pos_p95(mm)  rot_med(rad)  rot_p95(rad)     success   coll_free
  --------------------------------------------------------------------------------------------------------------------

================================================================================
Batch results — COLLISION-FREE IK  (N=256, timed=5)
================================================================================
  Method                   ms/prob  pos_med(mm)  pos_p95(mm)  rot_med(rad)  rot_p95(rad)     success   coll_free   gpu_pk(%)  gpu_avg(%)  vram_pk(MB)
  --------------------------------------------------------------------------------------------------------------------------------------------

Results appended to /home/sadmin/Work/pyroffi/resources/bench_ik_results.csv

2026-09-07 17:35:01.675 | DEBUG    | pyroffi._robot_urdf_parser:_get_T_parent_joint:662 - Joint 'torso_lift_collision_2_joint' has no origin, assuming identity transform.
2026-09-07 17:35:01.958 | WARNING  | pyroffi._robot:from_urdf:149 - Dynamics unavailable for this URDF: URDF provides no <inertial> data; dynamics quantities would be degenerate.
2026-09-07 17:35:01.975 | DEBUG    | pyroffi._robot_urdf_parser:_get_T_parent_joint:662 - Joint 'torso_lift_collision_2_joint' has no origin, assuming identity transform.
2026-09-07 17:35:05.234 | INFO     | pyroffi.collision._robot_collision:from_urdf:701 - Created RobotCollision with 17 links and 62 active self-collision pairs, using spherical collision models.
================================================================================
IK benchmark: Analytic-CUDA  (robot=fetch, n_targets=32, n_timed=5)
GPU monitoring: enabled (pynvml)
================================================================================

Loading robot ...
  URDF: /home/sadmin/Work/pyroffi/resources/fetch/fetch_spherized.urdf
  8 actuated joints, target link: 'gripper_link'
  Fixed joints: []

Setting up collision environment ...
  Using SRDF disabled pairs: /home/sadmin/Work/pyroffi/resources/fetch/fetch.srdf (162 pairs)
  fetch: dropped 3 obstacle(s) permanently intersecting a fixed link: ['sphere_3', 'sphere_7', 'sphere_8']
  Loaded environment from /home/sadmin/Work/pyroffi/resources/bench_env_large.json, filtered for fetch -> /home/sadmin/Work/pyroffi/resources/bench_env_large_fetch.json
  Obstacles: 6 spheres + 0 cuboids

Generating target poses (seq=32, batch=256) ...

────────────────────────────────────────────────────────────────────────────────
Sequential evaluation (per-problem latency) ...
────────────────────────────────────────────────────────────────────────────────

────────────────────────────────────────────────────────────────────────────────
Sequential evaluation — collision-free IK ...
────────────────────────────────────────────────────────────────────────────────

────────────────────────────────────────────────────────────────────────────────
Batch evaluation (all targets in one kernel launch) ...
────────────────────────────────────────────────────────────────────────────────

────────────────────────────────────────────────────────────────────────────────
Batch evaluation — collision-free IK ...
────────────────────────────────────────────────────────────────────────────────

================================================================================
Sequential results — per-problem latency  (N=32, timed=5)
================================================================================
  Method                 t_med(ms)   t_p95(ms)  pos_med(mm)  pos_p95(mm)  rot_med(rad)  rot_p95(rad)     success
  --------------------------------------------------------------------------------------------------------

================================================================================
Batch results — effective per-problem time  (N=256, timed=5)
================================================================================
  Method                   ms/prob  pos_med(mm)  pos_p95(mm)  rot_med(rad)  rot_p95(rad)     success   gpu_pk(%)  gpu_avg(%)  vram_pk(MB)
  --------------------------------------------------------------------------------------------------------------------------------

================================================================================
Sequential results — COLLISION-FREE IK  (N=32, timed=5)
  Scene: /home/sadmin/Work/pyroffi/resources/bench_env_large_fetch.json
  Obstacles: 6 spheres + 0 cuboids
  coll_free: solutions with min signed dist > 0 (all links clear of all obstacles)
================================================================================
  Method                 t_med(ms)   t_p95(ms)  pos_med(mm)  pos_p95(mm)  rot_med(rad)  rot_p95(rad)     success   coll_free
  --------------------------------------------------------------------------------------------------------------------

================================================================================
Batch results — COLLISION-FREE IK  (N=256, timed=5)
================================================================================
  Method                   ms/prob  pos_med(mm)  pos_p95(mm)  rot_med(rad)  rot_p95(rad)     success   coll_free   gpu_pk(%)  gpu_avg(%)  vram_pk(MB)
  --------------------------------------------------------------------------------------------------------------------------------------------

Results appended to /home/sadmin/Work/pyroffi/resources/bench_ik_results.csv

2026-09-07 17:35:09.970 | DEBUG    | pyroffi._robot_urdf_parser:_get_T_parent_joint:662 - Joint 'torso_lift_collision_2_joint' has no origin, assuming identity transform.
2026-09-07 17:35:10.245 | WARNING  | pyroffi._robot:from_urdf:149 - Dynamics unavailable for this URDF: URDF provides no <inertial> data; dynamics quantities would be degenerate.
2026-09-07 17:35:10.256 | DEBUG    | pyroffi._robot_urdf_parser:_get_T_parent_joint:662 - Joint 'torso_lift_collision_2_joint' has no origin, assuming identity transform.
2026-09-07 17:35:13.213 | INFO     | pyroffi.collision._robot_collision:from_urdf:701 - Created RobotCollision with 17 links and 62 active self-collision pairs, using spherical collision models.
================================================================================
IK benchmark: Learned-JAX  (robot=fetch, n_targets=32, n_timed=5)
GPU monitoring: enabled (pynvml)
================================================================================

Loading robot ...
  URDF: /home/sadmin/Work/pyroffi/resources/fetch/fetch_spherized.urdf
  8 actuated joints, target link: 'gripper_link'
  Fixed joints: []

Setting up collision environment ...
  Using SRDF disabled pairs: /home/sadmin/Work/pyroffi/resources/fetch/fetch.srdf (162 pairs)
  fetch: dropped 3 obstacle(s) permanently intersecting a fixed link: ['sphere_3', 'sphere_7', 'sphere_8']
  Loaded environment from /home/sadmin/Work/pyroffi/resources/bench_env_large.json, filtered for fetch -> /home/sadmin/Work/pyroffi/resources/bench_env_large_fetch.json
  Obstacles: 6 spheres + 0 cuboids

Learned-IK model not found at /home/sadmin/Work/pyroffi/resources/learned_ik/fetch.pkl
  Run: python train_learned_ik.py --robot fetch
  Learned-IK rows will be skipped in the benchmark.

Generating target poses (seq=32, batch=256) ...

────────────────────────────────────────────────────────────────────────────────
Sequential evaluation (per-problem latency) ...
────────────────────────────────────────────────────────────────────────────────

────────────────────────────────────────────────────────────────────────────────
Sequential evaluation — collision-free IK ...
────────────────────────────────────────────────────────────────────────────────

────────────────────────────────────────────────────────────────────────────────
Batch evaluation (all targets in one kernel launch) ...
────────────────────────────────────────────────────────────────────────────────

────────────────────────────────────────────────────────────────────────────────
Batch evaluation — collision-free IK ...
────────────────────────────────────────────────────────────────────────────────

================================================================================
Sequential results — per-problem latency  (N=32, timed=5)
================================================================================
  Method                 t_med(ms)   t_p95(ms)  pos_med(mm)  pos_p95(mm)  rot_med(rad)  rot_p95(rad)     success
  --------------------------------------------------------------------------------------------------------

================================================================================
Batch results — effective per-problem time  (N=256, timed=5)
================================================================================
  Method                   ms/prob  pos_med(mm)  pos_p95(mm)  rot_med(rad)  rot_p95(rad)     success   gpu_pk(%)  gpu_avg(%)  vram_pk(MB)
  --------------------------------------------------------------------------------------------------------------------------------

================================================================================
Sequential results — COLLISION-FREE IK  (N=32, timed=5)
  Scene: /home/sadmin/Work/pyroffi/resources/bench_env_large_fetch.json
  Obstacles: 6 spheres + 0 cuboids
  coll_free: solutions with min signed dist > 0 (all links clear of all obstacles)
================================================================================
  Method                 t_med(ms)   t_p95(ms)  pos_med(mm)  pos_p95(mm)  rot_med(rad)  rot_p95(rad)     success   coll_free
  --------------------------------------------------------------------------------------------------------------------

================================================================================
Batch results — COLLISION-FREE IK  (N=256, timed=5)
================================================================================
  Method                   ms/prob  pos_med(mm)  pos_p95(mm)  rot_med(rad)  rot_p95(rad)     success   coll_free   gpu_pk(%)  gpu_avg(%)  vram_pk(MB)
  --------------------------------------------------------------------------------------------------------------------------------------------

Results appended to /home/sadmin/Work/pyroffi/resources/bench_ik_results.csv

2026-09-07 17:35:18.010 | DEBUG    | pyroffi._robot_urdf_parser:_get_T_parent_joint:662 - Joint 'torso_lift_collision_2_joint' has no origin, assuming identity transform.
2026-09-07 17:35:18.289 | WARNING  | pyroffi._robot:from_urdf:149 - Dynamics unavailable for this URDF: URDF provides no <inertial> data; dynamics quantities would be degenerate.
2026-09-07 17:35:18.300 | DEBUG    | pyroki._robot_urdf_parser:_get_T_parent_joint:399 - Joint 'torso_lift_collision_2_joint' has no origin, assuming identity transform.
2026-09-07 17:35:18.468 | INFO     | jaxls._py310._problem:analyze:126 - Building optimization problem with 2 terms and 1 variables: 2 costs, 0 eq_zero, 0 leq_zero, 0 geq_zero
2026-09-07 17:35:18.558 | INFO     | jaxls._py310._problem:analyze:234 - Vectorizing group with 1 costs, 1 variables each: pose_residual
2026-09-07 17:35:18.577 | INFO     | jaxls._py310._problem:analyze:234 - Vectorizing group with 1 costs, 1 variables each: limit_residual
2026-09-07 17:35:18.587 | INFO     | jaxls._py310._problem:analyze:312 - Variable elimination: variable IDs are traced; solves will not use elimination
2026-09-07 17:35:25.174 | DEBUG    | pyroffi._robot_urdf_parser:_get_T_parent_joint:662 - Joint 'torso_lift_collision_2_joint' has no origin, assuming identity transform.
2026-09-07 17:35:28.166 | INFO     | pyroffi.collision._robot_collision:from_urdf:701 - Created RobotCollision with 17 links and 62 active self-collision pairs, using spherical collision models.
2026-09-07 17:37:42.587 | INFO     | jaxls._py310._problem:analyze:126 - Building optimization problem with 3 terms and 1 variables: 3 costs, 0 eq_zero, 0 leq_zero, 0 geq_zero
2026-09-07 17:37:42.596 | INFO     | jaxls._py310._problem:analyze:234 - Vectorizing group with 1 costs, 1 variables each: pose_residual
2026-09-07 17:37:42.624 | INFO     | jaxls._py310._problem:analyze:234 - Vectorizing group with 1 costs, 1 variables each: pyroki_collision_penalty
2026-09-07 17:37:42.632 | INFO     | jaxls._py310._problem:analyze:234 - Vectorizing group with 1 costs, 1 variables each: limit_residual
2026-09-07 17:37:42.641 | INFO     | jaxls._py310._problem:analyze:312 - Variable elimination: variable IDs are traced; solves will not use elimination
================================================================================
IK benchmark: PyRoKi-LS  (robot=fetch, n_targets=32, n_timed=5)
GPU monitoring: enabled (pynvml)
================================================================================

Loading robot ...
  URDF: /home/sadmin/Work/pyroffi/resources/fetch/fetch_spherized.urdf
  8 actuated joints, target link: 'gripper_link'
  Fixed joints: []

Setting up PyRoKi solvers (LS + AnalyticJac) ...
  Warming up PyRoKi-LS (JIT compile) ...
  PyRoKi-LS ready.

Setting up collision environment ...
  Using SRDF disabled pairs: /home/sadmin/Work/pyroffi/resources/fetch/fetch.srdf (162 pairs)
  fetch: dropped 3 obstacle(s) permanently intersecting a fixed link: ['sphere_3', 'sphere_7', 'sphere_8']
  Loaded environment from /home/sadmin/Work/pyroffi/resources/bench_env_large.json, filtered for fetch -> /home/sadmin/Work/pyroffi/resources/bench_env_large_fetch.json
  Obstacles: 6 spheres + 0 cuboids
  Setting up collision-aware PyRoKi-LS ...

Generating target poses (seq=32, batch=256) ...
Warming up PyRoKi-LS-BATCH ...

────────────────────────────────────────────────────────────────────────────────
Sequential evaluation (per-problem latency) ...
────────────────────────────────────────────────────────────────────────────────
  Running PyRoKi-LS ...

────────────────────────────────────────────────────────────────────────────────
Sequential evaluation — collision-free IK ...
────────────────────────────────────────────────────────────────────────────────
  Running PyRoKi-LS-COLL ...

────────────────────────────────────────────────────────────────────────────────
Batch evaluation (all targets in one kernel launch) ...
────────────────────────────────────────────────────────────────────────────────
  Running PyRoKi-LS-BATCH ...

────────────────────────────────────────────────────────────────────────────────
Batch evaluation — collision-free IK ...
────────────────────────────────────────────────────────────────────────────────
  Running PyRoKi-LS-COLL-BATCH ...

================================================================================
Sequential results — per-problem latency  (N=32, timed=5)
================================================================================
  Method                 t_med(ms)   t_p95(ms)  pos_med(mm)  pos_p95(mm)  rot_med(rad)  rot_p95(rad)     success
  --------------------------------------------------------------------------------------------------------
  PyRoKi-LS                577.054     616.864      0.0001      0.0002      0.0000      0.0000       32/32

================================================================================
Batch results — effective per-problem time  (N=256, timed=5)
================================================================================
  Method                   ms/prob  pos_med(mm)  pos_p95(mm)  rot_med(rad)  rot_p95(rad)     success   gpu_pk(%)  gpu_avg(%)  vram_pk(MB)
  --------------------------------------------------------------------------------------------------------------------------------
  PyRoKi-LS-BATCH           17.819      0.0001      0.0002      0.0000      0.0000     256/256         99%         98%       19064

================================================================================
Sequential results — COLLISION-FREE IK  (N=32, timed=5)
  Scene: /home/sadmin/Work/pyroffi/resources/bench_env_large_fetch.json
  Obstacles: 6 spheres + 0 cuboids
  coll_free: solutions with min signed dist > 0 (all links clear of all obstacles)
================================================================================
  Method                 t_med(ms)   t_p95(ms)  pos_med(mm)  pos_p95(mm)  rot_med(rad)  rot_p95(rad)     success   coll_free
  --------------------------------------------------------------------------------------------------------------------
  PyRoKi-LS                900.166     967.104      0.0102     38.4143      0.0001      0.2249       24/32       32/32

================================================================================
Batch results — COLLISION-FREE IK  (N=256, timed=5)
================================================================================
  Method                   ms/prob  pos_med(mm)  pos_p95(mm)  rot_med(rad)  rot_p95(rad)     success   coll_free   gpu_pk(%)  gpu_avg(%)  vram_pk(MB)
  --------------------------------------------------------------------------------------------------------------------------------------------
  PyRoKi-LS                 44.349      0.0079     25.1252      0.0000      0.1793     214/256     256/256        100%         99%       19066

Results appended to /home/sadmin/Work/pyroffi/resources/bench_ik_results.csv

2026-09-07 17:42:12.830 | DEBUG    | pyroffi._robot_urdf_parser:_get_T_parent_joint:662 - Joint 'torso_lift_collision_2_joint' has no origin, assuming identity transform.
2026-09-07 17:42:13.114 | WARNING  | pyroffi._robot:from_urdf:149 - Dynamics unavailable for this URDF: URDF provides no <inertial> data; dynamics quantities would be degenerate.
2026-09-07 17:42:13.125 | DEBUG    | pyroki._robot_urdf_parser:_get_T_parent_joint:399 - Joint 'torso_lift_collision_2_joint' has no origin, assuming identity transform.
2026-09-07 17:42:13.305 | INFO     | jaxls._py310._problem:analyze:126 - Building optimization problem with 2 terms and 1 variables: 2 costs, 0 eq_zero, 0 leq_zero, 0 geq_zero
2026-09-07 17:42:13.325 | INFO     | jaxls._py310._problem:analyze:234 - Vectorizing group with 1 costs, 1 variables each: limit_residual
2026-09-07 17:42:13.418 | INFO     | jaxls._py310._problem:analyze:234 - Vectorizing group with 1 costs, 1 variables each: _pose_cost_analytical_jac
2026-09-07 17:42:13.428 | INFO     | jaxls._py310._problem:analyze:312 - Variable elimination: variable IDs are traced; solves will not use elimination
2026-09-07 17:42:17.292 | DEBUG    | pyroffi._robot_urdf_parser:_get_T_parent_joint:662 - Joint 'torso_lift_collision_2_joint' has no origin, assuming identity transform.
2026-09-07 17:42:20.314 | INFO     | pyroffi.collision._robot_collision:from_urdf:701 - Created RobotCollision with 17 links and 62 active self-collision pairs, using spherical collision models.
2026-09-07 17:43:59.539 | INFO     | jaxls._py310._problem:analyze:126 - Building optimization problem with 3 terms and 1 variables: 3 costs, 0 eq_zero, 0 leq_zero, 0 geq_zero
2026-09-07 17:43:59.572 | INFO     | jaxls._py310._problem:analyze:234 - Vectorizing group with 1 costs, 1 variables each: pyroki_collision_penalty
2026-09-07 17:43:59.581 | INFO     | jaxls._py310._problem:analyze:234 - Vectorizing group with 1 costs, 1 variables each: limit_residual
2026-09-07 17:43:59.589 | INFO     | jaxls._py310._problem:analyze:234 - Vectorizing group with 1 costs, 1 variables each: pose_residual
2026-09-07 17:43:59.599 | INFO     | jaxls._py310._problem:analyze:312 - Variable elimination: variable IDs are traced; solves will not use elimination
================================================================================
IK benchmark: PyRoKi-AnalyticJac  (robot=fetch, n_targets=32, n_timed=5)
GPU monitoring: enabled (pynvml)
================================================================================

Loading robot ...
  URDF: /home/sadmin/Work/pyroffi/resources/fetch/fetch_spherized.urdf
  8 actuated joints, target link: 'gripper_link'
  Fixed joints: []

Setting up PyRoKi solvers (LS + AnalyticJac) ...
  Warming up PyRoKi-AnalyticJac (JIT compile) ...
  PyRoKi-AnalyticJac ready.

Setting up collision environment ...
  Using SRDF disabled pairs: /home/sadmin/Work/pyroffi/resources/fetch/fetch.srdf (162 pairs)
  fetch: dropped 3 obstacle(s) permanently intersecting a fixed link: ['sphere_3', 'sphere_7', 'sphere_8']
  Loaded environment from /home/sadmin/Work/pyroffi/resources/bench_env_large.json, filtered for fetch -> /home/sadmin/Work/pyroffi/resources/bench_env_large_fetch.json
  Obstacles: 6 spheres + 0 cuboids
  Setting up collision-aware PyRoKi-AnalyticJac ...

Generating target poses (seq=32, batch=256) ...
Warming up PyRoKi-AnalyticJac-BATCH ...

────────────────────────────────────────────────────────────────────────────────
Sequential evaluation (per-problem latency) ...
────────────────────────────────────────────────────────────────────────────────
  Running PyRoKi-AnalyticJac ...

────────────────────────────────────────────────────────────────────────────────
Sequential evaluation — collision-free IK ...
────────────────────────────────────────────────────────────────────────────────
  Running PyRoKi-AnalyticJac-COLL ...

────────────────────────────────────────────────────────────────────────────────
Batch evaluation (all targets in one kernel launch) ...
────────────────────────────────────────────────────────────────────────────────
  Running PyRoKi-AnalyticJac-BATCH ...

────────────────────────────────────────────────────────────────────────────────
Batch evaluation — collision-free IK ...
────────────────────────────────────────────────────────────────────────────────
  Running PyRoKi-AnalyticJac-COLL-BATCH ...

================================================================================
Sequential results — per-problem latency  (N=32, timed=5)
================================================================================
  Method                 t_med(ms)   t_p95(ms)  pos_med(mm)  pos_p95(mm)  rot_med(rad)  rot_p95(rad)     success
  --------------------------------------------------------------------------------------------------------
  PyRoKi-AnalyticJac       452.376     501.236      0.0001      0.0003      0.0000      0.0000       32/32

================================================================================
Batch results — effective per-problem time  (N=256, timed=5)
================================================================================
  Method                   ms/prob  pos_med(mm)  pos_p95(mm)  rot_med(rad)  rot_p95(rad)     success   gpu_pk(%)  gpu_avg(%)  vram_pk(MB)
  --------------------------------------------------------------------------------------------------------------------------------
  PyRoKi-AnalyticJac-BATCH       8.310      0.0001      0.0002      0.0000      0.0000     256/256         97%         95%       19060

================================================================================
Sequential results — COLLISION-FREE IK  (N=32, timed=5)
  Scene: /home/sadmin/Work/pyroffi/resources/bench_env_large_fetch.json
  Obstacles: 6 spheres + 0 cuboids
  coll_free: solutions with min signed dist > 0 (all links clear of all obstacles)
================================================================================
  Method                 t_med(ms)   t_p95(ms)  pos_med(mm)  pos_p95(mm)  rot_med(rad)  rot_p95(rad)     success   coll_free
  --------------------------------------------------------------------------------------------------------------------
  PyRoKi-AnalyticJac       885.676     968.855      0.0190     35.8457      0.0001      0.2317       24/32       32/32

================================================================================
Batch results — COLLISION-FREE IK  (N=256, timed=5)
================================================================================
  Method                   ms/prob  pos_med(mm)  pos_p95(mm)  rot_med(rad)  rot_p95(rad)     success   coll_free   gpu_pk(%)  gpu_avg(%)  vram_pk(MB)
  --------------------------------------------------------------------------------------------------------------------------------------------
  PyRoKi-AnalyticJac        55.594      0.0071     27.1165      0.0000      0.1943     214/256     256/256        100%         99%       19064

Results appended to /home/sadmin/Work/pyroffi/resources/bench_ik_results.csv

2026-09-07 17:48:27.445 | DEBUG    | pyroffi._robot_urdf_parser:_get_T_parent_joint:662 - Joint 'torso_lift_collision_2_joint' has no origin, assuming identity transform.
2026-09-07 17:48:27.738 | WARNING  | pyroffi._robot:from_urdf:149 - Dynamics unavailable for this URDF: URDF provides no <inertial> data; dynamics quantities would be degenerate.
2026-09-07 17:48:33.231 | DEBUG    | pyroffi._robot_urdf_parser:_get_T_parent_joint:662 - Joint 'torso_lift_collision_2_joint' has no origin, assuming identity transform.
2026-09-07 17:48:36.407 | INFO     | pyroffi.collision._robot_collision:from_urdf:701 - Created RobotCollision with 17 links and 62 active self-collision pairs, using spherical collision models.
================================================================================
IK benchmark: QuIK-CPU  (robot=fetch, n_targets=32, n_timed=5)
GPU monitoring: enabled (pynvml)
================================================================================

Loading robot ...
  URDF: /home/sadmin/Work/pyroffi/resources/fetch/fetch_spherized.urdf
  8 actuated joints, target link: 'gripper_link'
  Fixed joints: []

Setting up QuIK CPU solver (POE->DH + cricket JIT) ...
  QuIK ready (dof=8, CPU).

Setting up collision environment ...
  Using SRDF disabled pairs: /home/sadmin/Work/pyroffi/resources/fetch/fetch.srdf (162 pairs)
  fetch: dropped 3 obstacle(s) permanently intersecting a fixed link: ['sphere_3', 'sphere_7', 'sphere_8']
  Loaded environment from /home/sadmin/Work/pyroffi/resources/bench_env_large.json, filtered for fetch -> /home/sadmin/Work/pyroffi/resources/bench_env_large_fetch.json
  Obstacles: 6 spheres + 0 cuboids
  Setting up collision-aware QuIK (VAMP MPPI seed projection) ...
  Collision-aware QuIK ready.

Generating target poses (seq=32, batch=256) ...

────────────────────────────────────────────────────────────────────────────────
Sequential evaluation (per-problem latency) ...
────────────────────────────────────────────────────────────────────────────────
  Running QuIK-CPU ...

────────────────────────────────────────────────────────────────────────────────
Sequential evaluation — collision-free IK ...
────────────────────────────────────────────────────────────────────────────────
  Running QuIK-CPU-COLL ...

────────────────────────────────────────────────────────────────────────────────
Batch evaluation (all targets in one kernel launch) ...
────────────────────────────────────────────────────────────────────────────────
  Running QuIK-CPU-BATCH ...

────────────────────────────────────────────────────────────────────────────────
Batch evaluation — collision-free IK ...
────────────────────────────────────────────────────────────────────────────────
  Running QuIK-CPU-COLL-BATCH ...

================================================================================
Sequential results — per-problem latency  (N=32, timed=5)
================================================================================
  Method                 t_med(ms)   t_p95(ms)  pos_med(mm)  pos_p95(mm)  rot_med(rad)  rot_p95(rad)     success
  --------------------------------------------------------------------------------------------------------
  QuIK-CPU                   3.674       3.927      0.0001      0.0002      0.0000      0.0000       32/32

================================================================================
Batch results — effective per-problem time  (N=256, timed=5)
================================================================================
  Method                   ms/prob  pos_med(mm)  pos_p95(mm)  rot_med(rad)  rot_p95(rad)     success   gpu_pk(%)  gpu_avg(%)  vram_pk(MB)
  --------------------------------------------------------------------------------------------------------------------------------
  QuIK-CPU-BATCH             0.120      0.0001      0.0003      0.0000      0.0000     256/256         n/a         n/a         n/a

================================================================================
Sequential results — COLLISION-FREE IK  (N=32, timed=5)
  Scene: /home/sadmin/Work/pyroffi/resources/bench_env_large_fetch.json
  Obstacles: 6 spheres + 0 cuboids
  coll_free: solutions with min signed dist > 0 (all links clear of all obstacles)
================================================================================
  Method                 t_med(ms)   t_p95(ms)  pos_med(mm)  pos_p95(mm)  rot_med(rad)  rot_p95(rad)     success   coll_free
  --------------------------------------------------------------------------------------------------------------------
  QuIK-CPU                  14.832      16.504      0.0001      0.0003      0.0000      0.0000       31/32       28/32

================================================================================
Batch results — COLLISION-FREE IK  (N=256, timed=5)
================================================================================
  Method                   ms/prob  pos_med(mm)  pos_p95(mm)  rot_med(rad)  rot_p95(rad)     success   coll_free   gpu_pk(%)  gpu_avg(%)  vram_pk(MB)
  --------------------------------------------------------------------------------------------------------------------------------------------
  QuIK-CPU                   0.209      0.0001      0.0002      0.0000      0.0000     256/256     232/256         n/a         n/a         n/a

Results appended to /home/sadmin/Work/pyroffi/resources/bench_ik_results.csv

No EE provided, using distal link `torso_lift_link_collision_2`.
2026-09-07 17:48:50.515 | DEBUG    | pyroffi._robot_urdf_parser:_get_T_parent_joint:662 - Joint 'l_gripper_l_finger_2_joint' has no origin, assuming identity transform.
2026-09-07 17:48:50.517 | DEBUG    | pyroffi._robot_urdf_parser:_get_T_parent_joint:662 - Joint 'l_gripper_r_finger_2_joint' has no origin, assuming identity transform.
2026-09-07 17:48:50.519 | DEBUG    | pyroffi._robot_urdf_parser:_get_T_parent_joint:662 - Joint 'r_gripper_l_finger_2_joint' has no origin, assuming identity transform.
2026-09-07 17:48:50.520 | DEBUG    | pyroffi._robot_urdf_parser:_get_T_parent_joint:662 - Joint 'r_gripper_r_finger_2_joint' has no origin, assuming identity transform.
2026-09-07 17:48:50.940 | WARNING  | pyroffi._robot:from_urdf:149 - Dynamics unavailable for this URDF: URDF provides no <inertial> data; dynamics quantities would be degenerate.
2026-09-07 17:48:50.958 | DEBUG    | pyroffi._robot_urdf_parser:_get_T_parent_joint:662 - Joint 'l_gripper_l_finger_2_joint' has no origin, assuming identity transform.
2026-09-07 17:48:50.960 | DEBUG    | pyroffi._robot_urdf_parser:_get_T_parent_joint:662 - Joint 'l_gripper_r_finger_2_joint' has no origin, assuming identity transform.
2026-09-07 17:48:50.962 | DEBUG    | pyroffi._robot_urdf_parser:_get_T_parent_joint:662 - Joint 'r_gripper_l_finger_2_joint' has no origin, assuming identity transform.
2026-09-07 17:48:50.963 | DEBUG    | pyroffi._robot_urdf_parser:_get_T_parent_joint:662 - Joint 'r_gripper_r_finger_2_joint' has no origin, assuming identity transform.
2026-09-07 17:48:54.234 | INFO     | pyroffi.collision._robot_collision:from_urdf:701 - Created RobotCollision with 44 links and 671 active self-collision pairs, using spherical collision models.
================================================================================
IK benchmark: HJCD-JAX  (robot=baxter, n_targets=32, n_timed=5)
GPU monitoring: enabled (pynvml)
================================================================================

Loading robot ...
  URDF: /home/sadmin/Work/pyroffi/resources/baxter/baxter_spherized.urdf
  14 actuated joints, target link: 'right_hand'
  Fixed joints: []

Setting up collision environment ...
  Using SRDF disabled pairs: /home/sadmin/Work/pyroffi/resources/baxter/baxter.srdf (454 pairs)
  baxter: dropped 5 obstacle(s) permanently intersecting a fixed link: ['sphere_3', 'sphere_4', 'sphere_5', 'sphere_7', 'sphere_8']
  Loaded environment from /home/sadmin/Work/pyroffi/resources/bench_env_large.json, filtered for baxter -> /home/sadmin/Work/pyroffi/resources/bench_env_large_baxter.json
  Obstacles: 4 spheres + 0 cuboids

Generating target poses (seq=32, batch=256) ...
Warming up HJCD-JAX ...
Warming up HJCD-JAX-COLL ...
Warming up HJCD-JAX-BATCH ...
Warming up HJCD-JAX-COLL-BATCH ...

────────────────────────────────────────────────────────────────────────────────
Sequential evaluation (per-problem latency) ...
────────────────────────────────────────────────────────────────────────────────
  Running HJCD-JAX ...

────────────────────────────────────────────────────────────────────────────────
Sequential evaluation — collision-free IK ...
────────────────────────────────────────────────────────────────────────────────
  Running HJCD-JAX-COLL ...

────────────────────────────────────────────────────────────────────────────────
Batch evaluation (all targets in one kernel launch) ...
────────────────────────────────────────────────────────────────────────────────
  Running HJCD-JAX-BATCH ...

────────────────────────────────────────────────────────────────────────────────
Batch evaluation — collision-free IK ...
────────────────────────────────────────────────────────────────────────────────
  Running HJCD-JAX-COLL-BATCH ...

================================================================================
Sequential results — per-problem latency  (N=32, timed=5)
================================================================================
  Method                 t_med(ms)   t_p95(ms)  pos_med(mm)  pos_p95(mm)  rot_med(rad)  rot_p95(rad)     success
  --------------------------------------------------------------------------------------------------------
  HJCD-JAX                 348.356     348.438      0.3194      1.4751      0.0003      0.0006       26/32

================================================================================
Batch results — effective per-problem time  (N=256, timed=5)
================================================================================
  Method                   ms/prob  pos_med(mm)  pos_p95(mm)  rot_med(rad)  rot_p95(rad)     success   gpu_pk(%)  gpu_avg(%)  vram_pk(MB)
  --------------------------------------------------------------------------------------------------------------------------------
  HJCD-JAX-BATCH            14.289      0.2948      1.6456      0.0002      0.0007     225/256        100%        100%       19086

================================================================================
Sequential results — COLLISION-FREE IK  (N=32, timed=5)
  Scene: /home/sadmin/Work/pyroffi/resources/bench_env_large_baxter.json
  Obstacles: 4 spheres + 0 cuboids
  coll_free: solutions with min signed dist > 0 (all links clear of all obstacles)
================================================================================
  Method                 t_med(ms)   t_p95(ms)  pos_med(mm)  pos_p95(mm)  rot_med(rad)  rot_p95(rad)     success   coll_free
  --------------------------------------------------------------------------------------------------------------------
  HJCD-JAX                 461.031     461.183     14.4141    172.0876      0.0360      0.4577        8/32       32/32

================================================================================
Batch results — COLLISION-FREE IK  (N=256, timed=5)
================================================================================
  Method                   ms/prob  pos_med(mm)  pos_p95(mm)  rot_med(rad)  rot_p95(rad)     success   coll_free   gpu_pk(%)  gpu_avg(%)  vram_pk(MB)
  --------------------------------------------------------------------------------------------------------------------------------------------
  HJCD-JAX                  42.798     18.7915    379.1415      0.0507      0.8435      60/256     256/256        100%        100%       19100

Results appended to /home/sadmin/Work/pyroffi/resources/bench_ik_results.csv

2026-09-07 18:09:33.777 | DEBUG    | pyroffi._robot_urdf_parser:_get_T_parent_joint:662 - Joint 'l_gripper_l_finger_2_joint' has no origin, assuming identity transform.
2026-09-07 18:09:33.779 | DEBUG    | pyroffi._robot_urdf_parser:_get_T_parent_joint:662 - Joint 'l_gripper_r_finger_2_joint' has no origin, assuming identity transform.
2026-09-07 18:09:33.781 | DEBUG    | pyroffi._robot_urdf_parser:_get_T_parent_joint:662 - Joint 'r_gripper_l_finger_2_joint' has no origin, assuming identity transform.
2026-09-07 18:09:33.783 | DEBUG    | pyroffi._robot_urdf_parser:_get_T_parent_joint:662 - Joint 'r_gripper_r_finger_2_joint' has no origin, assuming identity transform.
2026-09-07 18:09:34.169 | WARNING  | pyroffi._robot:from_urdf:149 - Dynamics unavailable for this URDF: URDF provides no <inertial> data; dynamics quantities would be degenerate.
2026-09-07 18:09:34.189 | DEBUG    | pyroffi._robot_urdf_parser:_get_T_parent_joint:662 - Joint 'l_gripper_l_finger_2_joint' has no origin, assuming identity transform.
2026-09-07 18:09:34.190 | DEBUG    | pyroffi._robot_urdf_parser:_get_T_parent_joint:662 - Joint 'l_gripper_r_finger_2_joint' has no origin, assuming identity transform.
2026-09-07 18:09:34.192 | DEBUG    | pyroffi._robot_urdf_parser:_get_T_parent_joint:662 - Joint 'r_gripper_l_finger_2_joint' has no origin, assuming identity transform.
2026-09-07 18:09:34.193 | DEBUG    | pyroffi._robot_urdf_parser:_get_T_parent_joint:662 - Joint 'r_gripper_r_finger_2_joint' has no origin, assuming identity transform.
2026-09-07 18:09:37.157 | INFO     | pyroffi.collision._robot_collision:from_urdf:701 - Created RobotCollision with 44 links and 671 active self-collision pairs, using spherical collision models.
================================================================================
IK benchmark: HJCD-CUDA  (robot=baxter, n_targets=32, n_timed=5)
GPU monitoring: enabled (pynvml)
================================================================================

Loading robot ...
  URDF: /home/sadmin/Work/pyroffi/resources/baxter/baxter_spherized.urdf
  14 actuated joints, target link: 'right_hand'
  Fixed joints: []

Setting up collision environment ...
  Using SRDF disabled pairs: /home/sadmin/Work/pyroffi/resources/baxter/baxter.srdf (454 pairs)
  baxter: dropped 5 obstacle(s) permanently intersecting a fixed link: ['sphere_3', 'sphere_4', 'sphere_5', 'sphere_7', 'sphere_8']
  Loaded environment from /home/sadmin/Work/pyroffi/resources/bench_env_large.json, filtered for baxter -> /home/sadmin/Work/pyroffi/resources/bench_env_large_baxter.json
  Obstacles: 4 spheres + 0 cuboids

Generating target poses (seq=32, batch=256) ...
Warming up HJCD-CUDA ...
Warming up HJCD-CUDA-COLL ...
Warming up HJCD-CUDA-BATCH ...
Warming up HJCD-CUDA-COLL-BATCH ...

────────────────────────────────────────────────────────────────────────────────
Sequential evaluation (per-problem latency) ...
────────────────────────────────────────────────────────────────────────────────
  Running HJCD-CUDA ...

────────────────────────────────────────────────────────────────────────────────
Sequential evaluation — collision-free IK ...
────────────────────────────────────────────────────────────────────────────────
  Running HJCD-CUDA-COLL ...

────────────────────────────────────────────────────────────────────────────────
Batch evaluation (all targets in one kernel launch) ...
────────────────────────────────────────────────────────────────────────────────
  Running HJCD-CUDA-BATCH ...

────────────────────────────────────────────────────────────────────────────────
Batch evaluation — collision-free IK ...
────────────────────────────────────────────────────────────────────────────────
  Running HJCD-CUDA-COLL-BATCH ...

================================================================================
Sequential results — per-problem latency  (N=32, timed=5)
================================================================================
  Method                 t_med(ms)   t_p95(ms)  pos_med(mm)  pos_p95(mm)  rot_med(rad)  rot_p95(rad)     success
  --------------------------------------------------------------------------------------------------------
  HJCD-CUDA                 33.497      33.734      0.1827      1.4226      0.0001      0.0004       25/32

================================================================================
Batch results — effective per-problem time  (N=256, timed=5)
================================================================================
  Method                   ms/prob  pos_med(mm)  pos_p95(mm)  rot_med(rad)  rot_p95(rad)     success   gpu_pk(%)  gpu_avg(%)  vram_pk(MB)
  --------------------------------------------------------------------------------------------------------------------------------
  HJCD-CUDA-BATCH            1.279      0.1729      1.7401      0.0001      0.0004     223/256        100%         97%       19784

================================================================================
Sequential results — COLLISION-FREE IK  (N=32, timed=5)
  Scene: /home/sadmin/Work/pyroffi/resources/bench_env_large_baxter.json
  Obstacles: 4 spheres + 0 cuboids
  coll_free: solutions with min signed dist > 0 (all links clear of all obstacles)
================================================================================
  Method                 t_med(ms)   t_p95(ms)  pos_med(mm)  pos_p95(mm)  rot_med(rad)  rot_p95(rad)     success   coll_free
  --------------------------------------------------------------------------------------------------------------------
  HJCD-CUDA                316.092     317.082     55.1551    861.9389      0.3600      1.2854        8/32        8/32

================================================================================
Batch results — COLLISION-FREE IK  (N=256, timed=5)
================================================================================
  Method                   ms/prob  pos_med(mm)  pos_p95(mm)  rot_med(rad)  rot_p95(rad)     success   coll_free   gpu_pk(%)  gpu_avg(%)  vram_pk(MB)
  --------------------------------------------------------------------------------------------------------------------------------------------
  HJCD-CUDA                  8.309     85.6673    791.9402      0.3246      1.5598      60/256      91/256        100%        100%       19792

Results appended to /home/sadmin/Work/pyroffi/resources/bench_ik_results.csv

2026-09-07 18:16:34.120 | DEBUG    | pyroffi._robot_urdf_parser:_get_T_parent_joint:662 - Joint 'l_gripper_l_finger_2_joint' has no origin, assuming identity transform.
2026-09-07 18:16:34.122 | DEBUG    | pyroffi._robot_urdf_parser:_get_T_parent_joint:662 - Joint 'l_gripper_r_finger_2_joint' has no origin, assuming identity transform.
2026-09-07 18:16:34.124 | DEBUG    | pyroffi._robot_urdf_parser:_get_T_parent_joint:662 - Joint 'r_gripper_l_finger_2_joint' has no origin, assuming identity transform.
2026-09-07 18:16:34.125 | DEBUG    | pyroffi._robot_urdf_parser:_get_T_parent_joint:662 - Joint 'r_gripper_r_finger_2_joint' has no origin, assuming identity transform.
2026-09-07 18:16:34.513 | WARNING  | pyroffi._robot:from_urdf:149 - Dynamics unavailable for this URDF: URDF provides no <inertial> data; dynamics quantities would be degenerate.
2026-09-07 18:16:34.532 | DEBUG    | pyroffi._robot_urdf_parser:_get_T_parent_joint:662 - Joint 'l_gripper_l_finger_2_joint' has no origin, assuming identity transform.
2026-09-07 18:16:34.533 | DEBUG    | pyroffi._robot_urdf_parser:_get_T_parent_joint:662 - Joint 'l_gripper_r_finger_2_joint' has no origin, assuming identity transform.
2026-09-07 18:16:34.535 | DEBUG    | pyroffi._robot_urdf_parser:_get_T_parent_joint:662 - Joint 'r_gripper_l_finger_2_joint' has no origin, assuming identity transform.
2026-09-07 18:16:34.537 | DEBUG    | pyroffi._robot_urdf_parser:_get_T_parent_joint:662 - Joint 'r_gripper_r_finger_2_joint' has no origin, assuming identity transform.
2026-09-07 18:16:37.551 | INFO     | pyroffi.collision._robot_collision:from_urdf:701 - Created RobotCollision with 44 links and 671 active self-collision pairs, using spherical collision models.
================================================================================
IK benchmark: LS-JAX  (robot=baxter, n_targets=32, n_timed=5)
GPU monitoring: enabled (pynvml)
================================================================================

Loading robot ...
  URDF: /home/sadmin/Work/pyroffi/resources/baxter/baxter_spherized.urdf
  14 actuated joints, target link: 'right_hand'
  Fixed joints: []

Setting up collision environment ...
  Using SRDF disabled pairs: /home/sadmin/Work/pyroffi/resources/baxter/baxter.srdf (454 pairs)
  baxter: dropped 5 obstacle(s) permanently intersecting a fixed link: ['sphere_3', 'sphere_4', 'sphere_5', 'sphere_7', 'sphere_8']
  Loaded environment from /home/sadmin/Work/pyroffi/resources/bench_env_large.json, filtered for baxter -> /home/sadmin/Work/pyroffi/resources/bench_env_large_baxter.json
  Obstacles: 4 spheres + 0 cuboids

Generating target poses (seq=32, batch=256) ...
Warming up LS-JAX ...
Warming up LS-JAX-COLL ...
Warming up LS-JAX-BATCH ...
Warming up LS-JAX-COLL-BATCH ...

────────────────────────────────────────────────────────────────────────────────
Sequential evaluation (per-problem latency) ...
────────────────────────────────────────────────────────────────────────────────
  Running LS-JAX ...

────────────────────────────────────────────────────────────────────────────────
Sequential evaluation — collision-free IK ...
────────────────────────────────────────────────────────────────────────────────
  Running LS-JAX-COLL ...

────────────────────────────────────────────────────────────────────────────────
Batch evaluation (all targets in one kernel launch) ...
────────────────────────────────────────────────────────────────────────────────
  Running LS-JAX-BATCH ...

────────────────────────────────────────────────────────────────────────────────
Batch evaluation — collision-free IK ...
────────────────────────────────────────────────────────────────────────────────
  Running LS-JAX-COLL-BATCH ...

================================================================================
Sequential results — per-problem latency  (N=32, timed=5)
================================================================================
  Method                 t_med(ms)   t_p95(ms)  pos_med(mm)  pos_p95(mm)  rot_med(rad)  rot_p95(rad)     success
  --------------------------------------------------------------------------------------------------------
  LS-JAX                   301.408     301.439      0.1814      0.3613      0.0002      0.0004       32/32

================================================================================
Batch results — effective per-problem time  (N=256, timed=5)
================================================================================
  Method                   ms/prob  pos_med(mm)  pos_p95(mm)  rot_med(rad)  rot_p95(rad)     success   gpu_pk(%)  gpu_avg(%)  vram_pk(MB)
  --------------------------------------------------------------------------------------------------------------------------------
  LS-JAX-BATCH               9.498      0.1791      0.3857      0.0002      0.0005     249/256        100%        100%       19070

================================================================================
Sequential results — COLLISION-FREE IK  (N=32, timed=5)
  Scene: /home/sadmin/Work/pyroffi/resources/bench_env_large_baxter.json
  Obstacles: 4 spheres + 0 cuboids
  coll_free: solutions with min signed dist > 0 (all links clear of all obstacles)
================================================================================
  Method                 t_med(ms)   t_p95(ms)  pos_med(mm)  pos_p95(mm)  rot_med(rad)  rot_p95(rad)     success   coll_free
  --------------------------------------------------------------------------------------------------------------------
  LS-JAX                   471.170     471.218    642.3568   1163.1159      1.8940      2.9814        0/32       32/32

================================================================================
Batch results — COLLISION-FREE IK  (N=256, timed=5)
================================================================================
  Method                   ms/prob  pos_med(mm)  pos_p95(mm)  rot_med(rad)  rot_p95(rad)     success   coll_free   gpu_pk(%)  gpu_avg(%)  vram_pk(MB)
  --------------------------------------------------------------------------------------------------------------------------------------------
  LS-JAX                    55.598    663.6906   1207.6230      1.9933      2.9680       0/256     234/256        100%        100%       19078

Results appended to /home/sadmin/Work/pyroffi/resources/bench_ik_results.csv

2026-09-07 18:37:29.187 | DEBUG    | pyroffi._robot_urdf_parser:_get_T_parent_joint:662 - Joint 'l_gripper_l_finger_2_joint' has no origin, assuming identity transform.
2026-09-07 18:37:29.188 | DEBUG    | pyroffi._robot_urdf_parser:_get_T_parent_joint:662 - Joint 'l_gripper_r_finger_2_joint' has no origin, assuming identity transform.
2026-09-07 18:37:29.190 | DEBUG    | pyroffi._robot_urdf_parser:_get_T_parent_joint:662 - Joint 'r_gripper_l_finger_2_joint' has no origin, assuming identity transform.
2026-09-07 18:37:29.191 | DEBUG    | pyroffi._robot_urdf_parser:_get_T_parent_joint:662 - Joint 'r_gripper_r_finger_2_joint' has no origin, assuming identity transform.
2026-09-07 18:37:29.577 | WARNING  | pyroffi._robot:from_urdf:149 - Dynamics unavailable for this URDF: URDF provides no <inertial> data; dynamics quantities would be degenerate.
2026-09-07 18:37:29.595 | DEBUG    | pyroffi._robot_urdf_parser:_get_T_parent_joint:662 - Joint 'l_gripper_l_finger_2_joint' has no origin, assuming identity transform.
2026-09-07 18:37:29.596 | DEBUG    | pyroffi._robot_urdf_parser:_get_T_parent_joint:662 - Joint 'l_gripper_r_finger_2_joint' has no origin, assuming identity transform.
2026-09-07 18:37:29.598 | DEBUG    | pyroffi._robot_urdf_parser:_get_T_parent_joint:662 - Joint 'r_gripper_l_finger_2_joint' has no origin, assuming identity transform.
2026-09-07 18:37:29.599 | DEBUG    | pyroffi._robot_urdf_parser:_get_T_parent_joint:662 - Joint 'r_gripper_r_finger_2_joint' has no origin, assuming identity transform.
2026-09-07 18:37:32.622 | INFO     | pyroffi.collision._robot_collision:from_urdf:701 - Created RobotCollision with 44 links and 671 active self-collision pairs, using spherical collision models.
================================================================================
IK benchmark: LS-CUDA  (robot=baxter, n_targets=32, n_timed=5)
GPU monitoring: enabled (pynvml)
================================================================================

Loading robot ...
  URDF: /home/sadmin/Work/pyroffi/resources/baxter/baxter_spherized.urdf
  14 actuated joints, target link: 'right_hand'
  Fixed joints: []

Setting up collision environment ...
  Using SRDF disabled pairs: /home/sadmin/Work/pyroffi/resources/baxter/baxter.srdf (454 pairs)
  baxter: dropped 5 obstacle(s) permanently intersecting a fixed link: ['sphere_3', 'sphere_4', 'sphere_5', 'sphere_7', 'sphere_8']
  Loaded environment from /home/sadmin/Work/pyroffi/resources/bench_env_large.json, filtered for baxter -> /home/sadmin/Work/pyroffi/resources/bench_env_large_baxter.json
  Obstacles: 4 spheres + 0 cuboids

Generating target poses (seq=32, batch=256) ...
Warming up LS-CUDA ...
Warming up LS-CUDA-COLL ...
Warming up LS-CUDA-BATCH ...
Warming up LS-CUDA-COLL-BATCH ...

────────────────────────────────────────────────────────────────────────────────
Sequential evaluation (per-problem latency) ...
────────────────────────────────────────────────────────────────────────────────
  Running LS-CUDA ...

────────────────────────────────────────────────────────────────────────────────
Sequential evaluation — collision-free IK ...
────────────────────────────────────────────────────────────────────────────────
  Running LS-CUDA-COLL ...

────────────────────────────────────────────────────────────────────────────────
Batch evaluation (all targets in one kernel launch) ...
────────────────────────────────────────────────────────────────────────────────
  Running LS-CUDA-BATCH ...

────────────────────────────────────────────────────────────────────────────────
Batch evaluation — collision-free IK ...
────────────────────────────────────────────────────────────────────────────────
  Running LS-CUDA-COLL-BATCH ...

================================================================================
Sequential results — per-problem latency  (N=32, timed=5)
================================================================================
  Method                 t_med(ms)   t_p95(ms)  pos_med(mm)  pos_p95(mm)  rot_med(rad)  rot_p95(rad)     success
  --------------------------------------------------------------------------------------------------------
  LS-CUDA                   46.401      47.010      0.0002      0.0004      0.0000      0.0000       32/32

================================================================================
Batch results — effective per-problem time  (N=256, timed=5)
================================================================================
  Method                   ms/prob  pos_med(mm)  pos_p95(mm)  rot_med(rad)  rot_p95(rad)     success   gpu_pk(%)  gpu_avg(%)  vram_pk(MB)
  --------------------------------------------------------------------------------------------------------------------------------
  LS-CUDA-BATCH              1.973      0.0002      0.0005      0.0000      0.0000     255/256        100%         99%       19712

================================================================================
Sequential results — COLLISION-FREE IK  (N=32, timed=5)
  Scene: /home/sadmin/Work/pyroffi/resources/bench_env_large_baxter.json
  Obstacles: 4 spheres + 0 cuboids
  coll_free: solutions with min signed dist > 0 (all links clear of all obstacles)
================================================================================
  Method                 t_med(ms)   t_p95(ms)  pos_med(mm)  pos_p95(mm)  rot_med(rad)  rot_p95(rad)     success   coll_free
  --------------------------------------------------------------------------------------------------------------------
  LS-CUDA                  611.893     616.591      0.0004    214.4796      0.0000      0.7395       18/32       32/32

================================================================================
Batch results — COLLISION-FREE IK  (N=256, timed=5)
================================================================================
  Method                   ms/prob  pos_med(mm)  pos_p95(mm)  rot_med(rad)  rot_p95(rad)     success   coll_free   gpu_pk(%)  gpu_avg(%)  vram_pk(MB)
  --------------------------------------------------------------------------------------------------------------------------------------------
  LS-CUDA                   26.059      0.0004    298.0600      0.0000      0.6930     160/256     256/256        100%        100%       19712

Results appended to /home/sadmin/Work/pyroffi/resources/bench_ik_results.csv

2026-09-07 18:51:01.572 | DEBUG    | pyroffi._robot_urdf_parser:_get_T_parent_joint:662 - Joint 'l_gripper_l_finger_2_joint' has no origin, assuming identity transform.
2026-09-07 18:51:01.573 | DEBUG    | pyroffi._robot_urdf_parser:_get_T_parent_joint:662 - Joint 'l_gripper_r_finger_2_joint' has no origin, assuming identity transform.
2026-09-07 18:51:01.575 | DEBUG    | pyroffi._robot_urdf_parser:_get_T_parent_joint:662 - Joint 'r_gripper_l_finger_2_joint' has no origin, assuming identity transform.
2026-09-07 18:51:01.576 | DEBUG    | pyroffi._robot_urdf_parser:_get_T_parent_joint:662 - Joint 'r_gripper_r_finger_2_joint' has no origin, assuming identity transform.
2026-09-07 18:51:01.958 | WARNING  | pyroffi._robot:from_urdf:149 - Dynamics unavailable for this URDF: URDF provides no <inertial> data; dynamics quantities would be degenerate.
2026-09-07 18:51:01.978 | DEBUG    | pyroffi._robot_urdf_parser:_get_T_parent_joint:662 - Joint 'l_gripper_l_finger_2_joint' has no origin, assuming identity transform.
2026-09-07 18:51:01.979 | DEBUG    | pyroffi._robot_urdf_parser:_get_T_parent_joint:662 - Joint 'l_gripper_r_finger_2_joint' has no origin, assuming identity transform.
2026-09-07 18:51:01.981 | DEBUG    | pyroffi._robot_urdf_parser:_get_T_parent_joint:662 - Joint 'r_gripper_l_finger_2_joint' has no origin, assuming identity transform.
2026-09-07 18:51:01.983 | DEBUG    | pyroffi._robot_urdf_parser:_get_T_parent_joint:662 - Joint 'r_gripper_r_finger_2_joint' has no origin, assuming identity transform.
2026-09-07 18:51:04.961 | INFO     | pyroffi.collision._robot_collision:from_urdf:701 - Created RobotCollision with 44 links and 671 active self-collision pairs, using spherical collision models.
================================================================================
IK benchmark: SQP-JAX  (robot=baxter, n_targets=32, n_timed=5)
GPU monitoring: enabled (pynvml)
================================================================================

Loading robot ...
  URDF: /home/sadmin/Work/pyroffi/resources/baxter/baxter_spherized.urdf
  14 actuated joints, target link: 'right_hand'
  Fixed joints: []

Setting up collision environment ...
  Using SRDF disabled pairs: /home/sadmin/Work/pyroffi/resources/baxter/baxter.srdf (454 pairs)
  baxter: dropped 5 obstacle(s) permanently intersecting a fixed link: ['sphere_3', 'sphere_4', 'sphere_5', 'sphere_7', 'sphere_8']
  Loaded environment from /home/sadmin/Work/pyroffi/resources/bench_env_large.json, filtered for baxter -> /home/sadmin/Work/pyroffi/resources/bench_env_large_baxter.json
  Obstacles: 4 spheres + 0 cuboids

Generating target poses (seq=32, batch=256) ...
Warming up SQP-JAX ...
Warming up SQP-JAX-COLL ...
Warming up SQP-JAX-BATCH ...
Warming up SQP-JAX-COLL-BATCH ...

────────────────────────────────────────────────────────────────────────────────
Sequential evaluation (per-problem latency) ...
────────────────────────────────────────────────────────────────────────────────
  Running SQP-JAX ...

────────────────────────────────────────────────────────────────────────────────
Sequential evaluation — collision-free IK ...
────────────────────────────────────────────────────────────────────────────────
  Running SQP-JAX-COLL ...

────────────────────────────────────────────────────────────────────────────────
Batch evaluation (all targets in one kernel launch) ...
────────────────────────────────────────────────────────────────────────────────
  Running SQP-JAX-BATCH ...

────────────────────────────────────────────────────────────────────────────────
Batch evaluation — collision-free IK ...
────────────────────────────────────────────────────────────────────────────────
  Running SQP-JAX-COLL-BATCH ...

================================================================================
Sequential results — per-problem latency  (N=32, timed=5)
================================================================================
  Method                 t_med(ms)   t_p95(ms)  pos_med(mm)  pos_p95(mm)  rot_med(rad)  rot_p95(rad)     success
  --------------------------------------------------------------------------------------------------------
  SQP-JAX                  322.955     323.009      0.1639      0.3207      0.0002      0.0003       32/32

================================================================================
Batch results — effective per-problem time  (N=256, timed=5)
================================================================================
  Method                   ms/prob  pos_med(mm)  pos_p95(mm)  rot_med(rad)  rot_p95(rad)     success   gpu_pk(%)  gpu_avg(%)  vram_pk(MB)
  --------------------------------------------------------------------------------------------------------------------------------
  SQP-JAX-BATCH              9.831      0.1793      0.3138      0.0002      0.0004     256/256        100%         99%       19070

================================================================================
Sequential results — COLLISION-FREE IK  (N=32, timed=5)
  Scene: /home/sadmin/Work/pyroffi/resources/bench_env_large_baxter.json
  Obstacles: 4 spheres + 0 cuboids
  coll_free: solutions with min signed dist > 0 (all links clear of all obstacles)
================================================================================
  Method                 t_med(ms)   t_p95(ms)  pos_med(mm)  pos_p95(mm)  rot_med(rad)  rot_p95(rad)     success   coll_free
  --------------------------------------------------------------------------------------------------------------------
  SQP-JAX                  494.291     494.335     39.5371    129.6509      0.2029      0.6522        0/32       32/32

================================================================================
Batch results — COLLISION-FREE IK  (N=256, timed=5)
================================================================================
  Method                   ms/prob  pos_med(mm)  pos_p95(mm)  rot_med(rad)  rot_p95(rad)     success   coll_free   gpu_pk(%)  gpu_avg(%)  vram_pk(MB)
  --------------------------------------------------------------------------------------------------------------------------------------------
  SQP-JAX                   57.826     34.1439    173.7200      0.1455      0.6587       3/256     256/256        100%        100%       19078

Results appended to /home/sadmin/Work/pyroffi/resources/bench_ik_results.csv

2026-09-07 19:12:57.273 | DEBUG    | pyroffi._robot_urdf_parser:_get_T_parent_joint:662 - Joint 'l_gripper_l_finger_2_joint' has no origin, assuming identity transform.
2026-09-07 19:12:57.275 | DEBUG    | pyroffi._robot_urdf_parser:_get_T_parent_joint:662 - Joint 'l_gripper_r_finger_2_joint' has no origin, assuming identity transform.
2026-09-07 19:12:57.277 | DEBUG    | pyroffi._robot_urdf_parser:_get_T_parent_joint:662 - Joint 'r_gripper_l_finger_2_joint' has no origin, assuming identity transform.
2026-09-07 19:12:57.278 | DEBUG    | pyroffi._robot_urdf_parser:_get_T_parent_joint:662 - Joint 'r_gripper_r_finger_2_joint' has no origin, assuming identity transform.
2026-09-07 19:12:57.661 | WARNING  | pyroffi._robot:from_urdf:149 - Dynamics unavailable for this URDF: URDF provides no <inertial> data; dynamics quantities would be degenerate.
2026-09-07 19:12:57.679 | DEBUG    | pyroffi._robot_urdf_parser:_get_T_parent_joint:662 - Joint 'l_gripper_l_finger_2_joint' has no origin, assuming identity transform.
2026-09-07 19:12:57.680 | DEBUG    | pyroffi._robot_urdf_parser:_get_T_parent_joint:662 - Joint 'l_gripper_r_finger_2_joint' has no origin, assuming identity transform.
2026-09-07 19:12:57.682 | DEBUG    | pyroffi._robot_urdf_parser:_get_T_parent_joint:662 - Joint 'r_gripper_l_finger_2_joint' has no origin, assuming identity transform.
2026-09-07 19:12:57.684 | DEBUG    | pyroffi._robot_urdf_parser:_get_T_parent_joint:662 - Joint 'r_gripper_r_finger_2_joint' has no origin, assuming identity transform.
2026-09-07 19:13:00.659 | INFO     | pyroffi.collision._robot_collision:from_urdf:701 - Created RobotCollision with 44 links and 671 active self-collision pairs, using spherical collision models.
================================================================================
IK benchmark: SQP-CUDA  (robot=baxter, n_targets=32, n_timed=5)
GPU monitoring: enabled (pynvml)
================================================================================

Loading robot ...
  URDF: /home/sadmin/Work/pyroffi/resources/baxter/baxter_spherized.urdf
  14 actuated joints, target link: 'right_hand'
  Fixed joints: []

Setting up collision environment ...
  Using SRDF disabled pairs: /home/sadmin/Work/pyroffi/resources/baxter/baxter.srdf (454 pairs)
  baxter: dropped 5 obstacle(s) permanently intersecting a fixed link: ['sphere_3', 'sphere_4', 'sphere_5', 'sphere_7', 'sphere_8']
  Loaded environment from /home/sadmin/Work/pyroffi/resources/bench_env_large.json, filtered for baxter -> /home/sadmin/Work/pyroffi/resources/bench_env_large_baxter.json
  Obstacles: 4 spheres + 0 cuboids

Generating target poses (seq=32, batch=256) ...
Warming up SQP-CUDA ...
Warming up SQP-CUDA-COLL ...
Warming up SQP-CUDA-BATCH ...
Warming up SQP-CUDA-COLL-BATCH ...

────────────────────────────────────────────────────────────────────────────────
Sequential evaluation (per-problem latency) ...
────────────────────────────────────────────────────────────────────────────────
  Running SQP-CUDA ...

────────────────────────────────────────────────────────────────────────────────
Sequential evaluation — collision-free IK ...
────────────────────────────────────────────────────────────────────────────────
  Running SQP-CUDA-COLL ...

────────────────────────────────────────────────────────────────────────────────
Batch evaluation (all targets in one kernel launch) ...
────────────────────────────────────────────────────────────────────────────────
  Running SQP-CUDA-BATCH ...

────────────────────────────────────────────────────────────────────────────────
Batch evaluation — collision-free IK ...
────────────────────────────────────────────────────────────────────────────────
  Running SQP-CUDA-COLL-BATCH ...

================================================================================
Sequential results — per-problem latency  (N=32, timed=5)
================================================================================
  Method                 t_med(ms)   t_p95(ms)  pos_med(mm)  pos_p95(mm)  rot_med(rad)  rot_p95(rad)     success
  --------------------------------------------------------------------------------------------------------
  SQP-CUDA                 199.983     203.157      0.0002      0.0004      0.0000      0.0000       32/32

================================================================================
Batch results — effective per-problem time  (N=256, timed=5)
================================================================================
  Method                   ms/prob  pos_med(mm)  pos_p95(mm)  rot_med(rad)  rot_p95(rad)     success   gpu_pk(%)  gpu_avg(%)  vram_pk(MB)
  --------------------------------------------------------------------------------------------------------------------------------
  SQP-CUDA-BATCH            10.891      0.0002      0.0004      0.0000      0.0000     256/256        100%        100%       21736

================================================================================
Sequential results — COLLISION-FREE IK  (N=32, timed=5)
  Scene: /home/sadmin/Work/pyroffi/resources/bench_env_large_baxter.json
  Obstacles: 4 spheres + 0 cuboids
  coll_free: solutions with min signed dist > 0 (all links clear of all obstacles)
================================================================================
  Method                 t_med(ms)   t_p95(ms)  pos_med(mm)  pos_p95(mm)  rot_med(rad)  rot_p95(rad)     success   coll_free
  --------------------------------------------------------------------------------------------------------------------
  SQP-CUDA                 297.876     299.822      0.1376     77.2703      0.0009      0.6806       17/32       30/32

================================================================================
Batch results — COLLISION-FREE IK  (N=256, timed=5)
================================================================================
  Method                   ms/prob  pos_med(mm)  pos_p95(mm)  rot_med(rad)  rot_p95(rad)     success   coll_free   gpu_pk(%)  gpu_avg(%)  vram_pk(MB)
  --------------------------------------------------------------------------------------------------------------------------------------------
  SQP-CUDA                  11.592      0.1467    200.9046      0.0004      0.8732     150/256     243/256        100%        100%       21742

Results appended to /home/sadmin/Work/pyroffi/resources/bench_ik_results.csv

2026-09-07 19:23:36.697 | DEBUG    | pyroffi._robot_urdf_parser:_get_T_parent_joint:662 - Joint 'l_gripper_l_finger_2_joint' has no origin, assuming identity transform.
2026-09-07 19:23:36.698 | DEBUG    | pyroffi._robot_urdf_parser:_get_T_parent_joint:662 - Joint 'l_gripper_r_finger_2_joint' has no origin, assuming identity transform.
2026-09-07 19:23:36.700 | DEBUG    | pyroffi._robot_urdf_parser:_get_T_parent_joint:662 - Joint 'r_gripper_l_finger_2_joint' has no origin, assuming identity transform.
2026-09-07 19:23:36.701 | DEBUG    | pyroffi._robot_urdf_parser:_get_T_parent_joint:662 - Joint 'r_gripper_r_finger_2_joint' has no origin, assuming identity transform.
2026-09-07 19:23:37.083 | WARNING  | pyroffi._robot:from_urdf:149 - Dynamics unavailable for this URDF: URDF provides no <inertial> data; dynamics quantities would be degenerate.
2026-09-07 19:23:37.101 | DEBUG    | pyroffi._robot_urdf_parser:_get_T_parent_joint:662 - Joint 'l_gripper_l_finger_2_joint' has no origin, assuming identity transform.
2026-09-07 19:23:37.102 | DEBUG    | pyroffi._robot_urdf_parser:_get_T_parent_joint:662 - Joint 'l_gripper_r_finger_2_joint' has no origin, assuming identity transform.
2026-09-07 19:23:37.104 | DEBUG    | pyroffi._robot_urdf_parser:_get_T_parent_joint:662 - Joint 'r_gripper_l_finger_2_joint' has no origin, assuming identity transform.
2026-09-07 19:23:37.105 | DEBUG    | pyroffi._robot_urdf_parser:_get_T_parent_joint:662 - Joint 'r_gripper_r_finger_2_joint' has no origin, assuming identity transform.
2026-09-07 19:23:40.117 | INFO     | pyroffi.collision._robot_collision:from_urdf:701 - Created RobotCollision with 44 links and 671 active self-collision pairs, using spherical collision models.
================================================================================
IK benchmark: MPPI-JAX  (robot=baxter, n_targets=32, n_timed=5)
GPU monitoring: enabled (pynvml)
================================================================================

Loading robot ...
  URDF: /home/sadmin/Work/pyroffi/resources/baxter/baxter_spherized.urdf
  14 actuated joints, target link: 'right_hand'
  Fixed joints: []

Setting up collision environment ...
  Using SRDF disabled pairs: /home/sadmin/Work/pyroffi/resources/baxter/baxter.srdf (454 pairs)
  baxter: dropped 5 obstacle(s) permanently intersecting a fixed link: ['sphere_3', 'sphere_4', 'sphere_5', 'sphere_7', 'sphere_8']
  Loaded environment from /home/sadmin/Work/pyroffi/resources/bench_env_large.json, filtered for baxter -> /home/sadmin/Work/pyroffi/resources/bench_env_large_baxter.json
  Obstacles: 4 spheres + 0 cuboids

Generating target poses (seq=32, batch=256) ...
Warming up MPPI-JAX ...
Warming up MPPI-JAX-COLL ...
Warming up MPPI-JAX-BATCH ...
Warming up MPPI-JAX-COLL-BATCH ...

────────────────────────────────────────────────────────────────────────────────
Sequential evaluation (per-problem latency) ...
────────────────────────────────────────────────────────────────────────────────
  Running MPPI-JAX ...

────────────────────────────────────────────────────────────────────────────────
Sequential evaluation — collision-free IK ...
────────────────────────────────────────────────────────────────────────────────
  Running MPPI-JAX-COLL ...

────────────────────────────────────────────────────────────────────────────────
Batch evaluation (all targets in one kernel launch) ...
────────────────────────────────────────────────────────────────────────────────
  Running MPPI-JAX-BATCH ...

────────────────────────────────────────────────────────────────────────────────
Batch evaluation — collision-free IK ...
────────────────────────────────────────────────────────────────────────────────
  Running MPPI-JAX-COLL-BATCH ...

================================================================================
Sequential results — per-problem latency  (N=32, timed=5)
================================================================================
  Method                 t_med(ms)   t_p95(ms)  pos_med(mm)  pos_p95(mm)  rot_med(rad)  rot_p95(rad)     success
  --------------------------------------------------------------------------------------------------------
  MPPI-JAX                 134.937     134.967      0.0392      0.2990      0.0002      0.0015       32/32

================================================================================
Batch results — effective per-problem time  (N=256, timed=5)
================================================================================
  Method                   ms/prob  pos_med(mm)  pos_p95(mm)  rot_med(rad)  rot_p95(rad)     success   gpu_pk(%)  gpu_avg(%)  vram_pk(MB)
  --------------------------------------------------------------------------------------------------------------------------------
  MPPI-JAX-BATCH             2.910      0.0268      0.3807      0.0002      0.0019     250/256        100%         99%       19076

================================================================================
Sequential results — COLLISION-FREE IK  (N=32, timed=5)
  Scene: /home/sadmin/Work/pyroffi/resources/bench_env_large_baxter.json
  Obstacles: 4 spheres + 0 cuboids
  coll_free: solutions with min signed dist > 0 (all links clear of all obstacles)
================================================================================
  Method                 t_med(ms)   t_p95(ms)  pos_med(mm)  pos_p95(mm)  rot_med(rad)  rot_p95(rad)     success   coll_free
  --------------------------------------------------------------------------------------------------------------------
  MPPI-JAX                 193.090     193.110      0.4724     30.3750      0.0030      0.1085       24/32       32/32

================================================================================
Batch results — COLLISION-FREE IK  (N=256, timed=5)
================================================================================
  Method                   ms/prob  pos_med(mm)  pos_p95(mm)  rot_med(rad)  rot_p95(rad)     success   coll_free   gpu_pk(%)  gpu_avg(%)  vram_pk(MB)
  --------------------------------------------------------------------------------------------------------------------------------------------
  MPPI-JAX                   7.859      0.4081     25.1025      0.0022      0.1206     181/256     256/256        100%         99%       19088

Results appended to /home/sadmin/Work/pyroffi/resources/bench_ik_results.csv

2026-09-07 19:30:41.695 | DEBUG    | pyroffi._robot_urdf_parser:_get_T_parent_joint:662 - Joint 'l_gripper_l_finger_2_joint' has no origin, assuming identity transform.
2026-09-07 19:30:41.696 | DEBUG    | pyroffi._robot_urdf_parser:_get_T_parent_joint:662 - Joint 'l_gripper_r_finger_2_joint' has no origin, assuming identity transform.
2026-09-07 19:30:41.698 | DEBUG    | pyroffi._robot_urdf_parser:_get_T_parent_joint:662 - Joint 'r_gripper_l_finger_2_joint' has no origin, assuming identity transform.
2026-09-07 19:30:41.699 | DEBUG    | pyroffi._robot_urdf_parser:_get_T_parent_joint:662 - Joint 'r_gripper_r_finger_2_joint' has no origin, assuming identity transform.
2026-09-07 19:30:42.082 | WARNING  | pyroffi._robot:from_urdf:149 - Dynamics unavailable for this URDF: URDF provides no <inertial> data; dynamics quantities would be degenerate.
2026-09-07 19:30:42.101 | DEBUG    | pyroffi._robot_urdf_parser:_get_T_parent_joint:662 - Joint 'l_gripper_l_finger_2_joint' has no origin, assuming identity transform.
2026-09-07 19:30:42.102 | DEBUG    | pyroffi._robot_urdf_parser:_get_T_parent_joint:662 - Joint 'l_gripper_r_finger_2_joint' has no origin, assuming identity transform.
2026-09-07 19:30:42.104 | DEBUG    | pyroffi._robot_urdf_parser:_get_T_parent_joint:662 - Joint 'r_gripper_l_finger_2_joint' has no origin, assuming identity transform.
2026-09-07 19:30:42.105 | DEBUG    | pyroffi._robot_urdf_parser:_get_T_parent_joint:662 - Joint 'r_gripper_r_finger_2_joint' has no origin, assuming identity transform.
2026-09-07 19:30:45.086 | INFO     | pyroffi.collision._robot_collision:from_urdf:701 - Created RobotCollision with 44 links and 671 active self-collision pairs, using spherical collision models.
================================================================================
IK benchmark: MPPI-CUDA  (robot=baxter, n_targets=32, n_timed=5)
GPU monitoring: enabled (pynvml)
================================================================================

Loading robot ...
  URDF: /home/sadmin/Work/pyroffi/resources/baxter/baxter_spherized.urdf
  14 actuated joints, target link: 'right_hand'
  Fixed joints: []

Setting up collision environment ...
  Using SRDF disabled pairs: /home/sadmin/Work/pyroffi/resources/baxter/baxter.srdf (454 pairs)
  baxter: dropped 5 obstacle(s) permanently intersecting a fixed link: ['sphere_3', 'sphere_4', 'sphere_5', 'sphere_7', 'sphere_8']
  Loaded environment from /home/sadmin/Work/pyroffi/resources/bench_env_large.json, filtered for baxter -> /home/sadmin/Work/pyroffi/resources/bench_env_large_baxter.json
  Obstacles: 4 spheres + 0 cuboids

Generating target poses (seq=32, batch=256) ...
Warming up MPPI-CUDA ...
Warming up MPPI-CUDA-COLL ...
Warming up MPPI-CUDA-BATCH ...
Warming up MPPI-CUDA-COLL-BATCH ...

────────────────────────────────────────────────────────────────────────────────
Sequential evaluation (per-problem latency) ...
────────────────────────────────────────────────────────────────────────────────
  Running MPPI-CUDA ...

────────────────────────────────────────────────────────────────────────────────
Sequential evaluation — collision-free IK ...
────────────────────────────────────────────────────────────────────────────────
  Running MPPI-CUDA-COLL ...

────────────────────────────────────────────────────────────────────────────────
Batch evaluation (all targets in one kernel launch) ...
────────────────────────────────────────────────────────────────────────────────
  Running MPPI-CUDA-BATCH ...

────────────────────────────────────────────────────────────────────────────────
Batch evaluation — collision-free IK ...
────────────────────────────────────────────────────────────────────────────────
  Running MPPI-CUDA-COLL-BATCH ...

================================================================================
Sequential results — per-problem latency  (N=32, timed=5)
================================================================================
  Method                 t_med(ms)   t_p95(ms)  pos_med(mm)  pos_p95(mm)  rot_med(rad)  rot_p95(rad)     success
  --------------------------------------------------------------------------------------------------------
  MPPI-CUDA                 21.931      22.454      0.0120      0.2094      0.0001      0.0017       32/32

================================================================================
Batch results — effective per-problem time  (N=256, timed=5)
================================================================================
  Method                   ms/prob  pos_med(mm)  pos_p95(mm)  rot_med(rad)  rot_p95(rad)     success   gpu_pk(%)  gpu_avg(%)  vram_pk(MB)
  --------------------------------------------------------------------------------------------------------------------------------
  MPPI-CUDA-BATCH            0.136      0.0052      0.4393      0.0000      0.0022     254/256        100%         73%       20154

================================================================================
Sequential results — COLLISION-FREE IK  (N=32, timed=5)
  Scene: /home/sadmin/Work/pyroffi/resources/bench_env_large_baxter.json
  Obstacles: 4 spheres + 0 cuboids
  coll_free: solutions with min signed dist > 0 (all links clear of all obstacles)
================================================================================
  Method                 t_med(ms)   t_p95(ms)  pos_med(mm)  pos_p95(mm)  rot_med(rad)  rot_p95(rad)     success   coll_free
  --------------------------------------------------------------------------------------------------------------------
  MPPI-CUDA                304.586     305.464      0.3429    110.5849      0.0006      0.8125       20/32       31/32

================================================================================
Batch results — COLLISION-FREE IK  (N=256, timed=5)
================================================================================
  Method                   ms/prob  pos_med(mm)  pos_p95(mm)  rot_med(rad)  rot_p95(rad)     success   coll_free   gpu_pk(%)  gpu_avg(%)  vram_pk(MB)
  --------------------------------------------------------------------------------------------------------------------------------------------
  MPPI-CUDA                  0.147      4.4803    211.4085      0.0241      0.6694      88/256     239/256        100%         75%       20156

Results appended to /home/sadmin/Work/pyroffi/resources/bench_ik_results.csv

2026-09-07 19:35:46.648 | DEBUG    | pyroffi._robot_urdf_parser:_get_T_parent_joint:662 - Joint 'l_gripper_l_finger_2_joint' has no origin, assuming identity transform.
2026-09-07 19:35:46.649 | DEBUG    | pyroffi._robot_urdf_parser:_get_T_parent_joint:662 - Joint 'l_gripper_r_finger_2_joint' has no origin, assuming identity transform.
2026-09-07 19:35:46.651 | DEBUG    | pyroffi._robot_urdf_parser:_get_T_parent_joint:662 - Joint 'r_gripper_l_finger_2_joint' has no origin, assuming identity transform.
2026-09-07 19:35:46.652 | DEBUG    | pyroffi._robot_urdf_parser:_get_T_parent_joint:662 - Joint 'r_gripper_r_finger_2_joint' has no origin, assuming identity transform.
2026-09-07 19:35:47.047 | WARNING  | pyroffi._robot:from_urdf:149 - Dynamics unavailable for this URDF: URDF provides no <inertial> data; dynamics quantities would be degenerate.
2026-09-07 19:35:47.073 | DEBUG    | pyroffi._robot_urdf_parser:_get_T_parent_joint:662 - Joint 'l_gripper_l_finger_2_joint' has no origin, assuming identity transform.
2026-09-07 19:35:47.074 | DEBUG    | pyroffi._robot_urdf_parser:_get_T_parent_joint:662 - Joint 'l_gripper_r_finger_2_joint' has no origin, assuming identity transform.
2026-09-07 19:35:47.076 | DEBUG    | pyroffi._robot_urdf_parser:_get_T_parent_joint:662 - Joint 'r_gripper_l_finger_2_joint' has no origin, assuming identity transform.
2026-09-07 19:35:47.077 | DEBUG    | pyroffi._robot_urdf_parser:_get_T_parent_joint:662 - Joint 'r_gripper_r_finger_2_joint' has no origin, assuming identity transform.
2026-09-07 19:35:50.377 | INFO     | pyroffi.collision._robot_collision:from_urdf:701 - Created RobotCollision with 44 links and 671 active self-collision pairs, using spherical collision models.
================================================================================
IK benchmark: Analytic-JAX  (robot=baxter, n_targets=32, n_timed=5)
GPU monitoring: enabled (pynvml)
================================================================================

Loading robot ...
  URDF: /home/sadmin/Work/pyroffi/resources/baxter/baxter_spherized.urdf
  14 actuated joints, target link: 'right_hand'
  Fixed joints: []

Setting up collision environment ...
  Using SRDF disabled pairs: /home/sadmin/Work/pyroffi/resources/baxter/baxter.srdf (454 pairs)
  baxter: dropped 5 obstacle(s) permanently intersecting a fixed link: ['sphere_3', 'sphere_4', 'sphere_5', 'sphere_7', 'sphere_8']
  Loaded environment from /home/sadmin/Work/pyroffi/resources/bench_env_large.json, filtered for baxter -> /home/sadmin/Work/pyroffi/resources/bench_env_large_baxter.json
  Obstacles: 4 spheres + 0 cuboids

Generating target poses (seq=32, batch=256) ...

────────────────────────────────────────────────────────────────────────────────
Sequential evaluation (per-problem latency) ...
────────────────────────────────────────────────────────────────────────────────

────────────────────────────────────────────────────────────────────────────────
Sequential evaluation — collision-free IK ...
────────────────────────────────────────────────────────────────────────────────

────────────────────────────────────────────────────────────────────────────────
Batch evaluation (all targets in one kernel launch) ...
────────────────────────────────────────────────────────────────────────────────

────────────────────────────────────────────────────────────────────────────────
Batch evaluation — collision-free IK ...
────────────────────────────────────────────────────────────────────────────────

================================================================================
Sequential results — per-problem latency  (N=32, timed=5)
================================================================================
  Method                 t_med(ms)   t_p95(ms)  pos_med(mm)  pos_p95(mm)  rot_med(rad)  rot_p95(rad)     success
  --------------------------------------------------------------------------------------------------------

================================================================================
Batch results — effective per-problem time  (N=256, timed=5)
================================================================================
  Method                   ms/prob  pos_med(mm)  pos_p95(mm)  rot_med(rad)  rot_p95(rad)     success   gpu_pk(%)  gpu_avg(%)  vram_pk(MB)
  --------------------------------------------------------------------------------------------------------------------------------

================================================================================
Sequential results — COLLISION-FREE IK  (N=32, timed=5)
  Scene: /home/sadmin/Work/pyroffi/resources/bench_env_large_baxter.json
  Obstacles: 4 spheres + 0 cuboids
  coll_free: solutions with min signed dist > 0 (all links clear of all obstacles)
================================================================================
  Method                 t_med(ms)   t_p95(ms)  pos_med(mm)  pos_p95(mm)  rot_med(rad)  rot_p95(rad)     success   coll_free
  --------------------------------------------------------------------------------------------------------------------

================================================================================
Batch results — COLLISION-FREE IK  (N=256, timed=5)
================================================================================
  Method                   ms/prob  pos_med(mm)  pos_p95(mm)  rot_med(rad)  rot_p95(rad)     success   coll_free   gpu_pk(%)  gpu_avg(%)  vram_pk(MB)
  --------------------------------------------------------------------------------------------------------------------------------------------

Results appended to /home/sadmin/Work/pyroffi/resources/bench_ik_results.csv

2026-09-07 19:35:55.608 | DEBUG    | pyroffi._robot_urdf_parser:_get_T_parent_joint:662 - Joint 'l_gripper_l_finger_2_joint' has no origin, assuming identity transform.
2026-09-07 19:35:55.609 | DEBUG    | pyroffi._robot_urdf_parser:_get_T_parent_joint:662 - Joint 'l_gripper_r_finger_2_joint' has no origin, assuming identity transform.
2026-09-07 19:35:55.612 | DEBUG    | pyroffi._robot_urdf_parser:_get_T_parent_joint:662 - Joint 'r_gripper_l_finger_2_joint' has no origin, assuming identity transform.
2026-09-07 19:35:55.613 | DEBUG    | pyroffi._robot_urdf_parser:_get_T_parent_joint:662 - Joint 'r_gripper_r_finger_2_joint' has no origin, assuming identity transform.
2026-09-07 19:35:56.012 | WARNING  | pyroffi._robot:from_urdf:149 - Dynamics unavailable for this URDF: URDF provides no <inertial> data; dynamics quantities would be degenerate.
2026-09-07 19:35:56.037 | DEBUG    | pyroffi._robot_urdf_parser:_get_T_parent_joint:662 - Joint 'l_gripper_l_finger_2_joint' has no origin, assuming identity transform.
2026-09-07 19:35:56.038 | DEBUG    | pyroffi._robot_urdf_parser:_get_T_parent_joint:662 - Joint 'l_gripper_r_finger_2_joint' has no origin, assuming identity transform.
2026-09-07 19:35:56.040 | DEBUG    | pyroffi._robot_urdf_parser:_get_T_parent_joint:662 - Joint 'r_gripper_l_finger_2_joint' has no origin, assuming identity transform.
2026-09-07 19:35:56.041 | DEBUG    | pyroffi._robot_urdf_parser:_get_T_parent_joint:662 - Joint 'r_gripper_r_finger_2_joint' has no origin, assuming identity transform.
2026-09-07 19:35:59.375 | INFO     | pyroffi.collision._robot_collision:from_urdf:701 - Created RobotCollision with 44 links and 671 active self-collision pairs, using spherical collision models.
================================================================================
IK benchmark: Analytic-CUDA  (robot=baxter, n_targets=32, n_timed=5)
GPU monitoring: enabled (pynvml)
================================================================================

Loading robot ...
  URDF: /home/sadmin/Work/pyroffi/resources/baxter/baxter_spherized.urdf
  14 actuated joints, target link: 'right_hand'
  Fixed joints: []

Setting up collision environment ...
  Using SRDF disabled pairs: /home/sadmin/Work/pyroffi/resources/baxter/baxter.srdf (454 pairs)
  baxter: dropped 5 obstacle(s) permanently intersecting a fixed link: ['sphere_3', 'sphere_4', 'sphere_5', 'sphere_7', 'sphere_8']
  Loaded environment from /home/sadmin/Work/pyroffi/resources/bench_env_large.json, filtered for baxter -> /home/sadmin/Work/pyroffi/resources/bench_env_large_baxter.json
  Obstacles: 4 spheres + 0 cuboids

Generating target poses (seq=32, batch=256) ...

────────────────────────────────────────────────────────────────────────────────
Sequential evaluation (per-problem latency) ...
────────────────────────────────────────────────────────────────────────────────

────────────────────────────────────────────────────────────────────────────────
Sequential evaluation — collision-free IK ...
────────────────────────────────────────────────────────────────────────────────

────────────────────────────────────────────────────────────────────────────────
Batch evaluation (all targets in one kernel launch) ...
────────────────────────────────────────────────────────────────────────────────

────────────────────────────────────────────────────────────────────────────────
Batch evaluation — collision-free IK ...
────────────────────────────────────────────────────────────────────────────────

================================================================================
Sequential results — per-problem latency  (N=32, timed=5)
================================================================================
  Method                 t_med(ms)   t_p95(ms)  pos_med(mm)  pos_p95(mm)  rot_med(rad)  rot_p95(rad)     success
  --------------------------------------------------------------------------------------------------------

================================================================================
Batch results — effective per-problem time  (N=256, timed=5)
================================================================================
  Method                   ms/prob  pos_med(mm)  pos_p95(mm)  rot_med(rad)  rot_p95(rad)     success   gpu_pk(%)  gpu_avg(%)  vram_pk(MB)
  --------------------------------------------------------------------------------------------------------------------------------

================================================================================
Sequential results — COLLISION-FREE IK  (N=32, timed=5)
  Scene: /home/sadmin/Work/pyroffi/resources/bench_env_large_baxter.json
  Obstacles: 4 spheres + 0 cuboids
  coll_free: solutions with min signed dist > 0 (all links clear of all obstacles)
================================================================================
  Method                 t_med(ms)   t_p95(ms)  pos_med(mm)  pos_p95(mm)  rot_med(rad)  rot_p95(rad)     success   coll_free
  --------------------------------------------------------------------------------------------------------------------

================================================================================
Batch results — COLLISION-FREE IK  (N=256, timed=5)
================================================================================
  Method                   ms/prob  pos_med(mm)  pos_p95(mm)  rot_med(rad)  rot_p95(rad)     success   coll_free   gpu_pk(%)  gpu_avg(%)  vram_pk(MB)
  --------------------------------------------------------------------------------------------------------------------------------------------

Results appended to /home/sadmin/Work/pyroffi/resources/bench_ik_results.csv

2026-09-07 19:36:04.571 | DEBUG    | pyroffi._robot_urdf_parser:_get_T_parent_joint:662 - Joint 'l_gripper_l_finger_2_joint' has no origin, assuming identity transform.
2026-09-07 19:36:04.572 | DEBUG    | pyroffi._robot_urdf_parser:_get_T_parent_joint:662 - Joint 'l_gripper_r_finger_2_joint' has no origin, assuming identity transform.
2026-09-07 19:36:04.574 | DEBUG    | pyroffi._robot_urdf_parser:_get_T_parent_joint:662 - Joint 'r_gripper_l_finger_2_joint' has no origin, assuming identity transform.
2026-09-07 19:36:04.575 | DEBUG    | pyroffi._robot_urdf_parser:_get_T_parent_joint:662 - Joint 'r_gripper_r_finger_2_joint' has no origin, assuming identity transform.
2026-09-07 19:36:04.960 | WARNING  | pyroffi._robot:from_urdf:149 - Dynamics unavailable for this URDF: URDF provides no <inertial> data; dynamics quantities would be degenerate.
2026-09-07 19:36:04.980 | DEBUG    | pyroffi._robot_urdf_parser:_get_T_parent_joint:662 - Joint 'l_gripper_l_finger_2_joint' has no origin, assuming identity transform.
2026-09-07 19:36:04.981 | DEBUG    | pyroffi._robot_urdf_parser:_get_T_parent_joint:662 - Joint 'l_gripper_r_finger_2_joint' has no origin, assuming identity transform.
2026-09-07 19:36:04.983 | DEBUG    | pyroffi._robot_urdf_parser:_get_T_parent_joint:662 - Joint 'r_gripper_l_finger_2_joint' has no origin, assuming identity transform.
2026-09-07 19:36:04.984 | DEBUG    | pyroffi._robot_urdf_parser:_get_T_parent_joint:662 - Joint 'r_gripper_r_finger_2_joint' has no origin, assuming identity transform.
2026-09-07 19:36:07.951 | INFO     | pyroffi.collision._robot_collision:from_urdf:701 - Created RobotCollision with 44 links and 671 active self-collision pairs, using spherical collision models.
================================================================================
IK benchmark: Learned-JAX  (robot=baxter, n_targets=32, n_timed=5)
GPU monitoring: enabled (pynvml)
================================================================================

Loading robot ...
  URDF: /home/sadmin/Work/pyroffi/resources/baxter/baxter_spherized.urdf
  14 actuated joints, target link: 'right_hand'
  Fixed joints: []

Setting up collision environment ...
  Using SRDF disabled pairs: /home/sadmin/Work/pyroffi/resources/baxter/baxter.srdf (454 pairs)
  baxter: dropped 5 obstacle(s) permanently intersecting a fixed link: ['sphere_3', 'sphere_4', 'sphere_5', 'sphere_7', 'sphere_8']
  Loaded environment from /home/sadmin/Work/pyroffi/resources/bench_env_large.json, filtered for baxter -> /home/sadmin/Work/pyroffi/resources/bench_env_large_baxter.json
  Obstacles: 4 spheres + 0 cuboids

Learned-IK model not found at /home/sadmin/Work/pyroffi/resources/learned_ik/baxter.pkl
  Run: python train_learned_ik.py --robot baxter
  Learned-IK rows will be skipped in the benchmark.

Generating target poses (seq=32, batch=256) ...

────────────────────────────────────────────────────────────────────────────────
Sequential evaluation (per-problem latency) ...
────────────────────────────────────────────────────────────────────────────────

────────────────────────────────────────────────────────────────────────────────
Sequential evaluation — collision-free IK ...
────────────────────────────────────────────────────────────────────────────────

────────────────────────────────────────────────────────────────────────────────
Batch evaluation (all targets in one kernel launch) ...
────────────────────────────────────────────────────────────────────────────────

────────────────────────────────────────────────────────────────────────────────
Batch evaluation — collision-free IK ...
────────────────────────────────────────────────────────────────────────────────

================================================================================
Sequential results — per-problem latency  (N=32, timed=5)
================================================================================
  Method                 t_med(ms)   t_p95(ms)  pos_med(mm)  pos_p95(mm)  rot_med(rad)  rot_p95(rad)     success
  --------------------------------------------------------------------------------------------------------

================================================================================
Batch results — effective per-problem time  (N=256, timed=5)
================================================================================
  Method                   ms/prob  pos_med(mm)  pos_p95(mm)  rot_med(rad)  rot_p95(rad)     success   gpu_pk(%)  gpu_avg(%)  vram_pk(MB)
  --------------------------------------------------------------------------------------------------------------------------------

================================================================================
Sequential results — COLLISION-FREE IK  (N=32, timed=5)
  Scene: /home/sadmin/Work/pyroffi/resources/bench_env_large_baxter.json
  Obstacles: 4 spheres + 0 cuboids
  coll_free: solutions with min signed dist > 0 (all links clear of all obstacles)
================================================================================
  Method                 t_med(ms)   t_p95(ms)  pos_med(mm)  pos_p95(mm)  rot_med(rad)  rot_p95(rad)     success   coll_free
  --------------------------------------------------------------------------------------------------------------------

================================================================================
Batch results — COLLISION-FREE IK  (N=256, timed=5)
================================================================================
  Method                   ms/prob  pos_med(mm)  pos_p95(mm)  rot_med(rad)  rot_p95(rad)     success   coll_free   gpu_pk(%)  gpu_avg(%)  vram_pk(MB)
  --------------------------------------------------------------------------------------------------------------------------------------------

Results appended to /home/sadmin/Work/pyroffi/resources/bench_ik_results.csv

2026-09-07 19:36:13.209 | DEBUG    | pyroffi._robot_urdf_parser:_get_T_parent_joint:662 - Joint 'l_gripper_l_finger_2_joint' has no origin, assuming identity transform.
2026-09-07 19:36:13.211 | DEBUG    | pyroffi._robot_urdf_parser:_get_T_parent_joint:662 - Joint 'l_gripper_r_finger_2_joint' has no origin, assuming identity transform.
2026-09-07 19:36:13.213 | DEBUG    | pyroffi._robot_urdf_parser:_get_T_parent_joint:662 - Joint 'r_gripper_l_finger_2_joint' has no origin, assuming identity transform.
2026-09-07 19:36:13.214 | DEBUG    | pyroffi._robot_urdf_parser:_get_T_parent_joint:662 - Joint 'r_gripper_r_finger_2_joint' has no origin, assuming identity transform.
2026-09-07 19:36:13.596 | WARNING  | pyroffi._robot:from_urdf:149 - Dynamics unavailable for this URDF: URDF provides no <inertial> data; dynamics quantities would be degenerate.
2026-09-07 19:36:13.613 | DEBUG    | pyroki._robot_urdf_parser:_get_T_parent_joint:399 - Joint 'l_gripper_l_finger_2_joint' has no origin, assuming identity transform.
2026-09-07 19:36:13.614 | DEBUG    | pyroki._robot_urdf_parser:_get_T_parent_joint:399 - Joint 'l_gripper_r_finger_2_joint' has no origin, assuming identity transform.
2026-09-07 19:36:13.616 | DEBUG    | pyroki._robot_urdf_parser:_get_T_parent_joint:399 - Joint 'r_gripper_l_finger_2_joint' has no origin, assuming identity transform.
2026-09-07 19:36:13.617 | DEBUG    | pyroki._robot_urdf_parser:_get_T_parent_joint:399 - Joint 'r_gripper_r_finger_2_joint' has no origin, assuming identity transform.
2026-09-07 19:36:13.776 | INFO     | jaxls._py310._problem:analyze:126 - Building optimization problem with 2 terms and 1 variables: 2 costs, 0 eq_zero, 0 leq_zero, 0 geq_zero
2026-09-07 19:36:13.870 | INFO     | jaxls._py310._problem:analyze:234 - Vectorizing group with 1 costs, 1 variables each: pose_residual
2026-09-07 19:36:13.890 | INFO     | jaxls._py310._problem:analyze:234 - Vectorizing group with 1 costs, 1 variables each: limit_residual
2026-09-07 19:36:13.900 | INFO     | jaxls._py310._problem:analyze:312 - Variable elimination: variable IDs are traced; solves will not use elimination
2026-09-07 19:36:24.379 | DEBUG    | pyroffi._robot_urdf_parser:_get_T_parent_joint:662 - Joint 'l_gripper_l_finger_2_joint' has no origin, assuming identity transform.
2026-09-07 19:36:24.381 | DEBUG    | pyroffi._robot_urdf_parser:_get_T_parent_joint:662 - Joint 'l_gripper_r_finger_2_joint' has no origin, assuming identity transform.
2026-09-07 19:36:24.382 | DEBUG    | pyroffi._robot_urdf_parser:_get_T_parent_joint:662 - Joint 'r_gripper_l_finger_2_joint' has no origin, assuming identity transform.
2026-09-07 19:36:24.384 | DEBUG    | pyroffi._robot_urdf_parser:_get_T_parent_joint:662 - Joint 'r_gripper_r_finger_2_joint' has no origin, assuming identity transform.
2026-09-07 19:36:27.452 | INFO     | pyroffi.collision._robot_collision:from_urdf:701 - Created RobotCollision with 44 links and 671 active self-collision pairs, using spherical collision models.
2026-09-07 19:41:35.027 | INFO     | jaxls._py310._problem:analyze:126 - Building optimization problem with 3 terms and 1 variables: 3 costs, 0 eq_zero, 0 leq_zero, 0 geq_zero
2026-09-07 19:41:35.036 | INFO     | jaxls._py310._problem:analyze:234 - Vectorizing group with 1 costs, 1 variables each: limit_residual
2026-09-07 19:41:35.061 | INFO     | jaxls._py310._problem:analyze:234 - Vectorizing group with 1 costs, 1 variables each: pyroki_collision_penalty
2026-09-07 19:41:35.069 | INFO     | jaxls._py310._problem:analyze:234 - Vectorizing group with 1 costs, 1 variables each: pose_residual
2026-09-07 19:41:35.078 | INFO     | jaxls._py310._problem:analyze:312 - Variable elimination: variable IDs are traced; solves will not use elimination
================================================================================
IK benchmark: PyRoKi-LS  (robot=baxter, n_targets=32, n_timed=5)
GPU monitoring: enabled (pynvml)
================================================================================

Loading robot ...
  URDF: /home/sadmin/Work/pyroffi/resources/baxter/baxter_spherized.urdf
  14 actuated joints, target link: 'right_hand'
  Fixed joints: []

Setting up PyRoKi solvers (LS + AnalyticJac) ...
  Warming up PyRoKi-LS (JIT compile) ...
  PyRoKi-LS ready.

Setting up collision environment ...
  Using SRDF disabled pairs: /home/sadmin/Work/pyroffi/resources/baxter/baxter.srdf (454 pairs)
  baxter: dropped 5 obstacle(s) permanently intersecting a fixed link: ['sphere_3', 'sphere_4', 'sphere_5', 'sphere_7', 'sphere_8']
  Loaded environment from /home/sadmin/Work/pyroffi/resources/bench_env_large.json, filtered for baxter -> /home/sadmin/Work/pyroffi/resources/bench_env_large_baxter.json
  Obstacles: 4 spheres + 0 cuboids
  Setting up collision-aware PyRoKi-LS ...

Generating target poses (seq=32, batch=256) ...
Warming up PyRoKi-LS-BATCH ...

────────────────────────────────────────────────────────────────────────────────
Sequential evaluation (per-problem latency) ...
────────────────────────────────────────────────────────────────────────────────
  Running PyRoKi-LS ...

────────────────────────────────────────────────────────────────────────────────
Sequential evaluation — collision-free IK ...
────────────────────────────────────────────────────────────────────────────────
  Running PyRoKi-LS-COLL ...

────────────────────────────────────────────────────────────────────────────────
Batch evaluation (all targets in one kernel launch) ...
────────────────────────────────────────────────────────────────────────────────
  Running PyRoKi-LS-BATCH ...

────────────────────────────────────────────────────────────────────────────────
Batch evaluation — collision-free IK ...
────────────────────────────────────────────────────────────────────────────────
  Running PyRoKi-LS-COLL-BATCH ...

================================================================================
Sequential results — per-problem latency  (N=32, timed=5)
================================================================================
  Method                 t_med(ms)   t_p95(ms)  pos_med(mm)  pos_p95(mm)  rot_med(rad)  rot_p95(rad)     success
  --------------------------------------------------------------------------------------------------------
  PyRoKi-LS               1266.451    1337.289      0.0002      0.0005      0.0000      0.0000       32/32

================================================================================
Batch results — effective per-problem time  (N=256, timed=5)
================================================================================
  Method                   ms/prob  pos_med(mm)  pos_p95(mm)  rot_med(rad)  rot_p95(rad)     success   gpu_pk(%)  gpu_avg(%)  vram_pk(MB)
  --------------------------------------------------------------------------------------------------------------------------------
  PyRoKi-LS-BATCH           67.499      0.0002      0.0005      0.0000      0.0000     256/256        100%         99%       19226

================================================================================
Sequential results — COLLISION-FREE IK  (N=32, timed=5)
  Scene: /home/sadmin/Work/pyroffi/resources/bench_env_large_baxter.json
  Obstacles: 4 spheres + 0 cuboids
  coll_free: solutions with min signed dist > 0 (all links clear of all obstacles)
================================================================================
  Method                 t_med(ms)   t_p95(ms)  pos_med(mm)  pos_p95(mm)  rot_med(rad)  rot_p95(rad)     success   coll_free
  --------------------------------------------------------------------------------------------------------------------
  PyRoKi-LS               1556.826    1691.755      0.0253     13.7019      0.0001      0.1593       25/32       32/32

================================================================================
Batch results — COLLISION-FREE IK  (N=256, timed=5)
================================================================================
  Method                   ms/prob  pos_med(mm)  pos_p95(mm)  rot_med(rad)  rot_p95(rad)     success   coll_free   gpu_pk(%)  gpu_avg(%)  vram_pk(MB)
  --------------------------------------------------------------------------------------------------------------------------------------------
  PyRoKi-LS                 66.580      0.0131     15.1962      0.0001      0.0926     215/256     256/256        100%         99%       19228

Results appended to /home/sadmin/Work/pyroffi/resources/bench_ik_results.csv

2026-09-07 19:50:14.295 | DEBUG    | pyroffi._robot_urdf_parser:_get_T_parent_joint:662 - Joint 'l_gripper_l_finger_2_joint' has no origin, assuming identity transform.
2026-09-07 19:50:14.296 | DEBUG    | pyroffi._robot_urdf_parser:_get_T_parent_joint:662 - Joint 'l_gripper_r_finger_2_joint' has no origin, assuming identity transform.
2026-09-07 19:50:14.298 | DEBUG    | pyroffi._robot_urdf_parser:_get_T_parent_joint:662 - Joint 'r_gripper_l_finger_2_joint' has no origin, assuming identity transform.
2026-09-07 19:50:14.299 | DEBUG    | pyroffi._robot_urdf_parser:_get_T_parent_joint:662 - Joint 'r_gripper_r_finger_2_joint' has no origin, assuming identity transform.
2026-09-07 19:50:14.679 | WARNING  | pyroffi._robot:from_urdf:149 - Dynamics unavailable for this URDF: URDF provides no <inertial> data; dynamics quantities would be degenerate.
2026-09-07 19:50:14.697 | DEBUG    | pyroki._robot_urdf_parser:_get_T_parent_joint:399 - Joint 'l_gripper_l_finger_2_joint' has no origin, assuming identity transform.
2026-09-07 19:50:14.698 | DEBUG    | pyroki._robot_urdf_parser:_get_T_parent_joint:399 - Joint 'l_gripper_r_finger_2_joint' has no origin, assuming identity transform.
2026-09-07 19:50:14.700 | DEBUG    | pyroki._robot_urdf_parser:_get_T_parent_joint:399 - Joint 'r_gripper_l_finger_2_joint' has no origin, assuming identity transform.
2026-09-07 19:50:14.701 | DEBUG    | pyroki._robot_urdf_parser:_get_T_parent_joint:399 - Joint 'r_gripper_r_finger_2_joint' has no origin, assuming identity transform.
2026-09-07 19:50:14.869 | INFO     | jaxls._py310._problem:analyze:126 - Building optimization problem with 2 terms and 1 variables: 2 costs, 0 eq_zero, 0 leq_zero, 0 geq_zero
2026-09-07 19:50:14.889 | INFO     | jaxls._py310._problem:analyze:234 - Vectorizing group with 1 costs, 1 variables each: limit_residual
2026-09-07 19:50:14.979 | INFO     | jaxls._py310._problem:analyze:234 - Vectorizing group with 1 costs, 1 variables each: _pose_cost_analytical_jac
2026-09-07 19:50:14.989 | INFO     | jaxls._py310._problem:analyze:312 - Variable elimination: variable IDs are traced; solves will not use elimination
2026-09-07 19:50:21.015 | DEBUG    | pyroffi._robot_urdf_parser:_get_T_parent_joint:662 - Joint 'l_gripper_l_finger_2_joint' has no origin, assuming identity transform.
2026-09-07 19:50:21.016 | DEBUG    | pyroffi._robot_urdf_parser:_get_T_parent_joint:662 - Joint 'l_gripper_r_finger_2_joint' has no origin, assuming identity transform.
2026-09-07 19:50:21.018 | DEBUG    | pyroffi._robot_urdf_parser:_get_T_parent_joint:662 - Joint 'r_gripper_l_finger_2_joint' has no origin, assuming identity transform.
2026-09-07 19:50:21.019 | DEBUG    | pyroffi._robot_urdf_parser:_get_T_parent_joint:662 - Joint 'r_gripper_r_finger_2_joint' has no origin, assuming identity transform.
2026-09-07 19:50:24.031 | INFO     | pyroffi.collision._robot_collision:from_urdf:701 - Created RobotCollision with 44 links and 671 active self-collision pairs, using spherical collision models.
2026-09-07 19:54:02.967 | INFO     | jaxls._py310._problem:analyze:126 - Building optimization problem with 3 terms and 1 variables: 3 costs, 0 eq_zero, 0 leq_zero, 0 geq_zero
2026-09-07 19:54:02.976 | INFO     | jaxls._py310._problem:analyze:234 - Vectorizing group with 1 costs, 1 variables each: limit_residual
2026-09-07 19:54:03.001 | INFO     | jaxls._py310._problem:analyze:234 - Vectorizing group with 1 costs, 1 variables each: pyroki_collision_penalty
2026-09-07 19:54:03.009 | INFO     | jaxls._py310._problem:analyze:234 - Vectorizing group with 1 costs, 1 variables each: pose_residual
2026-09-07 19:54:03.019 | INFO     | jaxls._py310._problem:analyze:312 - Variable elimination: variable IDs are traced; solves will not use elimination
================================================================================
IK benchmark: PyRoKi-AnalyticJac  (robot=baxter, n_targets=32, n_timed=5)
GPU monitoring: enabled (pynvml)
================================================================================

Loading robot ...
  URDF: /home/sadmin/Work/pyroffi/resources/baxter/baxter_spherized.urdf
  14 actuated joints, target link: 'right_hand'
  Fixed joints: []

Setting up PyRoKi solvers (LS + AnalyticJac) ...
  Warming up PyRoKi-AnalyticJac (JIT compile) ...
  PyRoKi-AnalyticJac ready.

Setting up collision environment ...
  Using SRDF disabled pairs: /home/sadmin/Work/pyroffi/resources/baxter/baxter.srdf (454 pairs)
  baxter: dropped 5 obstacle(s) permanently intersecting a fixed link: ['sphere_3', 'sphere_4', 'sphere_5', 'sphere_7', 'sphere_8']
  Loaded environment from /home/sadmin/Work/pyroffi/resources/bench_env_large.json, filtered for baxter -> /home/sadmin/Work/pyroffi/resources/bench_env_large_baxter.json
  Obstacles: 4 spheres + 0 cuboids
  Setting up collision-aware PyRoKi-AnalyticJac ...

Generating target poses (seq=32, batch=256) ...
Warming up PyRoKi-AnalyticJac-BATCH ...

────────────────────────────────────────────────────────────────────────────────
Sequential evaluation (per-problem latency) ...
────────────────────────────────────────────────────────────────────────────────
  Running PyRoKi-AnalyticJac ...

────────────────────────────────────────────────────────────────────────────────
Sequential evaluation — collision-free IK ...
────────────────────────────────────────────────────────────────────────────────
  Running PyRoKi-AnalyticJac-COLL ...

────────────────────────────────────────────────────────────────────────────────
Batch evaluation (all targets in one kernel launch) ...
────────────────────────────────────────────────────────────────────────────────
  Running PyRoKi-AnalyticJac-BATCH ...

────────────────────────────────────────────────────────────────────────────────
Batch evaluation — collision-free IK ...
────────────────────────────────────────────────────────────────────────────────
  Running PyRoKi-AnalyticJac-COLL-BATCH ...

================================================================================
Sequential results — per-problem latency  (N=32, timed=5)
================================================================================
  Method                 t_med(ms)   t_p95(ms)  pos_med(mm)  pos_p95(mm)  rot_med(rad)  rot_p95(rad)     success
  --------------------------------------------------------------------------------------------------------
  PyRoKi-AnalyticJac       917.515     971.749      0.0003      0.0004      0.0000      0.0000       32/32

================================================================================
Batch results — effective per-problem time  (N=256, timed=5)
================================================================================
  Method                   ms/prob  pos_med(mm)  pos_p95(mm)  rot_med(rad)  rot_p95(rad)     success   gpu_pk(%)  gpu_avg(%)  vram_pk(MB)
  --------------------------------------------------------------------------------------------------------------------------------
  PyRoKi-AnalyticJac-BATCH      33.581      0.0003      0.0005      0.0000      0.0000     256/256         99%         99%       19222

================================================================================
Sequential results — COLLISION-FREE IK  (N=32, timed=5)
  Scene: /home/sadmin/Work/pyroffi/resources/bench_env_large_baxter.json
  Obstacles: 4 spheres + 0 cuboids
  coll_free: solutions with min signed dist > 0 (all links clear of all obstacles)
================================================================================
  Method                 t_med(ms)   t_p95(ms)  pos_med(mm)  pos_p95(mm)  rot_med(rad)  rot_p95(rad)     success   coll_free
  --------------------------------------------------------------------------------------------------------------------
  PyRoKi-AnalyticJac      1555.940    1670.668      0.0509     16.6307      0.0003      0.1118       26/32       32/32

================================================================================
Batch results — COLLISION-FREE IK  (N=256, timed=5)
================================================================================
  Method                   ms/prob  pos_med(mm)  pos_p95(mm)  rot_med(rad)  rot_p95(rad)     success   coll_free   gpu_pk(%)  gpu_avg(%)  vram_pk(MB)
  --------------------------------------------------------------------------------------------------------------------------------------------
  PyRoKi-AnalyticJac        67.237      0.0131     15.1962      0.0001      0.0926     215/256     256/256        100%         99%       19226

Results appended to /home/sadmin/Work/pyroffi/resources/bench_ik_results.csv

2026-09-07 20:01:59.887 | DEBUG    | pyroffi._robot_urdf_parser:_get_T_parent_joint:662 - Joint 'l_gripper_l_finger_2_joint' has no origin, assuming identity transform.
2026-09-07 20:01:59.888 | DEBUG    | pyroffi._robot_urdf_parser:_get_T_parent_joint:662 - Joint 'l_gripper_r_finger_2_joint' has no origin, assuming identity transform.
2026-09-07 20:01:59.891 | DEBUG    | pyroffi._robot_urdf_parser:_get_T_parent_joint:662 - Joint 'r_gripper_l_finger_2_joint' has no origin, assuming identity transform.
2026-09-07 20:01:59.892 | DEBUG    | pyroffi._robot_urdf_parser:_get_T_parent_joint:662 - Joint 'r_gripper_r_finger_2_joint' has no origin, assuming identity transform.
2026-09-07 20:02:00.279 | WARNING  | pyroffi._robot:from_urdf:149 - Dynamics unavailable for this URDF: URDF provides no <inertial> data; dynamics quantities would be degenerate.
2026-09-07 20:02:05.742 | DEBUG    | pyroffi._robot_urdf_parser:_get_T_parent_joint:662 - Joint 'l_gripper_l_finger_2_joint' has no origin, assuming identity transform.
2026-09-07 20:02:05.743 | DEBUG    | pyroffi._robot_urdf_parser:_get_T_parent_joint:662 - Joint 'l_gripper_r_finger_2_joint' has no origin, assuming identity transform.
2026-09-07 20:02:05.745 | DEBUG    | pyroffi._robot_urdf_parser:_get_T_parent_joint:662 - Joint 'r_gripper_l_finger_2_joint' has no origin, assuming identity transform.
2026-09-07 20:02:05.747 | DEBUG    | pyroffi._robot_urdf_parser:_get_T_parent_joint:662 - Joint 'r_gripper_r_finger_2_joint' has no origin, assuming identity transform.
2026-09-07 20:02:08.838 | INFO     | pyroffi.collision._robot_collision:from_urdf:701 - Created RobotCollision with 44 links and 671 active self-collision pairs, using spherical collision models.
================================================================================
IK benchmark: QuIK-CPU  (robot=baxter, n_targets=32, n_timed=5)
GPU monitoring: enabled (pynvml)
================================================================================

Loading robot ...
  URDF: /home/sadmin/Work/pyroffi/resources/baxter/baxter_spherized.urdf
  14 actuated joints, target link: 'right_hand'
  Fixed joints: []

Setting up QuIK CPU solver (POE->DH + cricket JIT) ...
  QuIK ready (dof=7, CPU).

Setting up collision environment ...
  Using SRDF disabled pairs: /home/sadmin/Work/pyroffi/resources/baxter/baxter.srdf (454 pairs)
  baxter: dropped 5 obstacle(s) permanently intersecting a fixed link: ['sphere_3', 'sphere_4', 'sphere_5', 'sphere_7', 'sphere_8']
  Loaded environment from /home/sadmin/Work/pyroffi/resources/bench_env_large.json, filtered for baxter -> /home/sadmin/Work/pyroffi/resources/bench_env_large_baxter.json
  Obstacles: 4 spheres + 0 cuboids
  Setting up collision-aware QuIK (VAMP MPPI seed projection) ...
  Collision-aware QuIK ready.

Generating target poses (seq=32, batch=256) ...

────────────────────────────────────────────────────────────────────────────────
Sequential evaluation (per-problem latency) ...
────────────────────────────────────────────────────────────────────────────────
  Running QuIK-CPU ...

────────────────────────────────────────────────────────────────────────────────
Sequential evaluation — collision-free IK ...
────────────────────────────────────────────────────────────────────────────────
  Running QuIK-CPU-COLL ...

────────────────────────────────────────────────────────────────────────────────
Batch evaluation (all targets in one kernel launch) ...
────────────────────────────────────────────────────────────────────────────────
  Running QuIK-CPU-BATCH ...

────────────────────────────────────────────────────────────────────────────────
Batch evaluation — collision-free IK ...
────────────────────────────────────────────────────────────────────────────────
  Running QuIK-CPU-COLL-BATCH ...

================================================================================
Sequential results — per-problem latency  (N=32, timed=5)
================================================================================
  Method                 t_med(ms)   t_p95(ms)  pos_med(mm)  pos_p95(mm)  rot_med(rad)  rot_p95(rad)     success
  --------------------------------------------------------------------------------------------------------
  QuIK-CPU                   3.522       3.684      0.0002      0.0003      0.0000      0.0000       32/32

================================================================================
Batch results — effective per-problem time  (N=256, timed=5)
================================================================================
  Method                   ms/prob  pos_med(mm)  pos_p95(mm)  rot_med(rad)  rot_p95(rad)     success   gpu_pk(%)  gpu_avg(%)  vram_pk(MB)
  --------------------------------------------------------------------------------------------------------------------------------
  QuIK-CPU-BATCH             0.042      0.0001      0.0003      0.0000      0.0000     256/256         n/a         n/a         n/a

================================================================================
Sequential results — COLLISION-FREE IK  (N=32, timed=5)
  Scene: /home/sadmin/Work/pyroffi/resources/bench_env_large_baxter.json
  Obstacles: 4 spheres + 0 cuboids
  coll_free: solutions with min signed dist > 0 (all links clear of all obstacles)
================================================================================
  Method                 t_med(ms)   t_p95(ms)  pos_med(mm)  pos_p95(mm)  rot_med(rad)  rot_p95(rad)     success   coll_free
  --------------------------------------------------------------------------------------------------------------------
  QuIK-CPU                  14.519      15.337      0.0001      0.0003      0.0000      0.0000       32/32        0/32

================================================================================
Batch results — COLLISION-FREE IK  (N=256, timed=5)
================================================================================
  Method                   ms/prob  pos_med(mm)  pos_p95(mm)  rot_med(rad)  rot_p95(rad)     success   coll_free   gpu_pk(%)  gpu_avg(%)  vram_pk(MB)
  --------------------------------------------------------------------------------------------------------------------------------------------
  QuIK-CPU                   0.488      0.0002      0.0003      0.0000      0.0000     250/256       0/256         n/a         n/a         n/a

Results appended to /home/sadmin/Work/pyroffi/resources/bench_ik_results.csv

No EE provided, using distal link `right_upper_elbow_visual`.
Selected robots: panda, fetch, baxter
Solvers (one isolated subprocess each): HJCD-JAX, HJCD-CUDA, LS-JAX, LS-CUDA, SQP-JAX, SQP-CUDA, MPPI-JAX, MPPI-CUDA, Analytic-JAX, Analytic-CUDA, Learned-JAX, PyRoKi-LS, PyRoKi-AnalyticJac, QuIK-CPU

=== Running panda / HJCD-JAX in subprocess, PYROFFI_IK_TIER=thread ===

=== Running panda / HJCD-CUDA in subprocess, PYROFFI_IK_TIER=thread ===

=== Running panda / LS-JAX in subprocess, PYROFFI_IK_TIER=thread ===

=== Running panda / LS-CUDA in subprocess, PYROFFI_IK_TIER=thread ===

=== Running panda / SQP-JAX in subprocess, PYROFFI_IK_TIER=thread ===

=== Running panda / SQP-CUDA in subprocess, PYROFFI_IK_TIER=thread ===

=== Running panda / MPPI-JAX in subprocess, PYROFFI_IK_TIER=thread ===

=== Running panda / MPPI-CUDA in subprocess, PYROFFI_IK_TIER=thread ===

=== Running panda / Analytic-JAX in subprocess, PYROFFI_IK_TIER=thread ===

=== Running panda / Analytic-CUDA in subprocess, PYROFFI_IK_TIER=thread ===

=== Running panda / Learned-JAX in subprocess, PYROFFI_IK_TIER=thread ===

=== Running panda / PyRoKi-LS in subprocess, PYROFFI_IK_TIER=thread ===

=== Running panda / PyRoKi-AnalyticJac in subprocess, PYROFFI_IK_TIER=thread ===

=== Running panda / QuIK-CPU in subprocess, PYROFFI_IK_TIER=thread ===

=== Running fetch / HJCD-JAX in subprocess, PYROFFI_IK_TIER=thread ===

=== Running fetch / HJCD-CUDA in subprocess, PYROFFI_IK_TIER=thread ===

=== Running fetch / LS-JAX in subprocess, PYROFFI_IK_TIER=thread ===

=== Running fetch / LS-CUDA in subprocess, PYROFFI_IK_TIER=thread ===

=== Running fetch / SQP-JAX in subprocess, PYROFFI_IK_TIER=thread ===

=== Running fetch / SQP-CUDA in subprocess, PYROFFI_IK_TIER=thread ===

=== Running fetch / MPPI-JAX in subprocess, PYROFFI_IK_TIER=thread ===

=== Running fetch / MPPI-CUDA in subprocess, PYROFFI_IK_TIER=thread ===

=== Running fetch / Analytic-JAX in subprocess, PYROFFI_IK_TIER=thread ===

=== Running fetch / Analytic-CUDA in subprocess, PYROFFI_IK_TIER=thread ===

=== Running fetch / Learned-JAX in subprocess, PYROFFI_IK_TIER=thread ===

=== Running fetch / PyRoKi-LS in subprocess, PYROFFI_IK_TIER=thread ===

=== Running fetch / PyRoKi-AnalyticJac in subprocess, PYROFFI_IK_TIER=thread ===

=== Running fetch / QuIK-CPU in subprocess, PYROFFI_IK_TIER=thread ===

=== Running baxter / HJCD-JAX in subprocess, PYROFFI_IK_TIER=warp ===

=== Running baxter / HJCD-CUDA in subprocess, PYROFFI_IK_TIER=warp ===

=== Running baxter / LS-JAX in subprocess, PYROFFI_IK_TIER=warp ===

=== Running baxter / LS-CUDA in subprocess, PYROFFI_IK_TIER=warp ===

=== Running baxter / SQP-JAX in subprocess, PYROFFI_IK_TIER=warp ===

=== Running baxter / SQP-CUDA in subprocess, PYROFFI_IK_TIER=warp ===

=== Running baxter / MPPI-JAX in subprocess, PYROFFI_IK_TIER=warp ===

=== Running baxter / MPPI-CUDA in subprocess, PYROFFI_IK_TIER=warp ===

=== Running baxter / Analytic-JAX in subprocess, PYROFFI_IK_TIER=warp ===

=== Running baxter / Analytic-CUDA in subprocess, PYROFFI_IK_TIER=warp ===

=== Running baxter / Learned-JAX in subprocess, PYROFFI_IK_TIER=warp ===

=== Running baxter / PyRoKi-LS in subprocess, PYROFFI_IK_TIER=warp ===

=== Running baxter / PyRoKi-AnalyticJac in subprocess, PYROFFI_IK_TIER=warp ===

=== Running baxter / QuIK-CPU in subprocess, PYROFFI_IK_TIER=warp ===
