2026-09-06 23:24:41.709 | INFO     | pyroffi.collision._robot_collision:from_urdf:701 - Created RobotCollision with 13 links and 39 active self-collision pairs, using spherical collision models.
================================================================================
IK benchmark: HJCD-JAX  (robot=panda, n_targets=32, n_timed=5)
GPU monitoring: enabled (pynvml)
================================================================================

Loading robot ...
  URDF: /home/sadmin/Work/pyroffi/resources/panda/panda_spherized.urdf
  7 actuated joints, target link: 'panda_hand'
  Fixed joints: []

Setting up collision environment ...
  Using SRDF disabled pairs: /home/sadmin/Work/pyroffi/resources/panda/panda.srdf (36 pairs)
  Loaded environment from /home/sadmin/Work/pyroffi/resources/bench_env_large.json
  Obstacles: 9 spheres + 0 cuboids

Generating target poses (seq=32, batch=256) ...
  wrote cuRobo target sidecar: /home/sadmin/Work/pyroffi/resources/bench_ik_targets_panda.npz
Warming up HJCD-JAX ...
Warming up HJCD-JAX-COLL ...
Warming up HJCD-JAX-BATCH ...
Warming up HJCD-JAX-COLL-BATCH ...

────────────────────────────────────────────────────────────────────────────────
Sequential evaluation (per-problem latency) ...
────────────────────────────────────────────────────────────────────────────────
  Running HJCD-JAX ...

────────────────────────────────────────────────────────────────────────────────
Sequential evaluation — collision-free IK ...
────────────────────────────────────────────────────────────────────────────────
  Running HJCD-JAX-COLL ...

────────────────────────────────────────────────────────────────────────────────
Batch evaluation (all targets in one kernel launch) ...
────────────────────────────────────────────────────────────────────────────────
  Running HJCD-JAX-BATCH ...

────────────────────────────────────────────────────────────────────────────────
Batch evaluation — collision-free IK ...
────────────────────────────────────────────────────────────────────────────────
  Running HJCD-JAX-COLL-BATCH ...

================================================================================
Sequential results — per-problem latency  (N=32, timed=5)
================================================================================
  Method                 t_med(ms)   t_p95(ms)  pos_med(mm)  pos_p95(mm)  rot_med(rad)  rot_p95(rad)     success
  --------------------------------------------------------------------------------------------------------
  HJCD-JAX                 115.407     115.433      0.2100      0.9591      0.0002      0.0006       30/32

================================================================================
Batch results — effective per-problem time  (N=256, timed=5)
================================================================================
  Method                   ms/prob  pos_med(mm)  pos_p95(mm)  rot_med(rad)  rot_p95(rad)     success   gpu_pk(%)  gpu_avg(%)  vram_pk(MB)
  --------------------------------------------------------------------------------------------------------------------------------
  HJCD-JAX-BATCH             3.088      0.2029      1.0725      0.0003      0.0006     241/256        100%         99%       19086

================================================================================
Sequential results — COLLISION-FREE IK  (N=32, timed=5)
  Scene: /home/sadmin/Work/pyroffi/resources/bench_env_large.json
  Obstacles: 9 spheres + 0 cuboids
  coll_free: solutions with min signed dist > 0 (all links clear of all obstacles)
================================================================================
  Method                 t_med(ms)   t_p95(ms)  pos_med(mm)  pos_p95(mm)  rot_med(rad)  rot_p95(rad)     success   coll_free
  --------------------------------------------------------------------------------------------------------------------
  HJCD-JAX                 169.724     169.743      2.1949     97.8939      0.0036      0.0573       14/32       32/32

================================================================================
Batch results — COLLISION-FREE IK  (N=256, timed=5)
================================================================================
  Method                   ms/prob  pos_med(mm)  pos_p95(mm)  rot_med(rad)  rot_p95(rad)     success   coll_free   gpu_pk(%)  gpu_avg(%)  vram_pk(MB)
  --------------------------------------------------------------------------------------------------------------------------------------------
  HJCD-JAX                  34.775      3.2569    156.6027      0.0011      0.1451     109/256     256/256        100%        100%       19100

Results appended to /home/sadmin/Work/pyroffi/resources/bench_ik_results.csv

2026-09-06 23:35:11.459 | INFO     | pyroffi.collision._robot_collision:from_urdf:701 - Created RobotCollision with 13 links and 39 active self-collision pairs, using spherical collision models.
================================================================================
IK benchmark: HJCD-CUDA  (robot=panda, n_targets=32, n_timed=5)
GPU monitoring: enabled (pynvml)
================================================================================

Loading robot ...
  URDF: /home/sadmin/Work/pyroffi/resources/panda/panda_spherized.urdf
  7 actuated joints, target link: 'panda_hand'
  Fixed joints: []

Setting up collision environment ...
  Using SRDF disabled pairs: /home/sadmin/Work/pyroffi/resources/panda/panda.srdf (36 pairs)
  Loaded environment from /home/sadmin/Work/pyroffi/resources/bench_env_large.json
  Obstacles: 9 spheres + 0 cuboids

Generating target poses (seq=32, batch=256) ...
  wrote cuRobo target sidecar: /home/sadmin/Work/pyroffi/resources/bench_ik_targets_panda.npz
Warming up HJCD-CUDA ...
Warming up HJCD-CUDA-COLL ...
Warming up HJCD-CUDA-BATCH ...
Warming up HJCD-CUDA-COLL-BATCH ...

────────────────────────────────────────────────────────────────────────────────
Sequential evaluation (per-problem latency) ...
────────────────────────────────────────────────────────────────────────────────
  Running HJCD-CUDA ...

────────────────────────────────────────────────────────────────────────────────
Sequential evaluation — collision-free IK ...
────────────────────────────────────────────────────────────────────────────────
  Running HJCD-CUDA-COLL ...

────────────────────────────────────────────────────────────────────────────────
Batch evaluation (all targets in one kernel launch) ...
────────────────────────────────────────────────────────────────────────────────
  Running HJCD-CUDA-BATCH ...

────────────────────────────────────────────────────────────────────────────────
Batch evaluation — collision-free IK ...
────────────────────────────────────────────────────────────────────────────────
  Running HJCD-CUDA-COLL-BATCH ...

================================================================================
Sequential results — per-problem latency  (N=32, timed=5)
================================================================================
  Method                 t_med(ms)   t_p95(ms)  pos_med(mm)  pos_p95(mm)  rot_med(rad)  rot_p95(rad)     success
  --------------------------------------------------------------------------------------------------------
  HJCD-CUDA                 17.932      18.014      0.1877      0.9217      0.0000      0.0002       30/32

================================================================================
Batch results — effective per-problem time  (N=256, timed=5)
================================================================================
  Method                   ms/prob  pos_med(mm)  pos_p95(mm)  rot_med(rad)  rot_p95(rad)     success   gpu_pk(%)  gpu_avg(%)  vram_pk(MB)
  --------------------------------------------------------------------------------------------------------------------------------
  HJCD-CUDA-BATCH            0.104      0.1485      1.1260      0.0000      0.0002     240/256        100%         53%       19536

================================================================================
Sequential results — COLLISION-FREE IK  (N=32, timed=5)
  Scene: /home/sadmin/Work/pyroffi/resources/bench_env_large.json
  Obstacles: 9 spheres + 0 cuboids
  coll_free: solutions with min signed dist > 0 (all links clear of all obstacles)
================================================================================
  Method                 t_med(ms)   t_p95(ms)  pos_med(mm)  pos_p95(mm)  rot_med(rad)  rot_p95(rad)     success   coll_free
  --------------------------------------------------------------------------------------------------------------------
  HJCD-CUDA                129.155     129.787      0.9156    417.5359      0.0007      0.7398       16/32       32/32

================================================================================
Batch results — COLLISION-FREE IK  (N=256, timed=5)
================================================================================
  Method                   ms/prob  pos_med(mm)  pos_p95(mm)  rot_med(rad)  rot_p95(rad)     success   coll_free   gpu_pk(%)  gpu_avg(%)  vram_pk(MB)
  --------------------------------------------------------------------------------------------------------------------------------------------
  HJCD-CUDA                  3.910      0.9400    687.7586      0.0004      1.1112     129/256     245/256        100%         99%       19546

Results appended to /home/sadmin/Work/pyroffi/resources/bench_ik_results.csv

2026-09-06 23:38:32.168 | INFO     | pyroffi.collision._robot_collision:from_urdf:701 - Created RobotCollision with 13 links and 39 active self-collision pairs, using spherical collision models.
================================================================================
IK benchmark: LS-JAX  (robot=panda, n_targets=32, n_timed=5)
GPU monitoring: enabled (pynvml)
================================================================================

Loading robot ...
  URDF: /home/sadmin/Work/pyroffi/resources/panda/panda_spherized.urdf
  7 actuated joints, target link: 'panda_hand'
  Fixed joints: []

Setting up collision environment ...
  Using SRDF disabled pairs: /home/sadmin/Work/pyroffi/resources/panda/panda.srdf (36 pairs)
  Loaded environment from /home/sadmin/Work/pyroffi/resources/bench_env_large.json
  Obstacles: 9 spheres + 0 cuboids

Generating target poses (seq=32, batch=256) ...
  wrote cuRobo target sidecar: /home/sadmin/Work/pyroffi/resources/bench_ik_targets_panda.npz
Warming up LS-JAX ...
Warming up LS-JAX-COLL ...
Warming up LS-JAX-BATCH ...
Warming up LS-JAX-COLL-BATCH ...

────────────────────────────────────────────────────────────────────────────────
Sequential evaluation (per-problem latency) ...
────────────────────────────────────────────────────────────────────────────────
  Running LS-JAX ...

────────────────────────────────────────────────────────────────────────────────
Sequential evaluation — collision-free IK ...
────────────────────────────────────────────────────────────────────────────────
  Running LS-JAX-COLL ...

────────────────────────────────────────────────────────────────────────────────
Batch evaluation (all targets in one kernel launch) ...
────────────────────────────────────────────────────────────────────────────────
  Running LS-JAX-BATCH ...

────────────────────────────────────────────────────────────────────────────────
Batch evaluation — collision-free IK ...
────────────────────────────────────────────────────────────────────────────────
  Running LS-JAX-COLL-BATCH ...

================================================================================
Sequential results — per-problem latency  (N=32, timed=5)
================================================================================
  Method                 t_med(ms)   t_p95(ms)  pos_med(mm)  pos_p95(mm)  rot_med(rad)  rot_p95(rad)     success
  --------------------------------------------------------------------------------------------------------
  LS-JAX                   102.076     102.103      0.1252      0.2377      0.0002      0.0004       32/32

================================================================================
Batch results — effective per-problem time  (N=256, timed=5)
================================================================================
  Method                   ms/prob  pos_med(mm)  pos_p95(mm)  rot_med(rad)  rot_p95(rad)     success   gpu_pk(%)  gpu_avg(%)  vram_pk(MB)
  --------------------------------------------------------------------------------------------------------------------------------
  LS-JAX-BATCH               2.680      0.1337      0.2744      0.0002      0.0005     255/256        100%         98%       19070

================================================================================
Sequential results — COLLISION-FREE IK  (N=32, timed=5)
  Scene: /home/sadmin/Work/pyroffi/resources/bench_env_large.json
  Obstacles: 9 spheres + 0 cuboids
  coll_free: solutions with min signed dist > 0 (all links clear of all obstacles)
================================================================================
  Method                 t_med(ms)   t_p95(ms)  pos_med(mm)  pos_p95(mm)  rot_med(rad)  rot_p95(rad)     success   coll_free
  --------------------------------------------------------------------------------------------------------------------
  LS-JAX                   186.769     186.780      0.3036     85.2285      0.0004      0.2433       20/32       32/32

================================================================================
Batch results — COLLISION-FREE IK  (N=256, timed=5)
================================================================================
  Method                   ms/prob  pos_med(mm)  pos_p95(mm)  rot_med(rad)  rot_p95(rad)     success   coll_free   gpu_pk(%)  gpu_avg(%)  vram_pk(MB)
  --------------------------------------------------------------------------------------------------------------------------------------------
  LS-JAX                    53.582      0.2345     95.2165      0.0004      0.2348     158/256     256/256        100%        100%       19078

Results appended to /home/sadmin/Work/pyroffi/resources/bench_ik_results.csv

2026-09-06 23:51:27.256 | INFO     | pyroffi.collision._robot_collision:from_urdf:701 - Created RobotCollision with 13 links and 39 active self-collision pairs, using spherical collision models.
================================================================================
IK benchmark: LS-CUDA  (robot=panda, n_targets=32, n_timed=5)
GPU monitoring: enabled (pynvml)
================================================================================

Loading robot ...
  URDF: /home/sadmin/Work/pyroffi/resources/panda/panda_spherized.urdf
  7 actuated joints, target link: 'panda_hand'
  Fixed joints: []

Setting up collision environment ...
  Using SRDF disabled pairs: /home/sadmin/Work/pyroffi/resources/panda/panda.srdf (36 pairs)
  Loaded environment from /home/sadmin/Work/pyroffi/resources/bench_env_large.json
  Obstacles: 9 spheres + 0 cuboids

Generating target poses (seq=32, batch=256) ...
  wrote cuRobo target sidecar: /home/sadmin/Work/pyroffi/resources/bench_ik_targets_panda.npz
Warming up LS-CUDA ...
Warming up LS-CUDA-COLL ...
Warming up LS-CUDA-BATCH ...
Warming up LS-CUDA-COLL-BATCH ...

────────────────────────────────────────────────────────────────────────────────
Sequential evaluation (per-problem latency) ...
────────────────────────────────────────────────────────────────────────────────
  Running LS-CUDA ...

────────────────────────────────────────────────────────────────────────────────
Sequential evaluation — collision-free IK ...
────────────────────────────────────────────────────────────────────────────────
  Running LS-CUDA-COLL ...

────────────────────────────────────────────────────────────────────────────────
Batch evaluation (all targets in one kernel launch) ...
────────────────────────────────────────────────────────────────────────────────
  Running LS-CUDA-BATCH ...

────────────────────────────────────────────────────────────────────────────────
Batch evaluation — collision-free IK ...
────────────────────────────────────────────────────────────────────────────────
  Running LS-CUDA-COLL-BATCH ...

================================================================================
Sequential results — per-problem latency  (N=32, timed=5)
================================================================================
  Method                 t_med(ms)   t_p95(ms)  pos_med(mm)  pos_p95(mm)  rot_med(rad)  rot_p95(rad)     success
  --------------------------------------------------------------------------------------------------------
  LS-CUDA                   23.529      23.744      0.0001      0.0002      0.0000      0.0000       31/32

================================================================================
Batch results — effective per-problem time  (N=256, timed=5)
================================================================================
  Method                   ms/prob  pos_med(mm)  pos_p95(mm)  rot_med(rad)  rot_p95(rad)     success   gpu_pk(%)  gpu_avg(%)  vram_pk(MB)
  --------------------------------------------------------------------------------------------------------------------------------
  LS-CUDA-BATCH              0.142      0.0001      0.0002      0.0000      0.0000     255/256        100%         63%       19474

================================================================================
Sequential results — COLLISION-FREE IK  (N=32, timed=5)
  Scene: /home/sadmin/Work/pyroffi/resources/bench_env_large.json
  Obstacles: 9 spheres + 0 cuboids
  coll_free: solutions with min signed dist > 0 (all links clear of all obstacles)
================================================================================
  Method                 t_med(ms)   t_p95(ms)  pos_med(mm)  pos_p95(mm)  rot_med(rad)  rot_p95(rad)     success   coll_free
  --------------------------------------------------------------------------------------------------------------------
  LS-CUDA                  313.351     330.820      1.2459    211.5234      0.0110      0.7318       16/32       32/32

================================================================================
Batch results — COLLISION-FREE IK  (N=256, timed=5)
================================================================================
  Method                   ms/prob  pos_med(mm)  pos_p95(mm)  rot_med(rad)  rot_p95(rad)     success   coll_free   gpu_pk(%)  gpu_avg(%)  vram_pk(MB)
  --------------------------------------------------------------------------------------------------------------------------------------------
  LS-CUDA                    1.680      0.0002    144.7733      0.0000      0.4523     146/256     256/256        100%         96%       19474

Results appended to /home/sadmin/Work/pyroffi/resources/bench_ik_results.csv

2026-09-06 23:56:40.737 | INFO     | pyroffi.collision._robot_collision:from_urdf:701 - Created RobotCollision with 13 links and 39 active self-collision pairs, using spherical collision models.
================================================================================
IK benchmark: SQP-JAX  (robot=panda, n_targets=32, n_timed=5)
GPU monitoring: enabled (pynvml)
================================================================================

Loading robot ...
  URDF: /home/sadmin/Work/pyroffi/resources/panda/panda_spherized.urdf
  7 actuated joints, target link: 'panda_hand'
  Fixed joints: []

Setting up collision environment ...
  Using SRDF disabled pairs: /home/sadmin/Work/pyroffi/resources/panda/panda.srdf (36 pairs)
  Loaded environment from /home/sadmin/Work/pyroffi/resources/bench_env_large.json
  Obstacles: 9 spheres + 0 cuboids

Generating target poses (seq=32, batch=256) ...
  wrote cuRobo target sidecar: /home/sadmin/Work/pyroffi/resources/bench_ik_targets_panda.npz
Warming up SQP-JAX ...
Warming up SQP-JAX-COLL ...
Warming up SQP-JAX-BATCH ...
Warming up SQP-JAX-COLL-BATCH ...

────────────────────────────────────────────────────────────────────────────────
Sequential evaluation (per-problem latency) ...
────────────────────────────────────────────────────────────────────────────────
  Running SQP-JAX ...

────────────────────────────────────────────────────────────────────────────────
Sequential evaluation — collision-free IK ...
────────────────────────────────────────────────────────────────────────────────
  Running SQP-JAX-COLL ...

────────────────────────────────────────────────────────────────────────────────
Batch evaluation (all targets in one kernel launch) ...
────────────────────────────────────────────────────────────────────────────────
  Running SQP-JAX-BATCH ...

────────────────────────────────────────────────────────────────────────────────
Batch evaluation — collision-free IK ...
────────────────────────────────────────────────────────────────────────────────
  Running SQP-JAX-COLL-BATCH ...

================================================================================
Sequential results — per-problem latency  (N=32, timed=5)
================================================================================
  Method                 t_med(ms)   t_p95(ms)  pos_med(mm)  pos_p95(mm)  rot_med(rad)  rot_p95(rad)     success
  --------------------------------------------------------------------------------------------------------
  SQP-JAX                  116.107     116.133      0.1180      0.2202      0.0002      0.0004       32/32

================================================================================
Batch results — effective per-problem time  (N=256, timed=5)
================================================================================
  Method                   ms/prob  pos_med(mm)  pos_p95(mm)  rot_med(rad)  rot_p95(rad)     success   gpu_pk(%)  gpu_avg(%)  vram_pk(MB)
  --------------------------------------------------------------------------------------------------------------------------------
  SQP-JAX-BATCH              2.773      0.1313      0.2491      0.0002      0.0004     256/256        100%         98%       19070

================================================================================
Sequential results — COLLISION-FREE IK  (N=32, timed=5)
  Scene: /home/sadmin/Work/pyroffi/resources/bench_env_large.json
  Obstacles: 9 spheres + 0 cuboids
  coll_free: solutions with min signed dist > 0 (all links clear of all obstacles)
================================================================================
  Method                 t_med(ms)   t_p95(ms)  pos_med(mm)  pos_p95(mm)  rot_med(rad)  rot_p95(rad)     success   coll_free
  --------------------------------------------------------------------------------------------------------------------
  SQP-JAX                  200.447     200.468      0.1922     37.9605      0.0003      0.1637       22/32       32/32

================================================================================
Batch results — COLLISION-FREE IK  (N=256, timed=5)
================================================================================
  Method                   ms/prob  pos_med(mm)  pos_p95(mm)  rot_med(rad)  rot_p95(rad)     success   coll_free   gpu_pk(%)  gpu_avg(%)  vram_pk(MB)
  --------------------------------------------------------------------------------------------------------------------------------------------
  SQP-JAX                   53.711      0.2243     72.0138      0.0003      0.1527     171/256     256/256        100%        100%       19078

Results appended to /home/sadmin/Work/pyroffi/resources/bench_ik_results.csv

2026-09-07 00:10:00.194 | INFO     | pyroffi.collision._robot_collision:from_urdf:701 - Created RobotCollision with 13 links and 39 active self-collision pairs, using spherical collision models.
================================================================================
IK benchmark: SQP-CUDA  (robot=panda, n_targets=32, n_timed=5)
GPU monitoring: enabled (pynvml)
================================================================================

Loading robot ...
  URDF: /home/sadmin/Work/pyroffi/resources/panda/panda_spherized.urdf
  7 actuated joints, target link: 'panda_hand'
  Fixed joints: []

Setting up collision environment ...
  Using SRDF disabled pairs: /home/sadmin/Work/pyroffi/resources/panda/panda.srdf (36 pairs)
  Loaded environment from /home/sadmin/Work/pyroffi/resources/bench_env_large.json
  Obstacles: 9 spheres + 0 cuboids

Generating target poses (seq=32, batch=256) ...
  wrote cuRobo target sidecar: /home/sadmin/Work/pyroffi/resources/bench_ik_targets_panda.npz
Warming up SQP-CUDA ...
Warming up SQP-CUDA-COLL ...
Warming up SQP-CUDA-BATCH ...
Warming up SQP-CUDA-COLL-BATCH ...

────────────────────────────────────────────────────────────────────────────────
Sequential evaluation (per-problem latency) ...
────────────────────────────────────────────────────────────────────────────────
  Running SQP-CUDA ...

────────────────────────────────────────────────────────────────────────────────
Sequential evaluation — collision-free IK ...
────────────────────────────────────────────────────────────────────────────────
  Running SQP-CUDA-COLL ...

────────────────────────────────────────────────────────────────────────────────
Batch evaluation (all targets in one kernel launch) ...
────────────────────────────────────────────────────────────────────────────────
  Running SQP-CUDA-BATCH ...

────────────────────────────────────────────────────────────────────────────────
Batch evaluation — collision-free IK ...
────────────────────────────────────────────────────────────────────────────────
  Running SQP-CUDA-COLL-BATCH ...

================================================================================
Sequential results — per-problem latency  (N=32, timed=5)
================================================================================
  Method                 t_med(ms)   t_p95(ms)  pos_med(mm)  pos_p95(mm)  rot_med(rad)  rot_p95(rad)     success
  --------------------------------------------------------------------------------------------------------
  SQP-CUDA                  38.419      38.957      0.0001      0.0002      0.0000      0.0000       32/32

================================================================================
Batch results — effective per-problem time  (N=256, timed=5)
================================================================================
  Method                   ms/prob  pos_med(mm)  pos_p95(mm)  rot_med(rad)  rot_p95(rad)     success   gpu_pk(%)  gpu_avg(%)  vram_pk(MB)
  --------------------------------------------------------------------------------------------------------------------------------
  SQP-CUDA-BATCH             0.203      0.0001      0.0002      0.0000      0.0000     256/256        100%         70%       20076

================================================================================
Sequential results — COLLISION-FREE IK  (N=32, timed=5)
  Scene: /home/sadmin/Work/pyroffi/resources/bench_env_large.json
  Obstacles: 9 spheres + 0 cuboids
  coll_free: solutions with min signed dist > 0 (all links clear of all obstacles)
================================================================================
  Method                 t_med(ms)   t_p95(ms)  pos_med(mm)  pos_p95(mm)  rot_med(rad)  rot_p95(rad)     success   coll_free
  --------------------------------------------------------------------------------------------------------------------
  SQP-CUDA                  74.107      74.402      0.0343    428.6611      0.0001      0.8341       20/32       32/32

================================================================================
Batch results — COLLISION-FREE IK  (N=256, timed=5)
================================================================================
  Method                   ms/prob  pos_med(mm)  pos_p95(mm)  rot_med(rad)  rot_p95(rad)     success   coll_free   gpu_pk(%)  gpu_avg(%)  vram_pk(MB)
  --------------------------------------------------------------------------------------------------------------------------------------------
  SQP-CUDA                   0.647      0.1467    254.8062      0.0003      1.0647     164/256     255/256        100%         90%       20082

Results appended to /home/sadmin/Work/pyroffi/resources/bench_ik_results.csv

2026-09-07 00:12:08.211 | INFO     | pyroffi.collision._robot_collision:from_urdf:701 - Created RobotCollision with 13 links and 39 active self-collision pairs, using spherical collision models.
================================================================================
IK benchmark: MPPI-JAX  (robot=panda, n_targets=32, n_timed=5)
GPU monitoring: enabled (pynvml)
================================================================================

Loading robot ...
  URDF: /home/sadmin/Work/pyroffi/resources/panda/panda_spherized.urdf
  7 actuated joints, target link: 'panda_hand'
  Fixed joints: []

Setting up collision environment ...
  Using SRDF disabled pairs: /home/sadmin/Work/pyroffi/resources/panda/panda.srdf (36 pairs)
  Loaded environment from /home/sadmin/Work/pyroffi/resources/bench_env_large.json
  Obstacles: 9 spheres + 0 cuboids

Generating target poses (seq=32, batch=256) ...
  wrote cuRobo target sidecar: /home/sadmin/Work/pyroffi/resources/bench_ik_targets_panda.npz
Warming up MPPI-JAX ...
Warming up MPPI-JAX-COLL ...
Warming up MPPI-JAX-BATCH ...
Warming up MPPI-JAX-COLL-BATCH ...

────────────────────────────────────────────────────────────────────────────────
Sequential evaluation (per-problem latency) ...
────────────────────────────────────────────────────────────────────────────────
  Running MPPI-JAX ...

────────────────────────────────────────────────────────────────────────────────
Sequential evaluation — collision-free IK ...
────────────────────────────────────────────────────────────────────────────────
  Running MPPI-JAX-COLL ...

────────────────────────────────────────────────────────────────────────────────
Batch evaluation (all targets in one kernel launch) ...
────────────────────────────────────────────────────────────────────────────────
  Running MPPI-JAX-BATCH ...

────────────────────────────────────────────────────────────────────────────────
Batch evaluation — collision-free IK ...
────────────────────────────────────────────────────────────────────────────────
  Running MPPI-JAX-COLL-BATCH ...

================================================================================
Sequential results — per-problem latency  (N=32, timed=5)
================================================================================
  Method                 t_med(ms)   t_p95(ms)  pos_med(mm)  pos_p95(mm)  rot_med(rad)  rot_p95(rad)     success
  --------------------------------------------------------------------------------------------------------
  MPPI-JAX                  47.228      47.263      0.0197      1.2988      0.0001      0.0034       30/32

================================================================================
Batch results — effective per-problem time  (N=256, timed=5)
================================================================================
  Method                   ms/prob  pos_med(mm)  pos_p95(mm)  rot_med(rad)  rot_p95(rad)     success   gpu_pk(%)  gpu_avg(%)  vram_pk(MB)
  --------------------------------------------------------------------------------------------------------------------------------
  MPPI-JAX-BATCH             0.683      0.0102      0.4006      0.0001      0.0018     249/256        100%         95%       19076

================================================================================
Sequential results — COLLISION-FREE IK  (N=32, timed=5)
  Scene: /home/sadmin/Work/pyroffi/resources/bench_env_large.json
  Obstacles: 9 spheres + 0 cuboids
  coll_free: solutions with min signed dist > 0 (all links clear of all obstacles)
================================================================================
  Method                 t_med(ms)   t_p95(ms)  pos_med(mm)  pos_p95(mm)  rot_med(rad)  rot_p95(rad)     success   coll_free
  --------------------------------------------------------------------------------------------------------------------
  MPPI-JAX                  71.073      71.108      0.3736     32.2038      0.0013      0.0693       19/32       32/32

================================================================================
Batch results — COLLISION-FREE IK  (N=256, timed=5)
================================================================================
  Method                   ms/prob  pos_med(mm)  pos_p95(mm)  rot_med(rad)  rot_p95(rad)     success   coll_free   gpu_pk(%)  gpu_avg(%)  vram_pk(MB)
  --------------------------------------------------------------------------------------------------------------------------------------------
  MPPI-JAX                   5.328      0.2339     72.1732      0.0012      0.1515     148/256     256/256        100%         99%       19088

Results appended to /home/sadmin/Work/pyroffi/resources/bench_ik_results.csv

2026-09-07 00:15:39.508 | INFO     | pyroffi.collision._robot_collision:from_urdf:701 - Created RobotCollision with 13 links and 39 active self-collision pairs, using spherical collision models.
================================================================================
IK benchmark: MPPI-CUDA  (robot=panda, n_targets=32, n_timed=5)
GPU monitoring: enabled (pynvml)
================================================================================

Loading robot ...
  URDF: /home/sadmin/Work/pyroffi/resources/panda/panda_spherized.urdf
  7 actuated joints, target link: 'panda_hand'
  Fixed joints: []

Setting up collision environment ...
  Using SRDF disabled pairs: /home/sadmin/Work/pyroffi/resources/panda/panda.srdf (36 pairs)
  Loaded environment from /home/sadmin/Work/pyroffi/resources/bench_env_large.json
  Obstacles: 9 spheres + 0 cuboids

Generating target poses (seq=32, batch=256) ...
  wrote cuRobo target sidecar: /home/sadmin/Work/pyroffi/resources/bench_ik_targets_panda.npz
Warming up MPPI-CUDA ...
Warming up MPPI-CUDA-COLL ...
Warming up MPPI-CUDA-BATCH ...
Warming up MPPI-CUDA-COLL-BATCH ...

────────────────────────────────────────────────────────────────────────────────
Sequential evaluation (per-problem latency) ...
────────────────────────────────────────────────────────────────────────────────
  Running MPPI-CUDA ...

────────────────────────────────────────────────────────────────────────────────
Sequential evaluation — collision-free IK ...
────────────────────────────────────────────────────────────────────────────────
  Running MPPI-CUDA-COLL ...

────────────────────────────────────────────────────────────────────────────────
Batch evaluation (all targets in one kernel launch) ...
────────────────────────────────────────────────────────────────────────────────
  Running MPPI-CUDA-BATCH ...

────────────────────────────────────────────────────────────────────────────────
Batch evaluation — collision-free IK ...
────────────────────────────────────────────────────────────────────────────────
  Running MPPI-CUDA-COLL-BATCH ...

================================================================================
Sequential results — per-problem latency  (N=32, timed=5)
================================================================================
  Method                 t_med(ms)   t_p95(ms)  pos_med(mm)  pos_p95(mm)  rot_med(rad)  rot_p95(rad)     success
  --------------------------------------------------------------------------------------------------------
  MPPI-CUDA                  8.634       8.800      0.0025      0.1176      0.0000      0.0007       31/32

================================================================================
Batch results — effective per-problem time  (N=256, timed=5)
================================================================================
  Method                   ms/prob  pos_med(mm)  pos_p95(mm)  rot_med(rad)  rot_p95(rad)     success   gpu_pk(%)  gpu_avg(%)  vram_pk(MB)
  --------------------------------------------------------------------------------------------------------------------------------
  MPPI-CUDA-BATCH            0.052      0.0007      0.2352      0.0000      0.0011     252/256         64%         50%       19684

================================================================================
Sequential results — COLLISION-FREE IK  (N=32, timed=5)
  Scene: /home/sadmin/Work/pyroffi/resources/bench_env_large.json
  Obstacles: 9 spheres + 0 cuboids
  coll_free: solutions with min signed dist > 0 (all links clear of all obstacles)
================================================================================
  Method                 t_med(ms)   t_p95(ms)  pos_med(mm)  pos_p95(mm)  rot_med(rad)  rot_p95(rad)     success   coll_free
  --------------------------------------------------------------------------------------------------------------------
  MPPI-CUDA                119.880     120.660      0.1861     97.5424      0.0010      0.3896       19/32       32/32

================================================================================
Batch results — COLLISION-FREE IK  (N=256, timed=5)
================================================================================
  Method                   ms/prob  pos_med(mm)  pos_p95(mm)  rot_med(rad)  rot_p95(rad)     success   coll_free   gpu_pk(%)  gpu_avg(%)  vram_pk(MB)
  --------------------------------------------------------------------------------------------------------------------------------------------
  MPPI-CUDA                  0.060      0.0711    322.4835      0.0004      1.0801     175/256     245/256        100%         63%       19686

Results appended to /home/sadmin/Work/pyroffi/resources/bench_ik_results.csv

2026-09-07 00:17:57.518 | INFO     | pyroffi.collision._robot_collision:from_urdf:701 - Created RobotCollision with 13 links and 39 active self-collision pairs, using spherical collision models.
================================================================================
IK benchmark: Analytic-JAX  (robot=panda, n_targets=32, n_timed=5)
GPU monitoring: enabled (pynvml)
================================================================================

Loading robot ...
  URDF: /home/sadmin/Work/pyroffi/resources/panda/panda_spherized.urdf
  7 actuated joints, target link: 'panda_hand'
  Fixed joints: []

Setting up collision environment ...
  Using SRDF disabled pairs: /home/sadmin/Work/pyroffi/resources/panda/panda.srdf (36 pairs)
  Loaded environment from /home/sadmin/Work/pyroffi/resources/bench_env_large.json
  Obstacles: 9 spheres + 0 cuboids

Generating target poses (seq=32, batch=256) ...
  wrote cuRobo target sidecar: /home/sadmin/Work/pyroffi/resources/bench_ik_targets_panda.npz

────────────────────────────────────────────────────────────────────────────────
Sequential evaluation (per-problem latency) ...
────────────────────────────────────────────────────────────────────────────────

────────────────────────────────────────────────────────────────────────────────
Sequential evaluation — collision-free IK ...
────────────────────────────────────────────────────────────────────────────────

────────────────────────────────────────────────────────────────────────────────
Batch evaluation (all targets in one kernel launch) ...
────────────────────────────────────────────────────────────────────────────────

────────────────────────────────────────────────────────────────────────────────
Batch evaluation — collision-free IK ...
────────────────────────────────────────────────────────────────────────────────

================================================================================
Sequential results — per-problem latency  (N=32, timed=5)
================================================================================
  Method                 t_med(ms)   t_p95(ms)  pos_med(mm)  pos_p95(mm)  rot_med(rad)  rot_p95(rad)     success
  --------------------------------------------------------------------------------------------------------

================================================================================
Batch results — effective per-problem time  (N=256, timed=5)
================================================================================
  Method                   ms/prob  pos_med(mm)  pos_p95(mm)  rot_med(rad)  rot_p95(rad)     success   gpu_pk(%)  gpu_avg(%)  vram_pk(MB)
  --------------------------------------------------------------------------------------------------------------------------------

================================================================================
Sequential results — COLLISION-FREE IK  (N=32, timed=5)
  Scene: /home/sadmin/Work/pyroffi/resources/bench_env_large.json
  Obstacles: 9 spheres + 0 cuboids
  coll_free: solutions with min signed dist > 0 (all links clear of all obstacles)
================================================================================
  Method                 t_med(ms)   t_p95(ms)  pos_med(mm)  pos_p95(mm)  rot_med(rad)  rot_p95(rad)     success   coll_free
  --------------------------------------------------------------------------------------------------------------------

================================================================================
Batch results — COLLISION-FREE IK  (N=256, timed=5)
================================================================================
  Method                   ms/prob  pos_med(mm)  pos_p95(mm)  rot_med(rad)  rot_p95(rad)     success   coll_free   gpu_pk(%)  gpu_avg(%)  vram_pk(MB)
  --------------------------------------------------------------------------------------------------------------------------------------------

Results appended to /home/sadmin/Work/pyroffi/resources/bench_ik_results.csv

2026-09-07 00:18:05.085 | INFO     | pyroffi.collision._robot_collision:from_urdf:701 - Created RobotCollision with 13 links and 39 active self-collision pairs, using spherical collision models.
================================================================================
IK benchmark: Analytic-CUDA  (robot=panda, n_targets=32, n_timed=5)
GPU monitoring: enabled (pynvml)
================================================================================

Loading robot ...
  URDF: /home/sadmin/Work/pyroffi/resources/panda/panda_spherized.urdf
  7 actuated joints, target link: 'panda_hand'
  Fixed joints: []

Setting up collision environment ...
  Using SRDF disabled pairs: /home/sadmin/Work/pyroffi/resources/panda/panda.srdf (36 pairs)
  Loaded environment from /home/sadmin/Work/pyroffi/resources/bench_env_large.json
  Obstacles: 9 spheres + 0 cuboids

Generating target poses (seq=32, batch=256) ...
  wrote cuRobo target sidecar: /home/sadmin/Work/pyroffi/resources/bench_ik_targets_panda.npz

────────────────────────────────────────────────────────────────────────────────
Sequential evaluation (per-problem latency) ...
────────────────────────────────────────────────────────────────────────────────

────────────────────────────────────────────────────────────────────────────────
Sequential evaluation — collision-free IK ...
────────────────────────────────────────────────────────────────────────────────

────────────────────────────────────────────────────────────────────────────────
Batch evaluation (all targets in one kernel launch) ...
────────────────────────────────────────────────────────────────────────────────

────────────────────────────────────────────────────────────────────────────────
Batch evaluation — collision-free IK ...
────────────────────────────────────────────────────────────────────────────────

================================================================================
Sequential results — per-problem latency  (N=32, timed=5)
================================================================================
  Method                 t_med(ms)   t_p95(ms)  pos_med(mm)  pos_p95(mm)  rot_med(rad)  rot_p95(rad)     success
  --------------------------------------------------------------------------------------------------------

================================================================================
Batch results — effective per-problem time  (N=256, timed=5)
================================================================================
  Method                   ms/prob  pos_med(mm)  pos_p95(mm)  rot_med(rad)  rot_p95(rad)     success   gpu_pk(%)  gpu_avg(%)  vram_pk(MB)
  --------------------------------------------------------------------------------------------------------------------------------

================================================================================
Sequential results — COLLISION-FREE IK  (N=32, timed=5)
  Scene: /home/sadmin/Work/pyroffi/resources/bench_env_large.json
  Obstacles: 9 spheres + 0 cuboids
  coll_free: solutions with min signed dist > 0 (all links clear of all obstacles)
================================================================================
  Method                 t_med(ms)   t_p95(ms)  pos_med(mm)  pos_p95(mm)  rot_med(rad)  rot_p95(rad)     success   coll_free
  --------------------------------------------------------------------------------------------------------------------

================================================================================
Batch results — COLLISION-FREE IK  (N=256, timed=5)
================================================================================
  Method                   ms/prob  pos_med(mm)  pos_p95(mm)  rot_med(rad)  rot_p95(rad)     success   coll_free   gpu_pk(%)  gpu_avg(%)  vram_pk(MB)
  --------------------------------------------------------------------------------------------------------------------------------------------

Results appended to /home/sadmin/Work/pyroffi/resources/bench_ik_results.csv

2026-09-07 00:18:12.185 | INFO     | pyroffi.collision._robot_collision:from_urdf:701 - Created RobotCollision with 13 links and 39 active self-collision pairs, using spherical collision models.
================================================================================
IK benchmark: Learned-JAX  (robot=panda, n_targets=32, n_timed=5)
GPU monitoring: enabled (pynvml)
================================================================================

Loading robot ...
  URDF: /home/sadmin/Work/pyroffi/resources/panda/panda_spherized.urdf
  7 actuated joints, target link: 'panda_hand'
  Fixed joints: []

Setting up collision environment ...
  Using SRDF disabled pairs: /home/sadmin/Work/pyroffi/resources/panda/panda.srdf (36 pairs)
  Loaded environment from /home/sadmin/Work/pyroffi/resources/bench_env_large.json
  Obstacles: 9 spheres + 0 cuboids

Learned-IK model not found at /home/sadmin/Work/pyroffi/resources/learned_ik/panda.pkl
  Run: python train_learned_ik.py --robot panda
  Learned-IK rows will be skipped in the benchmark.

Generating target poses (seq=32, batch=256) ...
  wrote cuRobo target sidecar: /home/sadmin/Work/pyroffi/resources/bench_ik_targets_panda.npz

────────────────────────────────────────────────────────────────────────────────
Sequential evaluation (per-problem latency) ...
────────────────────────────────────────────────────────────────────────────────

────────────────────────────────────────────────────────────────────────────────
Sequential evaluation — collision-free IK ...
────────────────────────────────────────────────────────────────────────────────

────────────────────────────────────────────────────────────────────────────────
Batch evaluation (all targets in one kernel launch) ...
────────────────────────────────────────────────────────────────────────────────

────────────────────────────────────────────────────────────────────────────────
Batch evaluation — collision-free IK ...
────────────────────────────────────────────────────────────────────────────────

================================================================================
Sequential results — per-problem latency  (N=32, timed=5)
================================================================================
  Method                 t_med(ms)   t_p95(ms)  pos_med(mm)  pos_p95(mm)  rot_med(rad)  rot_p95(rad)     success
  --------------------------------------------------------------------------------------------------------

================================================================================
Batch results — effective per-problem time  (N=256, timed=5)
================================================================================
  Method                   ms/prob  pos_med(mm)  pos_p95(mm)  rot_med(rad)  rot_p95(rad)     success   gpu_pk(%)  gpu_avg(%)  vram_pk(MB)
  --------------------------------------------------------------------------------------------------------------------------------

================================================================================
Sequential results — COLLISION-FREE IK  (N=32, timed=5)
  Scene: /home/sadmin/Work/pyroffi/resources/bench_env_large.json
  Obstacles: 9 spheres + 0 cuboids
  coll_free: solutions with min signed dist > 0 (all links clear of all obstacles)
================================================================================
  Method                 t_med(ms)   t_p95(ms)  pos_med(mm)  pos_p95(mm)  rot_med(rad)  rot_p95(rad)     success   coll_free
  --------------------------------------------------------------------------------------------------------------------

================================================================================
Batch results — COLLISION-FREE IK  (N=256, timed=5)
================================================================================
  Method                   ms/prob  pos_med(mm)  pos_p95(mm)  rot_med(rad)  rot_p95(rad)     success   coll_free   gpu_pk(%)  gpu_avg(%)  vram_pk(MB)
  --------------------------------------------------------------------------------------------------------------------------------------------

Results appended to /home/sadmin/Work/pyroffi/resources/bench_ik_results.csv

2026-09-07 00:18:17.288 | INFO     | jaxls._py310._problem:analyze:126 - Building optimization problem with 2 terms and 1 variables: 2 costs, 0 eq_zero, 0 leq_zero, 0 geq_zero
2026-09-07 00:18:17.389 | INFO     | jaxls._py310._problem:analyze:234 - Vectorizing group with 1 costs, 1 variables each: pose_residual
2026-09-07 00:18:17.409 | INFO     | jaxls._py310._problem:analyze:234 - Vectorizing group with 1 costs, 1 variables each: limit_residual
2026-09-07 00:18:17.419 | INFO     | jaxls._py310._problem:analyze:312 - Variable elimination: variable IDs are traced; solves will not use elimination
2026-09-07 00:18:25.845 | INFO     | pyroffi.collision._robot_collision:from_urdf:701 - Created RobotCollision with 13 links and 39 active self-collision pairs, using spherical collision models.
2026-09-07 00:20:14.629 | INFO     | jaxls._py310._problem:analyze:126 - Building optimization problem with 3 terms and 1 variables: 3 costs, 0 eq_zero, 0 leq_zero, 0 geq_zero
2026-09-07 00:20:14.643 | INFO     | jaxls._py310._problem:analyze:234 - Vectorizing group with 1 costs, 1 variables each: pose_residual
2026-09-07 00:20:14.650 | INFO     | jaxls._py310._problem:analyze:234 - Vectorizing group with 1 costs, 1 variables each: limit_residual
2026-09-07 00:20:14.705 | INFO     | jaxls._py310._problem:analyze:234 - Vectorizing group with 1 costs, 1 variables each: pyroki_collision_penalty
2026-09-07 00:20:14.714 | INFO     | jaxls._py310._problem:analyze:312 - Variable elimination: variable IDs are traced; solves will not use elimination
================================================================================
IK benchmark: PyRoKi-LS  (robot=panda, n_targets=32, n_timed=5)
GPU monitoring: enabled (pynvml)
================================================================================

Loading robot ...
  URDF: /home/sadmin/Work/pyroffi/resources/panda/panda_spherized.urdf
  7 actuated joints, target link: 'panda_hand'
  Fixed joints: []

Setting up PyRoKi solvers (LS + AnalyticJac) ...
  Warming up PyRoKi-LS (JIT compile) ...
  PyRoKi-LS ready.

Setting up collision environment ...
  Using SRDF disabled pairs: /home/sadmin/Work/pyroffi/resources/panda/panda.srdf (36 pairs)
  Loaded environment from /home/sadmin/Work/pyroffi/resources/bench_env_large.json
  Obstacles: 9 spheres + 0 cuboids
  Setting up collision-aware PyRoKi-LS ...

Generating target poses (seq=32, batch=256) ...
  wrote cuRobo target sidecar: /home/sadmin/Work/pyroffi/resources/bench_ik_targets_panda.npz
Warming up PyRoKi-LS-BATCH ...

────────────────────────────────────────────────────────────────────────────────
Sequential evaluation (per-problem latency) ...
────────────────────────────────────────────────────────────────────────────────
  Running PyRoKi-LS ...

────────────────────────────────────────────────────────────────────────────────
Sequential evaluation — collision-free IK ...
────────────────────────────────────────────────────────────────────────────────
  Running PyRoKi-LS-COLL ...

────────────────────────────────────────────────────────────────────────────────
Batch evaluation (all targets in one kernel launch) ...
────────────────────────────────────────────────────────────────────────────────
  Running PyRoKi-LS-BATCH ...

────────────────────────────────────────────────────────────────────────────────
Batch evaluation — collision-free IK ...
────────────────────────────────────────────────────────────────────────────────
  Running PyRoKi-LS-COLL-BATCH ...

================================================================================
Sequential results — per-problem latency  (N=32, timed=5)
================================================================================
  Method                 t_med(ms)   t_p95(ms)  pos_med(mm)  pos_p95(mm)  rot_med(rad)  rot_p95(rad)     success
  --------------------------------------------------------------------------------------------------------
  PyRoKi-LS                479.833     515.903      0.0001      0.0002      0.0000      0.0000       32/32

================================================================================
Batch results — effective per-problem time  (N=256, timed=5)
================================================================================
  Method                   ms/prob  pos_med(mm)  pos_p95(mm)  rot_med(rad)  rot_p95(rad)     success   gpu_pk(%)  gpu_avg(%)  vram_pk(MB)
  --------------------------------------------------------------------------------------------------------------------------------
  PyRoKi-LS-BATCH           14.456      0.0001      0.0002      0.0000      0.0000     256/256         99%         97%       19064

================================================================================
Sequential results — COLLISION-FREE IK  (N=32, timed=5)
  Scene: /home/sadmin/Work/pyroffi/resources/bench_env_large.json
  Obstacles: 9 spheres + 0 cuboids
  coll_free: solutions with min signed dist > 0 (all links clear of all obstacles)
================================================================================
  Method                 t_med(ms)   t_p95(ms)  pos_med(mm)  pos_p95(mm)  rot_med(rad)  rot_p95(rad)     success   coll_free
  --------------------------------------------------------------------------------------------------------------------
  PyRoKi-LS                632.822     745.849      0.0147     23.2387      0.0000      0.0580       23/32       32/32

================================================================================
Batch results — COLLISION-FREE IK  (N=256, timed=5)
================================================================================
  Method                   ms/prob  pos_med(mm)  pos_p95(mm)  rot_med(rad)  rot_p95(rad)     success   coll_free   gpu_pk(%)  gpu_avg(%)  vram_pk(MB)
  --------------------------------------------------------------------------------------------------------------------------------------------
  PyRoKi-LS                 29.364      0.0040     54.8095      0.0000      0.1839     177/256     256/256        100%         98%       19066

Results appended to /home/sadmin/Work/pyroffi/resources/bench_ik_results.csv

2026-09-07 00:23:45.536 | INFO     | jaxls._py310._problem:analyze:126 - Building optimization problem with 2 terms and 1 variables: 2 costs, 0 eq_zero, 0 leq_zero, 0 geq_zero
2026-09-07 00:23:45.557 | INFO     | jaxls._py310._problem:analyze:234 - Vectorizing group with 1 costs, 1 variables each: limit_residual
2026-09-07 00:23:45.653 | INFO     | jaxls._py310._problem:analyze:234 - Vectorizing group with 1 costs, 1 variables each: _pose_cost_analytical_jac
2026-09-07 00:23:45.664 | INFO     | jaxls._py310._problem:analyze:312 - Variable elimination: variable IDs are traced; solves will not use elimination
2026-09-07 00:23:52.045 | INFO     | pyroffi.collision._robot_collision:from_urdf:701 - Created RobotCollision with 13 links and 39 active self-collision pairs, using spherical collision models.
2026-09-07 00:25:14.899 | INFO     | jaxls._py310._problem:analyze:126 - Building optimization problem with 3 terms and 1 variables: 3 costs, 0 eq_zero, 0 leq_zero, 0 geq_zero
2026-09-07 00:25:14.956 | INFO     | jaxls._py310._problem:analyze:234 - Vectorizing group with 1 costs, 1 variables each: pyroki_collision_penalty
2026-09-07 00:25:14.964 | INFO     | jaxls._py310._problem:analyze:234 - Vectorizing group with 1 costs, 1 variables each: pose_residual
2026-09-07 00:25:14.971 | INFO     | jaxls._py310._problem:analyze:234 - Vectorizing group with 1 costs, 1 variables each: limit_residual
2026-09-07 00:25:14.980 | INFO     | jaxls._py310._problem:analyze:312 - Variable elimination: variable IDs are traced; solves will not use elimination
================================================================================
IK benchmark: PyRoKi-AnalyticJac  (robot=panda, n_targets=32, n_timed=5)
GPU monitoring: enabled (pynvml)
================================================================================

Loading robot ...
  URDF: /home/sadmin/Work/pyroffi/resources/panda/panda_spherized.urdf
  7 actuated joints, target link: 'panda_hand'
  Fixed joints: []

Setting up PyRoKi solvers (LS + AnalyticJac) ...
  Warming up PyRoKi-AnalyticJac (JIT compile) ...
  PyRoKi-AnalyticJac ready.

Setting up collision environment ...
  Using SRDF disabled pairs: /home/sadmin/Work/pyroffi/resources/panda/panda.srdf (36 pairs)
  Loaded environment from /home/sadmin/Work/pyroffi/resources/bench_env_large.json
  Obstacles: 9 spheres + 0 cuboids
  Setting up collision-aware PyRoKi-AnalyticJac ...

Generating target poses (seq=32, batch=256) ...
  wrote cuRobo target sidecar: /home/sadmin/Work/pyroffi/resources/bench_ik_targets_panda.npz
Warming up PyRoKi-AnalyticJac-BATCH ...

────────────────────────────────────────────────────────────────────────────────
Sequential evaluation (per-problem latency) ...
────────────────────────────────────────────────────────────────────────────────
  Running PyRoKi-AnalyticJac ...

────────────────────────────────────────────────────────────────────────────────
Sequential evaluation — collision-free IK ...
────────────────────────────────────────────────────────────────────────────────
  Running PyRoKi-AnalyticJac-COLL ...

────────────────────────────────────────────────────────────────────────────────
Batch evaluation (all targets in one kernel launch) ...
────────────────────────────────────────────────────────────────────────────────
  Running PyRoKi-AnalyticJac-BATCH ...

────────────────────────────────────────────────────────────────────────────────
Batch evaluation — collision-free IK ...
────────────────────────────────────────────────────────────────────────────────
  Running PyRoKi-AnalyticJac-COLL-BATCH ...

================================================================================
Sequential results — per-problem latency  (N=32, timed=5)
================================================================================
  Method                 t_med(ms)   t_p95(ms)  pos_med(mm)  pos_p95(mm)  rot_med(rad)  rot_p95(rad)     success
  --------------------------------------------------------------------------------------------------------
  PyRoKi-AnalyticJac       393.749     423.885      0.0001      0.0882      0.0000      0.0000       32/32

================================================================================
Batch results — effective per-problem time  (N=256, timed=5)
================================================================================
  Method                   ms/prob  pos_med(mm)  pos_p95(mm)  rot_med(rad)  rot_p95(rad)     success   gpu_pk(%)  gpu_avg(%)  vram_pk(MB)
  --------------------------------------------------------------------------------------------------------------------------------
  PyRoKi-AnalyticJac-BATCH       6.470      0.0001      0.0002      0.0000      0.0000     256/256         97%         92%       19060

================================================================================
Sequential results — COLLISION-FREE IK  (N=32, timed=5)
  Scene: /home/sadmin/Work/pyroffi/resources/bench_env_large.json
  Obstacles: 9 spheres + 0 cuboids
  coll_free: solutions with min signed dist > 0 (all links clear of all obstacles)
================================================================================
  Method                 t_med(ms)   t_p95(ms)  pos_med(mm)  pos_p95(mm)  rot_med(rad)  rot_p95(rad)     success   coll_free
  --------------------------------------------------------------------------------------------------------------------
  PyRoKi-AnalyticJac       621.124     735.600      0.0105     22.9831      0.0000      0.0713       23/32       32/32

================================================================================
Batch results — COLLISION-FREE IK  (N=256, timed=5)
================================================================================
  Method                   ms/prob  pos_med(mm)  pos_p95(mm)  rot_med(rad)  rot_p95(rad)     success   coll_free   gpu_pk(%)  gpu_avg(%)  vram_pk(MB)
  --------------------------------------------------------------------------------------------------------------------------------------------
  PyRoKi-AnalyticJac        28.516      0.0038     59.2204      0.0000      0.1816     177/256     255/256         99%         98%       19064

Results appended to /home/sadmin/Work/pyroffi/resources/bench_ik_results.csv

2026-09-07 00:28:41.263 | INFO     | pyroffi.collision._robot_collision:from_urdf:701 - Created RobotCollision with 13 links and 39 active self-collision pairs, using spherical collision models.
================================================================================
IK benchmark: QuIK-CPU  (robot=panda, n_targets=32, n_timed=5)
GPU monitoring: enabled (pynvml)
================================================================================

Loading robot ...
  URDF: /home/sadmin/Work/pyroffi/resources/panda/panda_spherized.urdf
  7 actuated joints, target link: 'panda_hand'
  Fixed joints: []

Setting up QuIK CPU solver (POE->DH + cricket JIT) ...
  QuIK ready (dof=7, CPU).

Setting up collision environment ...
  Using SRDF disabled pairs: /home/sadmin/Work/pyroffi/resources/panda/panda.srdf (36 pairs)
  Loaded environment from /home/sadmin/Work/pyroffi/resources/bench_env_large.json
  Obstacles: 9 spheres + 0 cuboids
  Setting up collision-aware QuIK (VAMP MPPI seed projection) ...
  Collision-aware QuIK ready.

Generating target poses (seq=32, batch=256) ...
  wrote cuRobo target sidecar: /home/sadmin/Work/pyroffi/resources/bench_ik_targets_panda.npz

────────────────────────────────────────────────────────────────────────────────
Sequential evaluation (per-problem latency) ...
────────────────────────────────────────────────────────────────────────────────
  Running QuIK-CPU ...

────────────────────────────────────────────────────────────────────────────────
Sequential evaluation — collision-free IK ...
────────────────────────────────────────────────────────────────────────────────
  Running QuIK-CPU-COLL ...

────────────────────────────────────────────────────────────────────────────────
Batch evaluation (all targets in one kernel launch) ...
────────────────────────────────────────────────────────────────────────────────
  Running QuIK-CPU-BATCH ...

────────────────────────────────────────────────────────────────────────────────
Batch evaluation — collision-free IK ...
────────────────────────────────────────────────────────────────────────────────
  Running QuIK-CPU-COLL-BATCH ...

================================================================================
Sequential results — per-problem latency  (N=32, timed=5)
================================================================================
  Method                 t_med(ms)   t_p95(ms)  pos_med(mm)  pos_p95(mm)  rot_med(rad)  rot_p95(rad)     success
  --------------------------------------------------------------------------------------------------------
  QuIK-CPU                   3.635       7.298      0.0002      0.0003      0.0000      0.0000       32/32

================================================================================
Batch results — effective per-problem time  (N=256, timed=5)
================================================================================
  Method                   ms/prob  pos_med(mm)  pos_p95(mm)  rot_med(rad)  rot_p95(rad)     success   gpu_pk(%)  gpu_avg(%)  vram_pk(MB)
  --------------------------------------------------------------------------------------------------------------------------------
  QuIK-CPU-BATCH             0.101      0.0002      0.0003      0.0000      0.0000     256/256         n/a         n/a         n/a

================================================================================
Sequential results — COLLISION-FREE IK  (N=32, timed=5)
  Scene: /home/sadmin/Work/pyroffi/resources/bench_env_large.json
  Obstacles: 9 spheres + 0 cuboids
  coll_free: solutions with min signed dist > 0 (all links clear of all obstacles)
================================================================================
  Method                 t_med(ms)   t_p95(ms)  pos_med(mm)  pos_p95(mm)  rot_med(rad)  rot_p95(rad)     success   coll_free
  --------------------------------------------------------------------------------------------------------------------
  QuIK-CPU                  16.640      19.164      0.0001      0.0003      0.0000      0.0000       32/32       28/32

================================================================================
Batch results — COLLISION-FREE IK  (N=256, timed=5)
================================================================================
  Method                   ms/prob  pos_med(mm)  pos_p95(mm)  rot_med(rad)  rot_p95(rad)     success   coll_free   gpu_pk(%)  gpu_avg(%)  vram_pk(MB)
  --------------------------------------------------------------------------------------------------------------------------------------------
  QuIK-CPU                   0.289      0.0002      0.0003      0.0000      0.0000     256/256     207/256         n/a         n/a         n/a

Results appended to /home/sadmin/Work/pyroffi/resources/bench_ik_results.csv

No EE provided, using distal link `panda_grasptarget`.
2026-09-07 00:29:00.749 | DEBUG    | pyroffi._robot_urdf_parser:_get_T_parent_joint:662 - Joint 'torso_lift_collision_2_joint' has no origin, assuming identity transform.
2026-09-07 00:29:01.042 | WARNING  | pyroffi._robot:from_urdf:149 - Dynamics unavailable for this URDF: URDF provides no <inertial> data; dynamics quantities would be degenerate.
2026-09-07 00:29:01.060 | DEBUG    | pyroffi._robot_urdf_parser:_get_T_parent_joint:662 - Joint 'torso_lift_collision_2_joint' has no origin, assuming identity transform.
2026-09-07 00:29:04.139 | INFO     | pyroffi.collision._robot_collision:from_urdf:701 - Created RobotCollision with 17 links and 62 active self-collision pairs, using spherical collision models.
================================================================================
IK benchmark: HJCD-JAX  (robot=fetch, n_targets=32, n_timed=5)
GPU monitoring: enabled (pynvml)
================================================================================

Loading robot ...
  URDF: /home/sadmin/Work/pyroffi/resources/fetch/fetch_spherized.urdf
  8 actuated joints, target link: 'gripper_link'
  Fixed joints: []

Setting up collision environment ...
  Using SRDF disabled pairs: /home/sadmin/Work/pyroffi/resources/fetch/fetch.srdf (162 pairs)
  Loaded environment from /home/sadmin/Work/pyroffi/resources/bench_env_large.json
  Obstacles: 9 spheres + 0 cuboids

Generating target poses (seq=32, batch=256) ...
Warming up HJCD-JAX ...
Warming up HJCD-JAX-COLL ...
Warming up HJCD-JAX-BATCH ...
Warming up HJCD-JAX-COLL-BATCH ...

────────────────────────────────────────────────────────────────────────────────
Sequential evaluation (per-problem latency) ...
────────────────────────────────────────────────────────────────────────────────
  Running HJCD-JAX ...

────────────────────────────────────────────────────────────────────────────────
Sequential evaluation — collision-free IK ...
────────────────────────────────────────────────────────────────────────────────
  Running HJCD-JAX-COLL ...

────────────────────────────────────────────────────────────────────────────────
Batch evaluation (all targets in one kernel launch) ...
────────────────────────────────────────────────────────────────────────────────
  Running HJCD-JAX-BATCH ...

────────────────────────────────────────────────────────────────────────────────
Batch evaluation — collision-free IK ...
────────────────────────────────────────────────────────────────────────────────
  Running HJCD-JAX-COLL-BATCH ...

================================================================================
Sequential results — per-problem latency  (N=32, timed=5)
================================================================================
  Method                 t_med(ms)   t_p95(ms)  pos_med(mm)  pos_p95(mm)  rot_med(rad)  rot_p95(rad)     success
  --------------------------------------------------------------------------------------------------------
  HJCD-JAX                 145.772     145.794      0.2368      1.1754      0.0002      0.0017       30/32

================================================================================
Batch results — effective per-problem time  (N=256, timed=5)
================================================================================
  Method                   ms/prob  pos_med(mm)  pos_p95(mm)  rot_med(rad)  rot_p95(rad)     success   gpu_pk(%)  gpu_avg(%)  vram_pk(MB)
  --------------------------------------------------------------------------------------------------------------------------------
  HJCD-JAX-BATCH             4.261      0.1886      0.5709      0.0002      0.0005     249/256        100%         99%       19086

================================================================================
Sequential results — COLLISION-FREE IK  (N=32, timed=5)
  Scene: /home/sadmin/Work/pyroffi/resources/bench_env_large.json
  Obstacles: 9 spheres + 0 cuboids
  coll_free: solutions with min signed dist > 0 (all links clear of all obstacles)
================================================================================
  Method                 t_med(ms)   t_p95(ms)  pos_med(mm)  pos_p95(mm)  rot_med(rad)  rot_p95(rad)     success   coll_free
  --------------------------------------------------------------------------------------------------------------------
  HJCD-JAX                 230.690     230.708    161.2107    623.9961      0.5079      1.1527        0/32        0/32

================================================================================
Batch results — COLLISION-FREE IK  (N=256, timed=5)
================================================================================
  Method                   ms/prob  pos_med(mm)  pos_p95(mm)  rot_med(rad)  rot_p95(rad)     success   coll_free   gpu_pk(%)  gpu_avg(%)  vram_pk(MB)
  --------------------------------------------------------------------------------------------------------------------------------------------
  HJCD-JAX                  63.930    123.5503    598.3820      0.5925      0.9124       0/256       0/256        100%        100%       19100

Results appended to /home/sadmin/Work/pyroffi/resources/bench_ik_results.csv

2026-09-07 00:45:17.357 | DEBUG    | pyroffi._robot_urdf_parser:_get_T_parent_joint:662 - Joint 'torso_lift_collision_2_joint' has no origin, assuming identity transform.
2026-09-07 00:45:17.628 | WARNING  | pyroffi._robot:from_urdf:149 - Dynamics unavailable for this URDF: URDF provides no <inertial> data; dynamics quantities would be degenerate.
2026-09-07 00:45:17.639 | DEBUG    | pyroffi._robot_urdf_parser:_get_T_parent_joint:662 - Joint 'torso_lift_collision_2_joint' has no origin, assuming identity transform.
2026-09-07 00:45:20.650 | INFO     | pyroffi.collision._robot_collision:from_urdf:701 - Created RobotCollision with 17 links and 62 active self-collision pairs, using spherical collision models.
================================================================================
IK benchmark: HJCD-CUDA  (robot=fetch, n_targets=32, n_timed=5)
GPU monitoring: enabled (pynvml)
================================================================================

Loading robot ...
  URDF: /home/sadmin/Work/pyroffi/resources/fetch/fetch_spherized.urdf
  8 actuated joints, target link: 'gripper_link'
  Fixed joints: []

Setting up collision environment ...
  Using SRDF disabled pairs: /home/sadmin/Work/pyroffi/resources/fetch/fetch.srdf (162 pairs)
  Loaded environment from /home/sadmin/Work/pyroffi/resources/bench_env_large.json
  Obstacles: 9 spheres + 0 cuboids

Generating target poses (seq=32, batch=256) ...
Warming up HJCD-CUDA ...
Warming up HJCD-CUDA-COLL ...
Warming up HJCD-CUDA-BATCH ...
Warming up HJCD-CUDA-COLL-BATCH ...

────────────────────────────────────────────────────────────────────────────────
Sequential evaluation (per-problem latency) ...
────────────────────────────────────────────────────────────────────────────────
  Running HJCD-CUDA ...

────────────────────────────────────────────────────────────────────────────────
Sequential evaluation — collision-free IK ...
────────────────────────────────────────────────────────────────────────────────
  Running HJCD-CUDA-COLL ...

────────────────────────────────────────────────────────────────────────────────
Batch evaluation (all targets in one kernel launch) ...
────────────────────────────────────────────────────────────────────────────────
  Running HJCD-CUDA-BATCH ...

────────────────────────────────────────────────────────────────────────────────
Batch evaluation — collision-free IK ...
────────────────────────────────────────────────────────────────────────────────
  Running HJCD-CUDA-COLL-BATCH ...

================================================================================
Sequential results — per-problem latency  (N=32, timed=5)
================================================================================
  Method                 t_med(ms)   t_p95(ms)  pos_med(mm)  pos_p95(mm)  rot_med(rad)  rot_p95(rad)     success
  --------------------------------------------------------------------------------------------------------
  HJCD-CUDA                 22.638      22.773      0.0926      0.9671      0.0000      0.0012       30/32

================================================================================
Batch results — effective per-problem time  (N=256, timed=5)
================================================================================
  Method                   ms/prob  pos_med(mm)  pos_p95(mm)  rot_med(rad)  rot_p95(rad)     success   gpu_pk(%)  gpu_avg(%)  vram_pk(MB)
  --------------------------------------------------------------------------------------------------------------------------------
  HJCD-CUDA-BATCH            0.130      0.1010      0.4821      0.0000      0.0002     250/256         99%         62%       19558

================================================================================
Sequential results — COLLISION-FREE IK  (N=32, timed=5)
  Scene: /home/sadmin/Work/pyroffi/resources/bench_env_large.json
  Obstacles: 9 spheres + 0 cuboids
  coll_free: solutions with min signed dist > 0 (all links clear of all obstacles)
================================================================================
  Method                 t_med(ms)   t_p95(ms)  pos_med(mm)  pos_p95(mm)  rot_med(rad)  rot_p95(rad)     success   coll_free
  --------------------------------------------------------------------------------------------------------------------
  HJCD-CUDA                156.326     157.335      0.5586    479.6213      0.0004      0.6923       17/32        0/32

================================================================================
Batch results — COLLISION-FREE IK  (N=256, timed=5)
================================================================================
  Method                   ms/prob  pos_med(mm)  pos_p95(mm)  rot_med(rad)  rot_p95(rad)     success   coll_free   gpu_pk(%)  gpu_avg(%)  vram_pk(MB)
  --------------------------------------------------------------------------------------------------------------------------------------------
  HJCD-CUDA                  4.735      0.2988    229.0586      0.0005      0.7642     142/256       0/256        100%         99%       19564

Results appended to /home/sadmin/Work/pyroffi/resources/bench_ik_results.csv

2026-09-07 00:49:13.083 | DEBUG    | pyroffi._robot_urdf_parser:_get_T_parent_joint:662 - Joint 'torso_lift_collision_2_joint' has no origin, assuming identity transform.
2026-09-07 00:49:13.361 | WARNING  | pyroffi._robot:from_urdf:149 - Dynamics unavailable for this URDF: URDF provides no <inertial> data; dynamics quantities would be degenerate.
2026-09-07 00:49:13.373 | DEBUG    | pyroffi._robot_urdf_parser:_get_T_parent_joint:662 - Joint 'torso_lift_collision_2_joint' has no origin, assuming identity transform.
2026-09-07 00:49:16.372 | INFO     | pyroffi.collision._robot_collision:from_urdf:701 - Created RobotCollision with 17 links and 62 active self-collision pairs, using spherical collision models.
================================================================================
IK benchmark: LS-JAX  (robot=fetch, n_targets=32, n_timed=5)
GPU monitoring: enabled (pynvml)
================================================================================

Loading robot ...
  URDF: /home/sadmin/Work/pyroffi/resources/fetch/fetch_spherized.urdf
  8 actuated joints, target link: 'gripper_link'
  Fixed joints: []

Setting up collision environment ...
  Using SRDF disabled pairs: /home/sadmin/Work/pyroffi/resources/fetch/fetch.srdf (162 pairs)
  Loaded environment from /home/sadmin/Work/pyroffi/resources/bench_env_large.json
  Obstacles: 9 spheres + 0 cuboids

Generating target poses (seq=32, batch=256) ...
Warming up LS-JAX ...
Warming up LS-JAX-COLL ...
Warming up LS-JAX-BATCH ...
Warming up LS-JAX-COLL-BATCH ...

────────────────────────────────────────────────────────────────────────────────
Sequential evaluation (per-problem latency) ...
────────────────────────────────────────────────────────────────────────────────
  Running LS-JAX ...

────────────────────────────────────────────────────────────────────────────────
Sequential evaluation — collision-free IK ...
────────────────────────────────────────────────────────────────────────────────
  Running LS-JAX-COLL ...

────────────────────────────────────────────────────────────────────────────────
Batch evaluation (all targets in one kernel launch) ...
────────────────────────────────────────────────────────────────────────────────
  Running LS-JAX-BATCH ...

────────────────────────────────────────────────────────────────────────────────
Batch evaluation — collision-free IK ...
────────────────────────────────────────────────────────────────────────────────
  Running LS-JAX-COLL-BATCH ...

================================================================================
Sequential results — per-problem latency  (N=32, timed=5)
================================================================================
  Method                 t_med(ms)   t_p95(ms)  pos_med(mm)  pos_p95(mm)  rot_med(rad)  rot_p95(rad)     success
  --------------------------------------------------------------------------------------------------------
  LS-JAX                   128.256     128.298      0.1677      0.3343      0.0003      0.0004       32/32

================================================================================
Batch results — effective per-problem time  (N=256, timed=5)
================================================================================
  Method                   ms/prob  pos_med(mm)  pos_p95(mm)  rot_med(rad)  rot_p95(rad)     success   gpu_pk(%)  gpu_avg(%)  vram_pk(MB)
  --------------------------------------------------------------------------------------------------------------------------------
  LS-JAX-BATCH               3.559      0.1955      0.4081      0.0002      0.0004     256/256        100%         98%       19070

================================================================================
Sequential results — COLLISION-FREE IK  (N=32, timed=5)
  Scene: /home/sadmin/Work/pyroffi/resources/bench_env_large.json
  Obstacles: 9 spheres + 0 cuboids
  coll_free: solutions with min signed dist > 0 (all links clear of all obstacles)
================================================================================
  Method                 t_med(ms)   t_p95(ms)  pos_med(mm)  pos_p95(mm)  rot_med(rad)  rot_p95(rad)     success   coll_free
  --------------------------------------------------------------------------------------------------------------------
  LS-JAX                   260.994     261.016    305.6734    548.8671      1.0908      1.8117        0/32        0/32

================================================================================
Batch results — COLLISION-FREE IK  (N=256, timed=5)
================================================================================
  Method                   ms/prob  pos_med(mm)  pos_p95(mm)  rot_med(rad)  rot_p95(rad)     success   coll_free   gpu_pk(%)  gpu_avg(%)  vram_pk(MB)
  --------------------------------------------------------------------------------------------------------------------------------------------
  LS-JAX                    98.933    270.0740    519.8690      1.1012      1.9136       0/256       0/256        100%        100%       19076

Results appended to /home/sadmin/Work/pyroffi/resources/bench_ik_results.csv

2026-09-07 01:10:12.748 | DEBUG    | pyroffi._robot_urdf_parser:_get_T_parent_joint:662 - Joint 'torso_lift_collision_2_joint' has no origin, assuming identity transform.
2026-09-07 01:10:13.043 | WARNING  | pyroffi._robot:from_urdf:149 - Dynamics unavailable for this URDF: URDF provides no <inertial> data; dynamics quantities would be degenerate.
2026-09-07 01:10:13.055 | DEBUG    | pyroffi._robot_urdf_parser:_get_T_parent_joint:662 - Joint 'torso_lift_collision_2_joint' has no origin, assuming identity transform.
2026-09-07 01:10:16.232 | INFO     | pyroffi.collision._robot_collision:from_urdf:701 - Created RobotCollision with 17 links and 62 active self-collision pairs, using spherical collision models.
================================================================================
IK benchmark: LS-CUDA  (robot=fetch, n_targets=32, n_timed=5)
GPU monitoring: enabled (pynvml)
================================================================================

Loading robot ...
  URDF: /home/sadmin/Work/pyroffi/resources/fetch/fetch_spherized.urdf
  8 actuated joints, target link: 'gripper_link'
  Fixed joints: []

Setting up collision environment ...
  Using SRDF disabled pairs: /home/sadmin/Work/pyroffi/resources/fetch/fetch.srdf (162 pairs)
  Loaded environment from /home/sadmin/Work/pyroffi/resources/bench_env_large.json
  Obstacles: 9 spheres + 0 cuboids

Generating target poses (seq=32, batch=256) ...
Warming up LS-CUDA ...
Warming up LS-CUDA-COLL ...
Warming up LS-CUDA-BATCH ...
Warming up LS-CUDA-COLL-BATCH ...

────────────────────────────────────────────────────────────────────────────────
Sequential evaluation (per-problem latency) ...
────────────────────────────────────────────────────────────────────────────────
  Running LS-CUDA ...

────────────────────────────────────────────────────────────────────────────────
Sequential evaluation — collision-free IK ...
────────────────────────────────────────────────────────────────────────────────
  Running LS-CUDA-COLL ...

────────────────────────────────────────────────────────────────────────────────
Batch evaluation (all targets in one kernel launch) ...
────────────────────────────────────────────────────────────────────────────────
  Running LS-CUDA-BATCH ...

────────────────────────────────────────────────────────────────────────────────
Batch evaluation — collision-free IK ...
────────────────────────────────────────────────────────────────────────────────
  Running LS-CUDA-COLL-BATCH ...

================================================================================
Sequential results — per-problem latency  (N=32, timed=5)
================================================================================
  Method                 t_med(ms)   t_p95(ms)  pos_med(mm)  pos_p95(mm)  rot_med(rad)  rot_p95(rad)     success
  --------------------------------------------------------------------------------------------------------
  LS-CUDA                   30.477      30.754      0.0001      0.0003      0.0000      0.0000       32/32

================================================================================
Batch results — effective per-problem time  (N=256, timed=5)
================================================================================
  Method                   ms/prob  pos_med(mm)  pos_p95(mm)  rot_med(rad)  rot_p95(rad)     success   gpu_pk(%)  gpu_avg(%)  vram_pk(MB)
  --------------------------------------------------------------------------------------------------------------------------------
  LS-CUDA-BATCH              0.171      0.0001      0.0004      0.0000      0.0000     254/256        100%         73%       19486

================================================================================
Sequential results — COLLISION-FREE IK  (N=32, timed=5)
  Scene: /home/sadmin/Work/pyroffi/resources/bench_env_large.json
  Obstacles: 9 spheres + 0 cuboids
  coll_free: solutions with min signed dist > 0 (all links clear of all obstacles)
================================================================================
  Method                 t_med(ms)   t_p95(ms)  pos_med(mm)  pos_p95(mm)  rot_med(rad)  rot_p95(rad)     success   coll_free
  --------------------------------------------------------------------------------------------------------------------
  LS-CUDA                  764.859     778.137     15.1132    238.4206      0.0596      0.4783        3/32        0/32

================================================================================
Batch results — COLLISION-FREE IK  (N=256, timed=5)
================================================================================
  Method                   ms/prob  pos_med(mm)  pos_p95(mm)  rot_med(rad)  rot_p95(rad)     success   coll_free   gpu_pk(%)  gpu_avg(%)  vram_pk(MB)
  --------------------------------------------------------------------------------------------------------------------------------------------
  LS-CUDA                    3.496      6.8430    182.7051      0.0180      0.5416      43/256       0/256        100%         99%       19486

Results appended to /home/sadmin/Work/pyroffi/resources/bench_ik_results.csv

2026-09-07 01:22:06.055 | DEBUG    | pyroffi._robot_urdf_parser:_get_T_parent_joint:662 - Joint 'torso_lift_collision_2_joint' has no origin, assuming identity transform.
2026-09-07 01:22:06.321 | WARNING  | pyroffi._robot:from_urdf:149 - Dynamics unavailable for this URDF: URDF provides no <inertial> data; dynamics quantities would be degenerate.
2026-09-07 01:22:06.333 | DEBUG    | pyroffi._robot_urdf_parser:_get_T_parent_joint:662 - Joint 'torso_lift_collision_2_joint' has no origin, assuming identity transform.
2026-09-07 01:22:09.299 | INFO     | pyroffi.collision._robot_collision:from_urdf:701 - Created RobotCollision with 17 links and 62 active self-collision pairs, using spherical collision models.
================================================================================
IK benchmark: SQP-JAX  (robot=fetch, n_targets=32, n_timed=5)
GPU monitoring: enabled (pynvml)
================================================================================

Loading robot ...
  URDF: /home/sadmin/Work/pyroffi/resources/fetch/fetch_spherized.urdf
  8 actuated joints, target link: 'gripper_link'
  Fixed joints: []

Setting up collision environment ...
  Using SRDF disabled pairs: /home/sadmin/Work/pyroffi/resources/fetch/fetch.srdf (162 pairs)
  Loaded environment from /home/sadmin/Work/pyroffi/resources/bench_env_large.json
  Obstacles: 9 spheres + 0 cuboids

Generating target poses (seq=32, batch=256) ...
Warming up SQP-JAX ...
Warming up SQP-JAX-COLL ...
Warming up SQP-JAX-BATCH ...
Warming up SQP-JAX-COLL-BATCH ...

────────────────────────────────────────────────────────────────────────────────
Sequential evaluation (per-problem latency) ...
────────────────────────────────────────────────────────────────────────────────
  Running SQP-JAX ...

────────────────────────────────────────────────────────────────────────────────
Sequential evaluation — collision-free IK ...
────────────────────────────────────────────────────────────────────────────────
  Running SQP-JAX-COLL ...

────────────────────────────────────────────────────────────────────────────────
Batch evaluation (all targets in one kernel launch) ...
────────────────────────────────────────────────────────────────────────────────
  Running SQP-JAX-BATCH ...

────────────────────────────────────────────────────────────────────────────────
Batch evaluation — collision-free IK ...
────────────────────────────────────────────────────────────────────────────────
  Running SQP-JAX-COLL-BATCH ...

================================================================================
Sequential results — per-problem latency  (N=32, timed=5)
================================================================================
  Method                 t_med(ms)   t_p95(ms)  pos_med(mm)  pos_p95(mm)  rot_med(rad)  rot_p95(rad)     success
  --------------------------------------------------------------------------------------------------------
  SQP-JAX                  142.898     142.954      0.1922      0.3872      0.0002      0.0004       32/32

================================================================================
Batch results — effective per-problem time  (N=256, timed=5)
================================================================================
  Method                   ms/prob  pos_med(mm)  pos_p95(mm)  rot_med(rad)  rot_p95(rad)     success   gpu_pk(%)  gpu_avg(%)  vram_pk(MB)
  --------------------------------------------------------------------------------------------------------------------------------
  SQP-JAX-BATCH              3.691      0.1789      0.3978      0.0002      0.0004     256/256        100%         99%       19070

================================================================================
Sequential results — COLLISION-FREE IK  (N=32, timed=5)
  Scene: /home/sadmin/Work/pyroffi/resources/bench_env_large.json
  Obstacles: 9 spheres + 0 cuboids
  coll_free: solutions with min signed dist > 0 (all links clear of all obstacles)
================================================================================
  Method                 t_med(ms)   t_p95(ms)  pos_med(mm)  pos_p95(mm)  rot_med(rad)  rot_p95(rad)     success   coll_free
  --------------------------------------------------------------------------------------------------------------------
  SQP-JAX                  275.043     275.105    257.9239    518.5704      1.1145      2.0448        0/32        0/32

================================================================================
Batch results — COLLISION-FREE IK  (N=256, timed=5)
================================================================================
  Method                   ms/prob  pos_med(mm)  pos_p95(mm)  rot_med(rad)  rot_p95(rad)     success   coll_free   gpu_pk(%)  gpu_avg(%)  vram_pk(MB)
  --------------------------------------------------------------------------------------------------------------------------------------------
  SQP-JAX                   99.124    261.3367    501.5304      0.9900      1.8650       0/256       0/256        100%        100%       19076

Results appended to /home/sadmin/Work/pyroffi/resources/bench_ik_results.csv

2026-09-07 01:43:32.652 | DEBUG    | pyroffi._robot_urdf_parser:_get_T_parent_joint:662 - Joint 'torso_lift_collision_2_joint' has no origin, assuming identity transform.
2026-09-07 01:43:32.926 | WARNING  | pyroffi._robot:from_urdf:149 - Dynamics unavailable for this URDF: URDF provides no <inertial> data; dynamics quantities would be degenerate.
2026-09-07 01:43:32.937 | DEBUG    | pyroffi._robot_urdf_parser:_get_T_parent_joint:662 - Joint 'torso_lift_collision_2_joint' has no origin, assuming identity transform.
2026-09-07 01:43:35.884 | INFO     | pyroffi.collision._robot_collision:from_urdf:701 - Created RobotCollision with 17 links and 62 active self-collision pairs, using spherical collision models.
================================================================================
IK benchmark: SQP-CUDA  (robot=fetch, n_targets=32, n_timed=5)
GPU monitoring: enabled (pynvml)
================================================================================

Loading robot ...
  URDF: /home/sadmin/Work/pyroffi/resources/fetch/fetch_spherized.urdf
  8 actuated joints, target link: 'gripper_link'
  Fixed joints: []

Setting up collision environment ...
  Using SRDF disabled pairs: /home/sadmin/Work/pyroffi/resources/fetch/fetch.srdf (162 pairs)
  Loaded environment from /home/sadmin/Work/pyroffi/resources/bench_env_large.json
  Obstacles: 9 spheres + 0 cuboids

Generating target poses (seq=32, batch=256) ...
Warming up SQP-CUDA ...
Warming up SQP-CUDA-COLL ...
Warming up SQP-CUDA-BATCH ...
Warming up SQP-CUDA-COLL-BATCH ...

────────────────────────────────────────────────────────────────────────────────
Sequential evaluation (per-problem latency) ...
────────────────────────────────────────────────────────────────────────────────
  Running SQP-CUDA ...

────────────────────────────────────────────────────────────────────────────────
Sequential evaluation — collision-free IK ...
────────────────────────────────────────────────────────────────────────────────
  Running SQP-CUDA-COLL ...

────────────────────────────────────────────────────────────────────────────────
Batch evaluation (all targets in one kernel launch) ...
────────────────────────────────────────────────────────────────────────────────
  Running SQP-CUDA-BATCH ...

────────────────────────────────────────────────────────────────────────────────
Batch evaluation — collision-free IK ...
────────────────────────────────────────────────────────────────────────────────
  Running SQP-CUDA-COLL-BATCH ...

================================================================================
Sequential results — per-problem latency  (N=32, timed=5)
================================================================================
  Method                 t_med(ms)   t_p95(ms)  pos_med(mm)  pos_p95(mm)  rot_med(rad)  rot_p95(rad)     success
  --------------------------------------------------------------------------------------------------------
  SQP-CUDA                  51.641      52.753      0.0001      0.0003      0.0000      0.0000       32/32

================================================================================
Batch results — effective per-problem time  (N=256, timed=5)
================================================================================
  Method                   ms/prob  pos_med(mm)  pos_p95(mm)  rot_med(rad)  rot_p95(rad)     success   gpu_pk(%)  gpu_avg(%)  vram_pk(MB)
  --------------------------------------------------------------------------------------------------------------------------------
  SQP-CUDA-BATCH             0.282      0.0001      0.0003      0.0000      0.0000     256/256        100%         78%       20090

================================================================================
Sequential results — COLLISION-FREE IK  (N=32, timed=5)
  Scene: /home/sadmin/Work/pyroffi/resources/bench_env_large.json
  Obstacles: 9 spheres + 0 cuboids
  coll_free: solutions with min signed dist > 0 (all links clear of all obstacles)
================================================================================
  Method                 t_med(ms)   t_p95(ms)  pos_med(mm)  pos_p95(mm)  rot_med(rad)  rot_p95(rad)     success   coll_free
  --------------------------------------------------------------------------------------------------------------------
  SQP-CUDA                  95.700      96.588      0.0003    621.8670      0.0000      0.8033       18/32        0/32

================================================================================
Batch results — COLLISION-FREE IK  (N=256, timed=5)
================================================================================
  Method                   ms/prob  pos_med(mm)  pos_p95(mm)  rot_med(rad)  rot_p95(rad)     success   coll_free   gpu_pk(%)  gpu_avg(%)  vram_pk(MB)
  --------------------------------------------------------------------------------------------------------------------------------------------
  SQP-CUDA                   1.054      0.0002    242.1290      0.0000      0.8372     183/256       0/256        100%         95%       20094

Results appended to /home/sadmin/Work/pyroffi/resources/bench_ik_results.csv

2026-09-07 01:46:14.895 | DEBUG    | pyroffi._robot_urdf_parser:_get_T_parent_joint:662 - Joint 'torso_lift_collision_2_joint' has no origin, assuming identity transform.
2026-09-07 01:46:15.166 | WARNING  | pyroffi._robot:from_urdf:149 - Dynamics unavailable for this URDF: URDF provides no <inertial> data; dynamics quantities would be degenerate.
2026-09-07 01:46:15.177 | DEBUG    | pyroffi._robot_urdf_parser:_get_T_parent_joint:662 - Joint 'torso_lift_collision_2_joint' has no origin, assuming identity transform.
2026-09-07 01:46:18.113 | INFO     | pyroffi.collision._robot_collision:from_urdf:701 - Created RobotCollision with 17 links and 62 active self-collision pairs, using spherical collision models.
================================================================================
IK benchmark: MPPI-JAX  (robot=fetch, n_targets=32, n_timed=5)
GPU monitoring: enabled (pynvml)
================================================================================

Loading robot ...
  URDF: /home/sadmin/Work/pyroffi/resources/fetch/fetch_spherized.urdf
  8 actuated joints, target link: 'gripper_link'
  Fixed joints: []

Setting up collision environment ...
  Using SRDF disabled pairs: /home/sadmin/Work/pyroffi/resources/fetch/fetch.srdf (162 pairs)
  Loaded environment from /home/sadmin/Work/pyroffi/resources/bench_env_large.json
  Obstacles: 9 spheres + 0 cuboids

Generating target poses (seq=32, batch=256) ...
Warming up MPPI-JAX ...
Warming up MPPI-JAX-COLL ...
Warming up MPPI-JAX-BATCH ...
Warming up MPPI-JAX-COLL-BATCH ...

────────────────────────────────────────────────────────────────────────────────
Sequential evaluation (per-problem latency) ...
────────────────────────────────────────────────────────────────────────────────
  Running MPPI-JAX ...

────────────────────────────────────────────────────────────────────────────────
Sequential evaluation — collision-free IK ...
────────────────────────────────────────────────────────────────────────────────
  Running MPPI-JAX-COLL ...

────────────────────────────────────────────────────────────────────────────────
Batch evaluation (all targets in one kernel launch) ...
────────────────────────────────────────────────────────────────────────────────
  Running MPPI-JAX-BATCH ...

────────────────────────────────────────────────────────────────────────────────
Batch evaluation — collision-free IK ...
────────────────────────────────────────────────────────────────────────────────
  Running MPPI-JAX-COLL-BATCH ...

================================================================================
Sequential results — per-problem latency  (N=32, timed=5)
================================================================================
  Method                 t_med(ms)   t_p95(ms)  pos_med(mm)  pos_p95(mm)  rot_med(rad)  rot_p95(rad)     success
  --------------------------------------------------------------------------------------------------------
  MPPI-JAX                  58.320      58.363      0.0252      0.2565      0.0001      0.0015       32/32

================================================================================
Batch results — effective per-problem time  (N=256, timed=5)
================================================================================
  Method                   ms/prob  pos_med(mm)  pos_p95(mm)  rot_med(rad)  rot_p95(rad)     success   gpu_pk(%)  gpu_avg(%)  vram_pk(MB)
  --------------------------------------------------------------------------------------------------------------------------------
  MPPI-JAX-BATCH             0.900      0.0169      0.1945      0.0001      0.0011     255/256        100%         94%       19076

================================================================================
Sequential results — COLLISION-FREE IK  (N=32, timed=5)
  Scene: /home/sadmin/Work/pyroffi/resources/bench_env_large.json
  Obstacles: 9 spheres + 0 cuboids
  coll_free: solutions with min signed dist > 0 (all links clear of all obstacles)
================================================================================
  Method                 t_med(ms)   t_p95(ms)  pos_med(mm)  pos_p95(mm)  rot_med(rad)  rot_p95(rad)     success   coll_free
  --------------------------------------------------------------------------------------------------------------------
  MPPI-JAX                  90.774      90.817     10.5786     93.0793      0.0809      0.4366        0/32        0/32

================================================================================
Batch results — COLLISION-FREE IK  (N=256, timed=5)
================================================================================
  Method                   ms/prob  pos_med(mm)  pos_p95(mm)  rot_med(rad)  rot_p95(rad)     success   coll_free   gpu_pk(%)  gpu_avg(%)  vram_pk(MB)
  --------------------------------------------------------------------------------------------------------------------------------------------
  MPPI-JAX                  10.023     10.4415     79.5422      0.0765      0.2974       0/256       0/256        100%        100%       19088

Results appended to /home/sadmin/Work/pyroffi/resources/bench_ik_results.csv

2026-09-07 01:50:55.970 | DEBUG    | pyroffi._robot_urdf_parser:_get_T_parent_joint:662 - Joint 'torso_lift_collision_2_joint' has no origin, assuming identity transform.
2026-09-07 01:50:56.248 | WARNING  | pyroffi._robot:from_urdf:149 - Dynamics unavailable for this URDF: URDF provides no <inertial> data; dynamics quantities would be degenerate.
2026-09-07 01:50:56.260 | DEBUG    | pyroffi._robot_urdf_parser:_get_T_parent_joint:662 - Joint 'torso_lift_collision_2_joint' has no origin, assuming identity transform.
2026-09-07 01:50:59.235 | INFO     | pyroffi.collision._robot_collision:from_urdf:701 - Created RobotCollision with 17 links and 62 active self-collision pairs, using spherical collision models.
================================================================================
IK benchmark: MPPI-CUDA  (robot=fetch, n_targets=32, n_timed=5)
GPU monitoring: enabled (pynvml)
================================================================================

Loading robot ...
  URDF: /home/sadmin/Work/pyroffi/resources/fetch/fetch_spherized.urdf
  8 actuated joints, target link: 'gripper_link'
  Fixed joints: []

Setting up collision environment ...
  Using SRDF disabled pairs: /home/sadmin/Work/pyroffi/resources/fetch/fetch.srdf (162 pairs)
  Loaded environment from /home/sadmin/Work/pyroffi/resources/bench_env_large.json
  Obstacles: 9 spheres + 0 cuboids

Generating target poses (seq=32, batch=256) ...
Warming up MPPI-CUDA ...
Warming up MPPI-CUDA-COLL ...
Warming up MPPI-CUDA-BATCH ...
Warming up MPPI-CUDA-COLL-BATCH ...

────────────────────────────────────────────────────────────────────────────────
Sequential evaluation (per-problem latency) ...
────────────────────────────────────────────────────────────────────────────────
  Running MPPI-CUDA ...

────────────────────────────────────────────────────────────────────────────────
Sequential evaluation — collision-free IK ...
────────────────────────────────────────────────────────────────────────────────
  Running MPPI-CUDA-COLL ...

────────────────────────────────────────────────────────────────────────────────
Batch evaluation (all targets in one kernel launch) ...
────────────────────────────────────────────────────────────────────────────────
  Running MPPI-CUDA-BATCH ...

────────────────────────────────────────────────────────────────────────────────
Batch evaluation — collision-free IK ...
────────────────────────────────────────────────────────────────────────────────
  Running MPPI-CUDA-COLL-BATCH ...

================================================================================
Sequential results — per-problem latency  (N=32, timed=5)
================================================================================
  Method                 t_med(ms)   t_p95(ms)  pos_med(mm)  pos_p95(mm)  rot_med(rad)  rot_p95(rad)     success
  --------------------------------------------------------------------------------------------------------
  MPPI-CUDA                  9.910      10.059      0.0032      0.2687      0.0000      0.0006       32/32

================================================================================
Batch results — effective per-problem time  (N=256, timed=5)
================================================================================
  Method                   ms/prob  pos_med(mm)  pos_p95(mm)  rot_med(rad)  rot_p95(rad)     success   gpu_pk(%)  gpu_avg(%)  vram_pk(MB)
  --------------------------------------------------------------------------------------------------------------------------------
  MPPI-CUDA-BATCH            0.061      0.0039      0.2207      0.0000      0.0013     253/256         99%         61%       19688

================================================================================
Sequential results — COLLISION-FREE IK  (N=32, timed=5)
  Scene: /home/sadmin/Work/pyroffi/resources/bench_env_large.json
  Obstacles: 9 spheres + 0 cuboids
  coll_free: solutions with min signed dist > 0 (all links clear of all obstacles)
================================================================================
  Method                 t_med(ms)   t_p95(ms)  pos_med(mm)  pos_p95(mm)  rot_med(rad)  rot_p95(rad)     success   coll_free
  --------------------------------------------------------------------------------------------------------------------
  MPPI-CUDA                143.235     143.766      0.3688    211.2199      0.0004      0.9443       19/32        0/32

================================================================================
Batch results — COLLISION-FREE IK  (N=256, timed=5)
================================================================================
  Method                   ms/prob  pos_med(mm)  pos_p95(mm)  rot_med(rad)  rot_p95(rad)     success   coll_free   gpu_pk(%)  gpu_avg(%)  vram_pk(MB)
  --------------------------------------------------------------------------------------------------------------------------------------------
  MPPI-CUDA                  0.075      1.4933    102.3640      0.0123      0.8595     115/256       0/256        100%         54%       19688

Results appended to /home/sadmin/Work/pyroffi/resources/bench_ik_results.csv

2026-09-07 01:53:33.516 | DEBUG    | pyroffi._robot_urdf_parser:_get_T_parent_joint:662 - Joint 'torso_lift_collision_2_joint' has no origin, assuming identity transform.
2026-09-07 01:53:33.800 | WARNING  | pyroffi._robot:from_urdf:149 - Dynamics unavailable for this URDF: URDF provides no <inertial> data; dynamics quantities would be degenerate.
2026-09-07 01:53:33.818 | DEBUG    | pyroffi._robot_urdf_parser:_get_T_parent_joint:662 - Joint 'torso_lift_collision_2_joint' has no origin, assuming identity transform.
2026-09-07 01:53:37.075 | INFO     | pyroffi.collision._robot_collision:from_urdf:701 - Created RobotCollision with 17 links and 62 active self-collision pairs, using spherical collision models.
================================================================================
IK benchmark: Analytic-JAX  (robot=fetch, n_targets=32, n_timed=5)
GPU monitoring: enabled (pynvml)
================================================================================

Loading robot ...
  URDF: /home/sadmin/Work/pyroffi/resources/fetch/fetch_spherized.urdf
  8 actuated joints, target link: 'gripper_link'
  Fixed joints: []

Setting up collision environment ...
  Using SRDF disabled pairs: /home/sadmin/Work/pyroffi/resources/fetch/fetch.srdf (162 pairs)
  Loaded environment from /home/sadmin/Work/pyroffi/resources/bench_env_large.json
  Obstacles: 9 spheres + 0 cuboids

Generating target poses (seq=32, batch=256) ...

────────────────────────────────────────────────────────────────────────────────
Sequential evaluation (per-problem latency) ...
────────────────────────────────────────────────────────────────────────────────

────────────────────────────────────────────────────────────────────────────────
Sequential evaluation — collision-free IK ...
────────────────────────────────────────────────────────────────────────────────

────────────────────────────────────────────────────────────────────────────────
Batch evaluation (all targets in one kernel launch) ...
────────────────────────────────────────────────────────────────────────────────

────────────────────────────────────────────────────────────────────────────────
Batch evaluation — collision-free IK ...
────────────────────────────────────────────────────────────────────────────────

================================================================================
Sequential results — per-problem latency  (N=32, timed=5)
================================================================================
  Method                 t_med(ms)   t_p95(ms)  pos_med(mm)  pos_p95(mm)  rot_med(rad)  rot_p95(rad)     success
  --------------------------------------------------------------------------------------------------------

================================================================================
Batch results — effective per-problem time  (N=256, timed=5)
================================================================================
  Method                   ms/prob  pos_med(mm)  pos_p95(mm)  rot_med(rad)  rot_p95(rad)     success   gpu_pk(%)  gpu_avg(%)  vram_pk(MB)
  --------------------------------------------------------------------------------------------------------------------------------

================================================================================
Sequential results — COLLISION-FREE IK  (N=32, timed=5)
  Scene: /home/sadmin/Work/pyroffi/resources/bench_env_large.json
  Obstacles: 9 spheres + 0 cuboids
  coll_free: solutions with min signed dist > 0 (all links clear of all obstacles)
================================================================================
  Method                 t_med(ms)   t_p95(ms)  pos_med(mm)  pos_p95(mm)  rot_med(rad)  rot_p95(rad)     success   coll_free
  --------------------------------------------------------------------------------------------------------------------

================================================================================
Batch results — COLLISION-FREE IK  (N=256, timed=5)
================================================================================
  Method                   ms/prob  pos_med(mm)  pos_p95(mm)  rot_med(rad)  rot_p95(rad)     success   coll_free   gpu_pk(%)  gpu_avg(%)  vram_pk(MB)
  --------------------------------------------------------------------------------------------------------------------------------------------

Results appended to /home/sadmin/Work/pyroffi/resources/bench_ik_results.csv

2026-09-07 01:53:41.387 | DEBUG    | pyroffi._robot_urdf_parser:_get_T_parent_joint:662 - Joint 'torso_lift_collision_2_joint' has no origin, assuming identity transform.
2026-09-07 01:53:41.670 | WARNING  | pyroffi._robot:from_urdf:149 - Dynamics unavailable for this URDF: URDF provides no <inertial> data; dynamics quantities would be degenerate.
2026-09-07 01:53:41.688 | DEBUG    | pyroffi._robot_urdf_parser:_get_T_parent_joint:662 - Joint 'torso_lift_collision_2_joint' has no origin, assuming identity transform.
2026-09-07 01:53:44.955 | INFO     | pyroffi.collision._robot_collision:from_urdf:701 - Created RobotCollision with 17 links and 62 active self-collision pairs, using spherical collision models.
================================================================================
IK benchmark: Analytic-CUDA  (robot=fetch, n_targets=32, n_timed=5)
GPU monitoring: enabled (pynvml)
================================================================================

Loading robot ...
  URDF: /home/sadmin/Work/pyroffi/resources/fetch/fetch_spherized.urdf
  8 actuated joints, target link: 'gripper_link'
  Fixed joints: []

Setting up collision environment ...
  Using SRDF disabled pairs: /home/sadmin/Work/pyroffi/resources/fetch/fetch.srdf (162 pairs)
  Loaded environment from /home/sadmin/Work/pyroffi/resources/bench_env_large.json
  Obstacles: 9 spheres + 0 cuboids

Generating target poses (seq=32, batch=256) ...

────────────────────────────────────────────────────────────────────────────────
Sequential evaluation (per-problem latency) ...
────────────────────────────────────────────────────────────────────────────────

────────────────────────────────────────────────────────────────────────────────
Sequential evaluation — collision-free IK ...
────────────────────────────────────────────────────────────────────────────────

────────────────────────────────────────────────────────────────────────────────
Batch evaluation (all targets in one kernel launch) ...
────────────────────────────────────────────────────────────────────────────────

────────────────────────────────────────────────────────────────────────────────
Batch evaluation — collision-free IK ...
────────────────────────────────────────────────────────────────────────────────

================================================================================
Sequential results — per-problem latency  (N=32, timed=5)
================================================================================
  Method                 t_med(ms)   t_p95(ms)  pos_med(mm)  pos_p95(mm)  rot_med(rad)  rot_p95(rad)     success
  --------------------------------------------------------------------------------------------------------

================================================================================
Batch results — effective per-problem time  (N=256, timed=5)
================================================================================
  Method                   ms/prob  pos_med(mm)  pos_p95(mm)  rot_med(rad)  rot_p95(rad)     success   gpu_pk(%)  gpu_avg(%)  vram_pk(MB)
  --------------------------------------------------------------------------------------------------------------------------------

================================================================================
Sequential results — COLLISION-FREE IK  (N=32, timed=5)
  Scene: /home/sadmin/Work/pyroffi/resources/bench_env_large.json
  Obstacles: 9 spheres + 0 cuboids
  coll_free: solutions with min signed dist > 0 (all links clear of all obstacles)
================================================================================
  Method                 t_med(ms)   t_p95(ms)  pos_med(mm)  pos_p95(mm)  rot_med(rad)  rot_p95(rad)     success   coll_free
  --------------------------------------------------------------------------------------------------------------------

================================================================================
Batch results — COLLISION-FREE IK  (N=256, timed=5)
================================================================================
  Method                   ms/prob  pos_med(mm)  pos_p95(mm)  rot_med(rad)  rot_p95(rad)     success   coll_free   gpu_pk(%)  gpu_avg(%)  vram_pk(MB)
  --------------------------------------------------------------------------------------------------------------------------------------------

Results appended to /home/sadmin/Work/pyroffi/resources/bench_ik_results.csv

2026-09-07 01:53:49.211 | DEBUG    | pyroffi._robot_urdf_parser:_get_T_parent_joint:662 - Joint 'torso_lift_collision_2_joint' has no origin, assuming identity transform.
2026-09-07 01:53:49.485 | WARNING  | pyroffi._robot:from_urdf:149 - Dynamics unavailable for this URDF: URDF provides no <inertial> data; dynamics quantities would be degenerate.
2026-09-07 01:53:49.496 | DEBUG    | pyroffi._robot_urdf_parser:_get_T_parent_joint:662 - Joint 'torso_lift_collision_2_joint' has no origin, assuming identity transform.
2026-09-07 01:53:52.460 | INFO     | pyroffi.collision._robot_collision:from_urdf:701 - Created RobotCollision with 17 links and 62 active self-collision pairs, using spherical collision models.
================================================================================
IK benchmark: Learned-JAX  (robot=fetch, n_targets=32, n_timed=5)
GPU monitoring: enabled (pynvml)
================================================================================

Loading robot ...
  URDF: /home/sadmin/Work/pyroffi/resources/fetch/fetch_spherized.urdf
  8 actuated joints, target link: 'gripper_link'
  Fixed joints: []

Setting up collision environment ...
  Using SRDF disabled pairs: /home/sadmin/Work/pyroffi/resources/fetch/fetch.srdf (162 pairs)
  Loaded environment from /home/sadmin/Work/pyroffi/resources/bench_env_large.json
  Obstacles: 9 spheres + 0 cuboids

Learned-IK model not found at /home/sadmin/Work/pyroffi/resources/learned_ik/fetch.pkl
  Run: python train_learned_ik.py --robot fetch
  Learned-IK rows will be skipped in the benchmark.

Generating target poses (seq=32, batch=256) ...

────────────────────────────────────────────────────────────────────────────────
Sequential evaluation (per-problem latency) ...
────────────────────────────────────────────────────────────────────────────────

────────────────────────────────────────────────────────────────────────────────
Sequential evaluation — collision-free IK ...
────────────────────────────────────────────────────────────────────────────────

────────────────────────────────────────────────────────────────────────────────
Batch evaluation (all targets in one kernel launch) ...
────────────────────────────────────────────────────────────────────────────────

────────────────────────────────────────────────────────────────────────────────
Batch evaluation — collision-free IK ...
────────────────────────────────────────────────────────────────────────────────

================================================================================
Sequential results — per-problem latency  (N=32, timed=5)
================================================================================
  Method                 t_med(ms)   t_p95(ms)  pos_med(mm)  pos_p95(mm)  rot_med(rad)  rot_p95(rad)     success
  --------------------------------------------------------------------------------------------------------

================================================================================
Batch results — effective per-problem time  (N=256, timed=5)
================================================================================
  Method                   ms/prob  pos_med(mm)  pos_p95(mm)  rot_med(rad)  rot_p95(rad)     success   gpu_pk(%)  gpu_avg(%)  vram_pk(MB)
  --------------------------------------------------------------------------------------------------------------------------------

================================================================================
Sequential results — COLLISION-FREE IK  (N=32, timed=5)
  Scene: /home/sadmin/Work/pyroffi/resources/bench_env_large.json
  Obstacles: 9 spheres + 0 cuboids
  coll_free: solutions with min signed dist > 0 (all links clear of all obstacles)
================================================================================
  Method                 t_med(ms)   t_p95(ms)  pos_med(mm)  pos_p95(mm)  rot_med(rad)  rot_p95(rad)     success   coll_free
  --------------------------------------------------------------------------------------------------------------------

================================================================================
Batch results — COLLISION-FREE IK  (N=256, timed=5)
================================================================================
  Method                   ms/prob  pos_med(mm)  pos_p95(mm)  rot_med(rad)  rot_p95(rad)     success   coll_free   gpu_pk(%)  gpu_avg(%)  vram_pk(MB)
  --------------------------------------------------------------------------------------------------------------------------------------------

Results appended to /home/sadmin/Work/pyroffi/resources/bench_ik_results.csv

2026-09-07 01:53:56.820 | DEBUG    | pyroffi._robot_urdf_parser:_get_T_parent_joint:662 - Joint 'torso_lift_collision_2_joint' has no origin, assuming identity transform.
2026-09-07 01:53:57.100 | WARNING  | pyroffi._robot:from_urdf:149 - Dynamics unavailable for this URDF: URDF provides no <inertial> data; dynamics quantities would be degenerate.
2026-09-07 01:53:57.111 | DEBUG    | pyroki._robot_urdf_parser:_get_T_parent_joint:399 - Joint 'torso_lift_collision_2_joint' has no origin, assuming identity transform.
2026-09-07 01:53:57.279 | INFO     | jaxls._py310._problem:analyze:126 - Building optimization problem with 2 terms and 1 variables: 2 costs, 0 eq_zero, 0 leq_zero, 0 geq_zero
2026-09-07 01:53:57.374 | INFO     | jaxls._py310._problem:analyze:234 - Vectorizing group with 1 costs, 1 variables each: pose_residual
2026-09-07 01:53:57.393 | INFO     | jaxls._py310._problem:analyze:234 - Vectorizing group with 1 costs, 1 variables each: limit_residual
2026-09-07 01:53:57.403 | INFO     | jaxls._py310._problem:analyze:312 - Variable elimination: variable IDs are traced; solves will not use elimination
2026-09-07 01:54:03.718 | DEBUG    | pyroffi._robot_urdf_parser:_get_T_parent_joint:662 - Joint 'torso_lift_collision_2_joint' has no origin, assuming identity transform.
2026-09-07 01:54:06.745 | INFO     | pyroffi.collision._robot_collision:from_urdf:701 - Created RobotCollision with 17 links and 62 active self-collision pairs, using spherical collision models.
2026-09-07 01:56:22.162 | INFO     | jaxls._py310._problem:analyze:126 - Building optimization problem with 3 terms and 1 variables: 3 costs, 0 eq_zero, 0 leq_zero, 0 geq_zero
2026-09-07 01:56:22.171 | INFO     | jaxls._py310._problem:analyze:234 - Vectorizing group with 1 costs, 1 variables each: pose_residual
2026-09-07 01:56:22.225 | INFO     | jaxls._py310._problem:analyze:234 - Vectorizing group with 1 costs, 1 variables each: pyroki_collision_penalty
2026-09-07 01:56:22.233 | INFO     | jaxls._py310._problem:analyze:234 - Vectorizing group with 1 costs, 1 variables each: limit_residual
2026-09-07 01:56:22.242 | INFO     | jaxls._py310._problem:analyze:312 - Variable elimination: variable IDs are traced; solves will not use elimination
================================================================================
IK benchmark: PyRoKi-LS  (robot=fetch, n_targets=32, n_timed=5)
GPU monitoring: enabled (pynvml)
================================================================================

Loading robot ...
  URDF: /home/sadmin/Work/pyroffi/resources/fetch/fetch_spherized.urdf
  8 actuated joints, target link: 'gripper_link'
  Fixed joints: []

Setting up PyRoKi solvers (LS + AnalyticJac) ...
  Warming up PyRoKi-LS (JIT compile) ...
  PyRoKi-LS ready.

Setting up collision environment ...
  Using SRDF disabled pairs: /home/sadmin/Work/pyroffi/resources/fetch/fetch.srdf (162 pairs)
  Loaded environment from /home/sadmin/Work/pyroffi/resources/bench_env_large.json
  Obstacles: 9 spheres + 0 cuboids
  Setting up collision-aware PyRoKi-LS ...

Generating target poses (seq=32, batch=256) ...
Warming up PyRoKi-LS-BATCH ...

────────────────────────────────────────────────────────────────────────────────
Sequential evaluation (per-problem latency) ...
────────────────────────────────────────────────────────────────────────────────
  Running PyRoKi-LS ...

────────────────────────────────────────────────────────────────────────────────
Sequential evaluation — collision-free IK ...
────────────────────────────────────────────────────────────────────────────────
  Running PyRoKi-LS-COLL ...

────────────────────────────────────────────────────────────────────────────────
Batch evaluation (all targets in one kernel launch) ...
────────────────────────────────────────────────────────────────────────────────
  Running PyRoKi-LS-BATCH ...

────────────────────────────────────────────────────────────────────────────────
Batch evaluation — collision-free IK ...
────────────────────────────────────────────────────────────────────────────────
  Running PyRoKi-LS-COLL-BATCH ...

================================================================================
Sequential results — per-problem latency  (N=32, timed=5)
================================================================================
  Method                 t_med(ms)   t_p95(ms)  pos_med(mm)  pos_p95(mm)  rot_med(rad)  rot_p95(rad)     success
  --------------------------------------------------------------------------------------------------------
  PyRoKi-LS                582.241     613.427      0.0001      0.0002      0.0000      0.0000       32/32

================================================================================
Batch results — effective per-problem time  (N=256, timed=5)
================================================================================
  Method                   ms/prob  pos_med(mm)  pos_p95(mm)  rot_med(rad)  rot_p95(rad)     success   gpu_pk(%)  gpu_avg(%)  vram_pk(MB)
  --------------------------------------------------------------------------------------------------------------------------------
  PyRoKi-LS-BATCH           17.318      0.0001      0.0002      0.0000      0.0000     256/256         99%         98%       19064

================================================================================
Sequential results — COLLISION-FREE IK  (N=32, timed=5)
  Scene: /home/sadmin/Work/pyroffi/resources/bench_env_large.json
  Obstacles: 9 spheres + 0 cuboids
  coll_free: solutions with min signed dist > 0 (all links clear of all obstacles)
================================================================================
  Method                 t_med(ms)   t_p95(ms)  pos_med(mm)  pos_p95(mm)  rot_med(rad)  rot_p95(rad)     success   coll_free
  --------------------------------------------------------------------------------------------------------------------
  PyRoKi-LS                652.860     878.743      5.7534    114.7765      0.0676      0.9396        2/32        0/32

================================================================================
Batch results — COLLISION-FREE IK  (N=256, timed=5)
================================================================================
  Method                   ms/prob  pos_med(mm)  pos_p95(mm)  rot_med(rad)  rot_p95(rad)     success   coll_free   gpu_pk(%)  gpu_avg(%)  vram_pk(MB)
  --------------------------------------------------------------------------------------------------------------------------------------------
  PyRoKi-LS                 54.619      4.6305    111.0953      0.0341      1.2903      12/256       0/256        100%         99%       19066

Results appended to /home/sadmin/Work/pyroffi/resources/bench_ik_results.csv

2026-09-07 02:00:40.438 | DEBUG    | pyroffi._robot_urdf_parser:_get_T_parent_joint:662 - Joint 'torso_lift_collision_2_joint' has no origin, assuming identity transform.
2026-09-07 02:00:40.717 | WARNING  | pyroffi._robot:from_urdf:149 - Dynamics unavailable for this URDF: URDF provides no <inertial> data; dynamics quantities would be degenerate.
2026-09-07 02:00:40.728 | DEBUG    | pyroki._robot_urdf_parser:_get_T_parent_joint:399 - Joint 'torso_lift_collision_2_joint' has no origin, assuming identity transform.
2026-09-07 02:00:40.904 | INFO     | jaxls._py310._problem:analyze:126 - Building optimization problem with 2 terms and 1 variables: 2 costs, 0 eq_zero, 0 leq_zero, 0 geq_zero
2026-09-07 02:00:40.924 | INFO     | jaxls._py310._problem:analyze:234 - Vectorizing group with 1 costs, 1 variables each: limit_residual
2026-09-07 02:00:41.017 | INFO     | jaxls._py310._problem:analyze:234 - Vectorizing group with 1 costs, 1 variables each: _pose_cost_analytical_jac
2026-09-07 02:00:41.027 | INFO     | jaxls._py310._problem:analyze:312 - Variable elimination: variable IDs are traced; solves will not use elimination
2026-09-07 02:00:44.836 | DEBUG    | pyroffi._robot_urdf_parser:_get_T_parent_joint:662 - Joint 'torso_lift_collision_2_joint' has no origin, assuming identity transform.
2026-09-07 02:00:47.810 | INFO     | pyroffi.collision._robot_collision:from_urdf:701 - Created RobotCollision with 17 links and 62 active self-collision pairs, using spherical collision models.
2026-09-07 02:02:25.457 | INFO     | jaxls._py310._problem:analyze:126 - Building optimization problem with 3 terms and 1 variables: 3 costs, 0 eq_zero, 0 leq_zero, 0 geq_zero
2026-09-07 02:02:25.512 | INFO     | jaxls._py310._problem:analyze:234 - Vectorizing group with 1 costs, 1 variables each: pyroki_collision_penalty
2026-09-07 02:02:25.521 | INFO     | jaxls._py310._problem:analyze:234 - Vectorizing group with 1 costs, 1 variables each: pose_residual
2026-09-07 02:02:25.528 | INFO     | jaxls._py310._problem:analyze:234 - Vectorizing group with 1 costs, 1 variables each: limit_residual
2026-09-07 02:02:25.537 | INFO     | jaxls._py310._problem:analyze:312 - Variable elimination: variable IDs are traced; solves will not use elimination
================================================================================
IK benchmark: PyRoKi-AnalyticJac  (robot=fetch, n_targets=32, n_timed=5)
GPU monitoring: enabled (pynvml)
================================================================================

Loading robot ...
  URDF: /home/sadmin/Work/pyroffi/resources/fetch/fetch_spherized.urdf
  8 actuated joints, target link: 'gripper_link'
  Fixed joints: []

Setting up PyRoKi solvers (LS + AnalyticJac) ...
  Warming up PyRoKi-AnalyticJac (JIT compile) ...
  PyRoKi-AnalyticJac ready.

Setting up collision environment ...
  Using SRDF disabled pairs: /home/sadmin/Work/pyroffi/resources/fetch/fetch.srdf (162 pairs)
  Loaded environment from /home/sadmin/Work/pyroffi/resources/bench_env_large.json
  Obstacles: 9 spheres + 0 cuboids
  Setting up collision-aware PyRoKi-AnalyticJac ...

Generating target poses (seq=32, batch=256) ...
Warming up PyRoKi-AnalyticJac-BATCH ...

────────────────────────────────────────────────────────────────────────────────
Sequential evaluation (per-problem latency) ...
────────────────────────────────────────────────────────────────────────────────
  Running PyRoKi-AnalyticJac ...

────────────────────────────────────────────────────────────────────────────────
Sequential evaluation — collision-free IK ...
────────────────────────────────────────────────────────────────────────────────
  Running PyRoKi-AnalyticJac-COLL ...

────────────────────────────────────────────────────────────────────────────────
Batch evaluation (all targets in one kernel launch) ...
────────────────────────────────────────────────────────────────────────────────
  Running PyRoKi-AnalyticJac-BATCH ...

────────────────────────────────────────────────────────────────────────────────
Batch evaluation — collision-free IK ...
────────────────────────────────────────────────────────────────────────────────
  Running PyRoKi-AnalyticJac-COLL-BATCH ...

================================================================================
Sequential results — per-problem latency  (N=32, timed=5)
================================================================================
  Method                 t_med(ms)   t_p95(ms)  pos_med(mm)  pos_p95(mm)  rot_med(rad)  rot_p95(rad)     success
  --------------------------------------------------------------------------------------------------------
  PyRoKi-AnalyticJac       446.481     502.739      0.0001      0.0002      0.0000      0.0000       32/32

================================================================================
Batch results — effective per-problem time  (N=256, timed=5)
================================================================================
  Method                   ms/prob  pos_med(mm)  pos_p95(mm)  rot_med(rad)  rot_p95(rad)     success   gpu_pk(%)  gpu_avg(%)  vram_pk(MB)
  --------------------------------------------------------------------------------------------------------------------------------
  PyRoKi-AnalyticJac-BATCH       7.963      0.0001      0.0003      0.0000      0.0000     256/256         97%         95%       19060

================================================================================
Sequential results — COLLISION-FREE IK  (N=32, timed=5)
  Scene: /home/sadmin/Work/pyroffi/resources/bench_env_large.json
  Obstacles: 9 spheres + 0 cuboids
  coll_free: solutions with min signed dist > 0 (all links clear of all obstacles)
================================================================================
  Method                 t_med(ms)   t_p95(ms)  pos_med(mm)  pos_p95(mm)  rot_med(rad)  rot_p95(rad)     success   coll_free
  --------------------------------------------------------------------------------------------------------------------
  PyRoKi-AnalyticJac       721.565     876.746      6.5165     95.8202      0.0693      0.6934        4/32        0/32

================================================================================
Batch results — COLLISION-FREE IK  (N=256, timed=5)
================================================================================
  Method                   ms/prob  pos_med(mm)  pos_p95(mm)  rot_med(rad)  rot_p95(rad)     success   coll_free   gpu_pk(%)  gpu_avg(%)  vram_pk(MB)
  --------------------------------------------------------------------------------------------------------------------------------------------
  PyRoKi-AnalyticJac        53.542      4.3520    117.9366      0.0321      0.9351      21/256       0/256        100%         99%       19064

Results appended to /home/sadmin/Work/pyroffi/resources/bench_ik_results.csv

2026-09-07 02:06:29.987 | DEBUG    | pyroffi._robot_urdf_parser:_get_T_parent_joint:662 - Joint 'torso_lift_collision_2_joint' has no origin, assuming identity transform.
2026-09-07 02:06:30.268 | WARNING  | pyroffi._robot:from_urdf:149 - Dynamics unavailable for this URDF: URDF provides no <inertial> data; dynamics quantities would be degenerate.
2026-09-07 02:06:35.573 | DEBUG    | pyroffi._robot_urdf_parser:_get_T_parent_joint:662 - Joint 'torso_lift_collision_2_joint' has no origin, assuming identity transform.
2026-09-07 02:06:38.698 | INFO     | pyroffi.collision._robot_collision:from_urdf:701 - Created RobotCollision with 17 links and 62 active self-collision pairs, using spherical collision models.
================================================================================
IK benchmark: QuIK-CPU  (robot=fetch, n_targets=32, n_timed=5)
GPU monitoring: enabled (pynvml)
================================================================================

Loading robot ...
  URDF: /home/sadmin/Work/pyroffi/resources/fetch/fetch_spherized.urdf
  8 actuated joints, target link: 'gripper_link'
  Fixed joints: []

Setting up QuIK CPU solver (POE->DH + cricket JIT) ...
  QuIK ready (dof=8, CPU).

Setting up collision environment ...
  Using SRDF disabled pairs: /home/sadmin/Work/pyroffi/resources/fetch/fetch.srdf (162 pairs)
  Loaded environment from /home/sadmin/Work/pyroffi/resources/bench_env_large.json
  Obstacles: 9 spheres + 0 cuboids
  Setting up collision-aware QuIK (VAMP MPPI seed projection) ...
  Collision-aware QuIK ready.

Generating target poses (seq=32, batch=256) ...

────────────────────────────────────────────────────────────────────────────────
Sequential evaluation (per-problem latency) ...
────────────────────────────────────────────────────────────────────────────────
  Running QuIK-CPU ...

────────────────────────────────────────────────────────────────────────────────
Sequential evaluation — collision-free IK ...
────────────────────────────────────────────────────────────────────────────────
  Running QuIK-CPU-COLL ...

────────────────────────────────────────────────────────────────────────────────
Batch evaluation (all targets in one kernel launch) ...
────────────────────────────────────────────────────────────────────────────────
  Running QuIK-CPU-BATCH ...

────────────────────────────────────────────────────────────────────────────────
Batch evaluation — collision-free IK ...
────────────────────────────────────────────────────────────────────────────────
  Running QuIK-CPU-COLL-BATCH ...

================================================================================
Sequential results — per-problem latency  (N=32, timed=5)
================================================================================
  Method                 t_med(ms)   t_p95(ms)  pos_med(mm)  pos_p95(mm)  rot_med(rad)  rot_p95(rad)     success
  --------------------------------------------------------------------------------------------------------
  QuIK-CPU                   3.767       4.157      0.0001      0.0002      0.0000      0.0000       32/32

================================================================================
Batch results — effective per-problem time  (N=256, timed=5)
================================================================================
  Method                   ms/prob  pos_med(mm)  pos_p95(mm)  rot_med(rad)  rot_p95(rad)     success   gpu_pk(%)  gpu_avg(%)  vram_pk(MB)
  --------------------------------------------------------------------------------------------------------------------------------
  QuIK-CPU-BATCH             0.070      0.0001      0.0003      0.0000      0.0000     256/256         n/a         n/a         n/a

================================================================================
Sequential results — COLLISION-FREE IK  (N=32, timed=5)
  Scene: /home/sadmin/Work/pyroffi/resources/bench_env_large.json
  Obstacles: 9 spheres + 0 cuboids
  coll_free: solutions with min signed dist > 0 (all links clear of all obstacles)
================================================================================
  Method                 t_med(ms)   t_p95(ms)  pos_med(mm)  pos_p95(mm)  rot_med(rad)  rot_p95(rad)     success   coll_free
  --------------------------------------------------------------------------------------------------------------------
  QuIK-CPU                  14.129      14.816      0.0001      0.0002      0.0000      0.0000       32/32        0/32

================================================================================
Batch results — COLLISION-FREE IK  (N=256, timed=5)
================================================================================
  Method                   ms/prob  pos_med(mm)  pos_p95(mm)  rot_med(rad)  rot_p95(rad)     success   coll_free   gpu_pk(%)  gpu_avg(%)  vram_pk(MB)
  --------------------------------------------------------------------------------------------------------------------------------------------
  QuIK-CPU                   0.411      0.0001      0.0003      0.0000      0.0000     256/256       0/256         n/a         n/a         n/a

Results appended to /home/sadmin/Work/pyroffi/resources/bench_ik_results.csv

No EE provided, using distal link `torso_lift_link_collision_2`.
2026-09-07 02:06:52.005 | DEBUG    | pyroffi._robot_urdf_parser:_get_T_parent_joint:662 - Joint 'l_gripper_l_finger_2_joint' has no origin, assuming identity transform.
2026-09-07 02:06:52.007 | DEBUG    | pyroffi._robot_urdf_parser:_get_T_parent_joint:662 - Joint 'l_gripper_r_finger_2_joint' has no origin, assuming identity transform.
2026-09-07 02:06:52.009 | DEBUG    | pyroffi._robot_urdf_parser:_get_T_parent_joint:662 - Joint 'r_gripper_l_finger_2_joint' has no origin, assuming identity transform.
2026-09-07 02:06:52.010 | DEBUG    | pyroffi._robot_urdf_parser:_get_T_parent_joint:662 - Joint 'r_gripper_r_finger_2_joint' has no origin, assuming identity transform.
2026-09-07 02:06:52.387 | WARNING  | pyroffi._robot:from_urdf:149 - Dynamics unavailable for this URDF: URDF provides no <inertial> data; dynamics quantities would be degenerate.
2026-09-07 02:06:52.409 | DEBUG    | pyroffi._robot_urdf_parser:_get_T_parent_joint:662 - Joint 'l_gripper_l_finger_2_joint' has no origin, assuming identity transform.
2026-09-07 02:06:52.410 | DEBUG    | pyroffi._robot_urdf_parser:_get_T_parent_joint:662 - Joint 'l_gripper_r_finger_2_joint' has no origin, assuming identity transform.
2026-09-07 02:06:52.412 | DEBUG    | pyroffi._robot_urdf_parser:_get_T_parent_joint:662 - Joint 'r_gripper_l_finger_2_joint' has no origin, assuming identity transform.
2026-09-07 02:06:52.413 | DEBUG    | pyroffi._robot_urdf_parser:_get_T_parent_joint:662 - Joint 'r_gripper_r_finger_2_joint' has no origin, assuming identity transform.
2026-09-07 02:06:55.395 | INFO     | pyroffi.collision._robot_collision:from_urdf:701 - Created RobotCollision with 44 links and 671 active self-collision pairs, using spherical collision models.
E0907 02:07:01.169864  536727 cuda_timer.cc:88] Delay kernel timed out: measured time has sub-optimal accuracy. There may be a missing warmup execution, please investigate in Nsight Systems.
================================================================================
IK benchmark: HJCD-JAX  (robot=baxter, n_targets=32, n_timed=5)
GPU monitoring: enabled (pynvml)
================================================================================

Loading robot ...
  URDF: /home/sadmin/Work/pyroffi/resources/baxter/baxter_spherized.urdf
  14 actuated joints, target link: 'right_hand'
  Fixed joints: []

Setting up collision environment ...
  Using SRDF disabled pairs: /home/sadmin/Work/pyroffi/resources/baxter/baxter.srdf (454 pairs)
  Loaded environment from /home/sadmin/Work/pyroffi/resources/bench_env_large.json
  Obstacles: 9 spheres + 0 cuboids

Generating target poses (seq=32, batch=256) ...
Warming up HJCD-JAX ...
Warming up HJCD-JAX-COLL ...
Warming up HJCD-JAX-BATCH ...
Warming up HJCD-JAX-COLL-BATCH ...

────────────────────────────────────────────────────────────────────────────────
Sequential evaluation (per-problem latency) ...
────────────────────────────────────────────────────────────────────────────────
  Running HJCD-JAX ...

────────────────────────────────────────────────────────────────────────────────
Sequential evaluation — collision-free IK ...
────────────────────────────────────────────────────────────────────────────────
  Running HJCD-JAX-COLL ...

────────────────────────────────────────────────────────────────────────────────
Batch evaluation (all targets in one kernel launch) ...
────────────────────────────────────────────────────────────────────────────────
  Running HJCD-JAX-BATCH ...

────────────────────────────────────────────────────────────────────────────────
Batch evaluation — collision-free IK ...
────────────────────────────────────────────────────────────────────────────────
  Running HJCD-JAX-COLL-BATCH ...

================================================================================
Sequential results — per-problem latency  (N=32, timed=5)
================================================================================
  Method                 t_med(ms)   t_p95(ms)  pos_med(mm)  pos_p95(mm)  rot_med(rad)  rot_p95(rad)     success
  --------------------------------------------------------------------------------------------------------
  HJCD-JAX                 347.696     347.724      0.3194      1.4751      0.0003      0.0006       26/32

================================================================================
Batch results — effective per-problem time  (N=256, timed=5)
================================================================================
  Method                   ms/prob  pos_med(mm)  pos_p95(mm)  rot_med(rad)  rot_p95(rad)     success   gpu_pk(%)  gpu_avg(%)  vram_pk(MB)
  --------------------------------------------------------------------------------------------------------------------------------
  HJCD-JAX-BATCH            14.310      0.2948      1.6456      0.0002      0.0007     225/256        100%        100%       19088

================================================================================
Sequential results — COLLISION-FREE IK  (N=32, timed=5)
  Scene: /home/sadmin/Work/pyroffi/resources/bench_env_large.json
  Obstacles: 9 spheres + 0 cuboids
  coll_free: solutions with min signed dist > 0 (all links clear of all obstacles)
================================================================================
  Method                 t_med(ms)   t_p95(ms)  pos_med(mm)  pos_p95(mm)  rot_med(rad)  rot_p95(rad)     success   coll_free
  --------------------------------------------------------------------------------------------------------------------
  HJCD-JAX                 459.612     459.658    423.1367   1187.1622      1.2839      2.9194        0/32        0/32

================================================================================
Batch results — COLLISION-FREE IK  (N=256, timed=5)
================================================================================
  Method                   ms/prob  pos_med(mm)  pos_p95(mm)  rot_med(rad)  rot_p95(rad)     success   coll_free   gpu_pk(%)  gpu_avg(%)  vram_pk(MB)
  --------------------------------------------------------------------------------------------------------------------------------------------
  HJCD-JAX                  43.502    452.4789   1121.6830      1.4781      2.8052       0/256       0/256        100%        100%       19100

Results appended to /home/sadmin/Work/pyroffi/resources/bench_ik_results.csv

2026-09-07 02:27:36.443 | DEBUG    | pyroffi._robot_urdf_parser:_get_T_parent_joint:662 - Joint 'l_gripper_l_finger_2_joint' has no origin, assuming identity transform.
2026-09-07 02:27:36.444 | DEBUG    | pyroffi._robot_urdf_parser:_get_T_parent_joint:662 - Joint 'l_gripper_r_finger_2_joint' has no origin, assuming identity transform.
2026-09-07 02:27:36.446 | DEBUG    | pyroffi._robot_urdf_parser:_get_T_parent_joint:662 - Joint 'r_gripper_l_finger_2_joint' has no origin, assuming identity transform.
2026-09-07 02:27:36.447 | DEBUG    | pyroffi._robot_urdf_parser:_get_T_parent_joint:662 - Joint 'r_gripper_r_finger_2_joint' has no origin, assuming identity transform.
2026-09-07 02:27:36.831 | WARNING  | pyroffi._robot:from_urdf:149 - Dynamics unavailable for this URDF: URDF provides no <inertial> data; dynamics quantities would be degenerate.
2026-09-07 02:27:36.850 | DEBUG    | pyroffi._robot_urdf_parser:_get_T_parent_joint:662 - Joint 'l_gripper_l_finger_2_joint' has no origin, assuming identity transform.
2026-09-07 02:27:36.851 | DEBUG    | pyroffi._robot_urdf_parser:_get_T_parent_joint:662 - Joint 'l_gripper_r_finger_2_joint' has no origin, assuming identity transform.
2026-09-07 02:27:36.853 | DEBUG    | pyroffi._robot_urdf_parser:_get_T_parent_joint:662 - Joint 'r_gripper_l_finger_2_joint' has no origin, assuming identity transform.
2026-09-07 02:27:36.854 | DEBUG    | pyroffi._robot_urdf_parser:_get_T_parent_joint:662 - Joint 'r_gripper_r_finger_2_joint' has no origin, assuming identity transform.
2026-09-07 02:27:39.818 | INFO     | pyroffi.collision._robot_collision:from_urdf:701 - Created RobotCollision with 44 links and 671 active self-collision pairs, using spherical collision models.
================================================================================
IK benchmark: HJCD-CUDA  (robot=baxter, n_targets=32, n_timed=5)
GPU monitoring: enabled (pynvml)
================================================================================

Loading robot ...
  URDF: /home/sadmin/Work/pyroffi/resources/baxter/baxter_spherized.urdf
  14 actuated joints, target link: 'right_hand'
  Fixed joints: []

Setting up collision environment ...
  Using SRDF disabled pairs: /home/sadmin/Work/pyroffi/resources/baxter/baxter.srdf (454 pairs)
  Loaded environment from /home/sadmin/Work/pyroffi/resources/bench_env_large.json
  Obstacles: 9 spheres + 0 cuboids

Generating target poses (seq=32, batch=256) ...
Warming up HJCD-CUDA ...
Warming up HJCD-CUDA-COLL ...
Warming up HJCD-CUDA-BATCH ...
Warming up HJCD-CUDA-COLL-BATCH ...

────────────────────────────────────────────────────────────────────────────────
Sequential evaluation (per-problem latency) ...
────────────────────────────────────────────────────────────────────────────────
  Running HJCD-CUDA ...

────────────────────────────────────────────────────────────────────────────────
Sequential evaluation — collision-free IK ...
────────────────────────────────────────────────────────────────────────────────
  Running HJCD-CUDA-COLL ...

────────────────────────────────────────────────────────────────────────────────
Batch evaluation (all targets in one kernel launch) ...
────────────────────────────────────────────────────────────────────────────────
  Running HJCD-CUDA-BATCH ...

────────────────────────────────────────────────────────────────────────────────
Batch evaluation — collision-free IK ...
────────────────────────────────────────────────────────────────────────────────
  Running HJCD-CUDA-COLL-BATCH ...

================================================================================
Sequential results — per-problem latency  (N=32, timed=5)
================================================================================
  Method                 t_med(ms)   t_p95(ms)  pos_med(mm)  pos_p95(mm)  rot_med(rad)  rot_p95(rad)     success
  --------------------------------------------------------------------------------------------------------
  HJCD-CUDA                 33.579      33.926      0.1827      1.4226      0.0001      0.0004       25/32

================================================================================
Batch results — effective per-problem time  (N=256, timed=5)
================================================================================
  Method                   ms/prob  pos_med(mm)  pos_p95(mm)  rot_med(rad)  rot_p95(rad)     success   gpu_pk(%)  gpu_avg(%)  vram_pk(MB)
  --------------------------------------------------------------------------------------------------------------------------------
  HJCD-CUDA-BATCH            1.270      0.1729      1.7401      0.0001      0.0004     223/256        100%         98%       19498

================================================================================
Sequential results — COLLISION-FREE IK  (N=32, timed=5)
  Scene: /home/sadmin/Work/pyroffi/resources/bench_env_large.json
  Obstacles: 9 spheres + 0 cuboids
  coll_free: solutions with min signed dist > 0 (all links clear of all obstacles)
================================================================================
  Method                 t_med(ms)   t_p95(ms)  pos_med(mm)  pos_p95(mm)  rot_med(rad)  rot_p95(rad)     success   coll_free
  --------------------------------------------------------------------------------------------------------------------
  HJCD-CUDA                317.085     317.978     55.1551    937.5418      0.3716      1.6703        6/32        0/32

================================================================================
Batch results — COLLISION-FREE IK  (N=256, timed=5)
================================================================================
  Method                   ms/prob  pos_med(mm)  pos_p95(mm)  rot_med(rad)  rot_p95(rad)     success   coll_free   gpu_pk(%)  gpu_avg(%)  vram_pk(MB)
  --------------------------------------------------------------------------------------------------------------------------------------------
  HJCD-CUDA                  8.310     40.9087    725.2331      0.1663      1.6984      69/256       0/256        100%        100%       19506

Results appended to /home/sadmin/Work/pyroffi/resources/bench_ik_results.csv

2026-09-07 02:34:38.916 | DEBUG    | pyroffi._robot_urdf_parser:_get_T_parent_joint:662 - Joint 'l_gripper_l_finger_2_joint' has no origin, assuming identity transform.
2026-09-07 02:34:38.918 | DEBUG    | pyroffi._robot_urdf_parser:_get_T_parent_joint:662 - Joint 'l_gripper_r_finger_2_joint' has no origin, assuming identity transform.
2026-09-07 02:34:38.920 | DEBUG    | pyroffi._robot_urdf_parser:_get_T_parent_joint:662 - Joint 'r_gripper_l_finger_2_joint' has no origin, assuming identity transform.
2026-09-07 02:34:38.922 | DEBUG    | pyroffi._robot_urdf_parser:_get_T_parent_joint:662 - Joint 'r_gripper_r_finger_2_joint' has no origin, assuming identity transform.
2026-09-07 02:34:39.305 | WARNING  | pyroffi._robot:from_urdf:149 - Dynamics unavailable for this URDF: URDF provides no <inertial> data; dynamics quantities would be degenerate.
2026-09-07 02:34:39.326 | DEBUG    | pyroffi._robot_urdf_parser:_get_T_parent_joint:662 - Joint 'l_gripper_l_finger_2_joint' has no origin, assuming identity transform.
2026-09-07 02:34:39.328 | DEBUG    | pyroffi._robot_urdf_parser:_get_T_parent_joint:662 - Joint 'l_gripper_r_finger_2_joint' has no origin, assuming identity transform.
2026-09-07 02:34:39.330 | DEBUG    | pyroffi._robot_urdf_parser:_get_T_parent_joint:662 - Joint 'r_gripper_l_finger_2_joint' has no origin, assuming identity transform.
2026-09-07 02:34:39.332 | DEBUG    | pyroffi._robot_urdf_parser:_get_T_parent_joint:662 - Joint 'r_gripper_r_finger_2_joint' has no origin, assuming identity transform.
2026-09-07 02:34:42.442 | INFO     | pyroffi.collision._robot_collision:from_urdf:701 - Created RobotCollision with 44 links and 671 active self-collision pairs, using spherical collision models.
================================================================================
IK benchmark: LS-JAX  (robot=baxter, n_targets=32, n_timed=5)
GPU monitoring: enabled (pynvml)
================================================================================

Loading robot ...
  URDF: /home/sadmin/Work/pyroffi/resources/baxter/baxter_spherized.urdf
  14 actuated joints, target link: 'right_hand'
  Fixed joints: []

Setting up collision environment ...
  Using SRDF disabled pairs: /home/sadmin/Work/pyroffi/resources/baxter/baxter.srdf (454 pairs)
  Loaded environment from /home/sadmin/Work/pyroffi/resources/bench_env_large.json
  Obstacles: 9 spheres + 0 cuboids

Generating target poses (seq=32, batch=256) ...
Warming up LS-JAX ...
Warming up LS-JAX-COLL ...
Warming up LS-JAX-BATCH ...
Warming up LS-JAX-COLL-BATCH ...

────────────────────────────────────────────────────────────────────────────────
Sequential evaluation (per-problem latency) ...
────────────────────────────────────────────────────────────────────────────────
  Running LS-JAX ...

────────────────────────────────────────────────────────────────────────────────
Sequential evaluation — collision-free IK ...
────────────────────────────────────────────────────────────────────────────────
  Running LS-JAX-COLL ...

────────────────────────────────────────────────────────────────────────────────
Batch evaluation (all targets in one kernel launch) ...
────────────────────────────────────────────────────────────────────────────────
  Running LS-JAX-BATCH ...

────────────────────────────────────────────────────────────────────────────────
Batch evaluation — collision-free IK ...
────────────────────────────────────────────────────────────────────────────────
  Running LS-JAX-COLL-BATCH ...

================================================================================
Sequential results — per-problem latency  (N=32, timed=5)
================================================================================
  Method                 t_med(ms)   t_p95(ms)  pos_med(mm)  pos_p95(mm)  rot_med(rad)  rot_p95(rad)     success
  --------------------------------------------------------------------------------------------------------
  LS-JAX                   301.767     301.785      0.1834      0.3613      0.0002      0.0004       32/32

================================================================================
Batch results — effective per-problem time  (N=256, timed=5)
================================================================================
  Method                   ms/prob  pos_med(mm)  pos_p95(mm)  rot_med(rad)  rot_p95(rad)     success   gpu_pk(%)  gpu_avg(%)  vram_pk(MB)
  --------------------------------------------------------------------------------------------------------------------------------
  LS-JAX-BATCH               9.462      0.1791      0.3857      0.0002      0.0005     249/256        100%         99%       19070

================================================================================
Sequential results — COLLISION-FREE IK  (N=32, timed=5)
  Scene: /home/sadmin/Work/pyroffi/resources/bench_env_large.json
  Obstacles: 9 spheres + 0 cuboids
  coll_free: solutions with min signed dist > 0 (all links clear of all obstacles)
================================================================================
  Method                 t_med(ms)   t_p95(ms)  pos_med(mm)  pos_p95(mm)  rot_med(rad)  rot_p95(rad)     success   coll_free
  --------------------------------------------------------------------------------------------------------------------
  LS-JAX                   468.969     469.012   1088.9562   1599.7564      2.4107      3.0499        0/32        0/32

================================================================================
Batch results — COLLISION-FREE IK  (N=256, timed=5)
================================================================================
  Method                   ms/prob  pos_med(mm)  pos_p95(mm)  rot_med(rad)  rot_p95(rad)     success   coll_free   gpu_pk(%)  gpu_avg(%)  vram_pk(MB)
  --------------------------------------------------------------------------------------------------------------------------------------------
  LS-JAX                    56.442    969.0919   1599.1905      2.3068      3.0582       0/256       0/256        100%        100%       19078

Results appended to /home/sadmin/Work/pyroffi/resources/bench_ik_results.csv

2026-09-07 02:55:40.788 | DEBUG    | pyroffi._robot_urdf_parser:_get_T_parent_joint:662 - Joint 'l_gripper_l_finger_2_joint' has no origin, assuming identity transform.
2026-09-07 02:55:40.789 | DEBUG    | pyroffi._robot_urdf_parser:_get_T_parent_joint:662 - Joint 'l_gripper_r_finger_2_joint' has no origin, assuming identity transform.
2026-09-07 02:55:40.791 | DEBUG    | pyroffi._robot_urdf_parser:_get_T_parent_joint:662 - Joint 'r_gripper_l_finger_2_joint' has no origin, assuming identity transform.
2026-09-07 02:55:40.793 | DEBUG    | pyroffi._robot_urdf_parser:_get_T_parent_joint:662 - Joint 'r_gripper_r_finger_2_joint' has no origin, assuming identity transform.
2026-09-07 02:55:41.184 | WARNING  | pyroffi._robot:from_urdf:149 - Dynamics unavailable for this URDF: URDF provides no <inertial> data; dynamics quantities would be degenerate.
2026-09-07 02:55:41.204 | DEBUG    | pyroffi._robot_urdf_parser:_get_T_parent_joint:662 - Joint 'l_gripper_l_finger_2_joint' has no origin, assuming identity transform.
2026-09-07 02:55:41.206 | DEBUG    | pyroffi._robot_urdf_parser:_get_T_parent_joint:662 - Joint 'l_gripper_r_finger_2_joint' has no origin, assuming identity transform.
2026-09-07 02:55:41.207 | DEBUG    | pyroffi._robot_urdf_parser:_get_T_parent_joint:662 - Joint 'r_gripper_l_finger_2_joint' has no origin, assuming identity transform.
2026-09-07 02:55:41.209 | DEBUG    | pyroffi._robot_urdf_parser:_get_T_parent_joint:662 - Joint 'r_gripper_r_finger_2_joint' has no origin, assuming identity transform.
2026-09-07 02:55:44.224 | INFO     | pyroffi.collision._robot_collision:from_urdf:701 - Created RobotCollision with 44 links and 671 active self-collision pairs, using spherical collision models.
================================================================================
IK benchmark: LS-CUDA  (robot=baxter, n_targets=32, n_timed=5)
GPU monitoring: enabled (pynvml)
================================================================================

Loading robot ...
  URDF: /home/sadmin/Work/pyroffi/resources/baxter/baxter_spherized.urdf
  14 actuated joints, target link: 'right_hand'
  Fixed joints: []

Setting up collision environment ...
  Using SRDF disabled pairs: /home/sadmin/Work/pyroffi/resources/baxter/baxter.srdf (454 pairs)
  Loaded environment from /home/sadmin/Work/pyroffi/resources/bench_env_large.json
  Obstacles: 9 spheres + 0 cuboids

Generating target poses (seq=32, batch=256) ...
Warming up LS-CUDA ...
Warming up LS-CUDA-COLL ...
Warming up LS-CUDA-BATCH ...
Warming up LS-CUDA-COLL-BATCH ...

────────────────────────────────────────────────────────────────────────────────
Sequential evaluation (per-problem latency) ...
────────────────────────────────────────────────────────────────────────────────
  Running LS-CUDA ...

────────────────────────────────────────────────────────────────────────────────
Sequential evaluation — collision-free IK ...
────────────────────────────────────────────────────────────────────────────────
  Running LS-CUDA-COLL ...

────────────────────────────────────────────────────────────────────────────────
Batch evaluation (all targets in one kernel launch) ...
────────────────────────────────────────────────────────────────────────────────
  Running LS-CUDA-BATCH ...

────────────────────────────────────────────────────────────────────────────────
Batch evaluation — collision-free IK ...
────────────────────────────────────────────────────────────────────────────────
  Running LS-CUDA-COLL-BATCH ...

================================================================================
Sequential results — per-problem latency  (N=32, timed=5)
================================================================================
  Method                 t_med(ms)   t_p95(ms)  pos_med(mm)  pos_p95(mm)  rot_med(rad)  rot_p95(rad)     success
  --------------------------------------------------------------------------------------------------------
  LS-CUDA                   45.849      46.304      0.0002      0.0004      0.0000      0.0000       32/32

================================================================================
Batch results — effective per-problem time  (N=256, timed=5)
================================================================================
  Method                   ms/prob  pos_med(mm)  pos_p95(mm)  rot_med(rad)  rot_p95(rad)     success   gpu_pk(%)  gpu_avg(%)  vram_pk(MB)
  --------------------------------------------------------------------------------------------------------------------------------
  LS-CUDA-BATCH              1.966      0.0002      0.0005      0.0000      0.0000     255/256        100%         97%       19432

================================================================================
Sequential results — COLLISION-FREE IK  (N=32, timed=5)
  Scene: /home/sadmin/Work/pyroffi/resources/bench_env_large.json
  Obstacles: 9 spheres + 0 cuboids
  coll_free: solutions with min signed dist > 0 (all links clear of all obstacles)
================================================================================
  Method                 t_med(ms)   t_p95(ms)  pos_med(mm)  pos_p95(mm)  rot_med(rad)  rot_p95(rad)     success   coll_free
  --------------------------------------------------------------------------------------------------------------------
  LS-CUDA                  662.316     668.028    459.8208    910.7376      1.0554      2.5524        0/32        0/32

================================================================================
Batch results — COLLISION-FREE IK  (N=256, timed=5)
================================================================================
  Method                   ms/prob  pos_med(mm)  pos_p95(mm)  rot_med(rad)  rot_p95(rad)     success   coll_free   gpu_pk(%)  gpu_avg(%)  vram_pk(MB)
  --------------------------------------------------------------------------------------------------------------------------------------------
  LS-CUDA                   28.282    431.4328   1137.7064      1.1450      2.3175       0/256       0/256        100%        100%       19432

Results appended to /home/sadmin/Work/pyroffi/resources/bench_ik_results.csv

2026-09-07 03:10:12.933 | DEBUG    | pyroffi._robot_urdf_parser:_get_T_parent_joint:662 - Joint 'l_gripper_l_finger_2_joint' has no origin, assuming identity transform.
2026-09-07 03:10:12.935 | DEBUG    | pyroffi._robot_urdf_parser:_get_T_parent_joint:662 - Joint 'l_gripper_r_finger_2_joint' has no origin, assuming identity transform.
2026-09-07 03:10:12.937 | DEBUG    | pyroffi._robot_urdf_parser:_get_T_parent_joint:662 - Joint 'r_gripper_l_finger_2_joint' has no origin, assuming identity transform.
2026-09-07 03:10:12.938 | DEBUG    | pyroffi._robot_urdf_parser:_get_T_parent_joint:662 - Joint 'r_gripper_r_finger_2_joint' has no origin, assuming identity transform.
2026-09-07 03:10:13.323 | WARNING  | pyroffi._robot:from_urdf:149 - Dynamics unavailable for this URDF: URDF provides no <inertial> data; dynamics quantities would be degenerate.
2026-09-07 03:10:13.344 | DEBUG    | pyroffi._robot_urdf_parser:_get_T_parent_joint:662 - Joint 'l_gripper_l_finger_2_joint' has no origin, assuming identity transform.
2026-09-07 03:10:13.345 | DEBUG    | pyroffi._robot_urdf_parser:_get_T_parent_joint:662 - Joint 'l_gripper_r_finger_2_joint' has no origin, assuming identity transform.
2026-09-07 03:10:13.348 | DEBUG    | pyroffi._robot_urdf_parser:_get_T_parent_joint:662 - Joint 'r_gripper_l_finger_2_joint' has no origin, assuming identity transform.
2026-09-07 03:10:13.349 | DEBUG    | pyroffi._robot_urdf_parser:_get_T_parent_joint:662 - Joint 'r_gripper_r_finger_2_joint' has no origin, assuming identity transform.
2026-09-07 03:10:16.301 | INFO     | pyroffi.collision._robot_collision:from_urdf:701 - Created RobotCollision with 44 links and 671 active self-collision pairs, using spherical collision models.
================================================================================
IK benchmark: SQP-JAX  (robot=baxter, n_targets=32, n_timed=5)
GPU monitoring: enabled (pynvml)
================================================================================

Loading robot ...
  URDF: /home/sadmin/Work/pyroffi/resources/baxter/baxter_spherized.urdf
  14 actuated joints, target link: 'right_hand'
  Fixed joints: []

Setting up collision environment ...
  Using SRDF disabled pairs: /home/sadmin/Work/pyroffi/resources/baxter/baxter.srdf (454 pairs)
  Loaded environment from /home/sadmin/Work/pyroffi/resources/bench_env_large.json
  Obstacles: 9 spheres + 0 cuboids

Generating target poses (seq=32, batch=256) ...
Warming up SQP-JAX ...
Warming up SQP-JAX-COLL ...
Warming up SQP-JAX-BATCH ...
Warming up SQP-JAX-COLL-BATCH ...

────────────────────────────────────────────────────────────────────────────────
Sequential evaluation (per-problem latency) ...
────────────────────────────────────────────────────────────────────────────────
  Running SQP-JAX ...

────────────────────────────────────────────────────────────────────────────────
Sequential evaluation — collision-free IK ...
────────────────────────────────────────────────────────────────────────────────
  Running SQP-JAX-COLL ...

────────────────────────────────────────────────────────────────────────────────
Batch evaluation (all targets in one kernel launch) ...
────────────────────────────────────────────────────────────────────────────────
  Running SQP-JAX-BATCH ...

────────────────────────────────────────────────────────────────────────────────
Batch evaluation — collision-free IK ...
────────────────────────────────────────────────────────────────────────────────
  Running SQP-JAX-COLL-BATCH ...

================================================================================
Sequential results — per-problem latency  (N=32, timed=5)
================================================================================
  Method                 t_med(ms)   t_p95(ms)  pos_med(mm)  pos_p95(mm)  rot_med(rad)  rot_p95(rad)     success
  --------------------------------------------------------------------------------------------------------
  SQP-JAX                  323.652     323.692      0.1662      0.2568      0.0002      0.0004       32/32

================================================================================
Batch results — effective per-problem time  (N=256, timed=5)
================================================================================
  Method                   ms/prob  pos_med(mm)  pos_p95(mm)  rot_med(rad)  rot_p95(rad)     success   gpu_pk(%)  gpu_avg(%)  vram_pk(MB)
  --------------------------------------------------------------------------------------------------------------------------------
  SQP-JAX-BATCH              9.826      0.1793      0.3138      0.0002      0.0004     256/256        100%        100%       19070

================================================================================
Sequential results — COLLISION-FREE IK  (N=32, timed=5)
  Scene: /home/sadmin/Work/pyroffi/resources/bench_env_large.json
  Obstacles: 9 spheres + 0 cuboids
  coll_free: solutions with min signed dist > 0 (all links clear of all obstacles)
================================================================================
  Method                 t_med(ms)   t_p95(ms)  pos_med(mm)  pos_p95(mm)  rot_med(rad)  rot_p95(rad)     success   coll_free
  --------------------------------------------------------------------------------------------------------------------
  SQP-JAX                  492.412     492.445    714.6563   1396.5849      1.8867      2.6825        0/32        0/32

================================================================================
Batch results — COLLISION-FREE IK  (N=256, timed=5)
================================================================================
  Method                   ms/prob  pos_med(mm)  pos_p95(mm)  rot_med(rad)  rot_p95(rad)     success   coll_free   gpu_pk(%)  gpu_avg(%)  vram_pk(MB)
  --------------------------------------------------------------------------------------------------------------------------------------------
  SQP-JAX                   56.790    703.8691   1237.9436      1.8000      2.8657       0/256       0/256        100%        100%       19078

Results appended to /home/sadmin/Work/pyroffi/resources/bench_ik_results.csv

2026-09-07 03:31:59.760 | DEBUG    | pyroffi._robot_urdf_parser:_get_T_parent_joint:662 - Joint 'l_gripper_l_finger_2_joint' has no origin, assuming identity transform.
2026-09-07 03:31:59.761 | DEBUG    | pyroffi._robot_urdf_parser:_get_T_parent_joint:662 - Joint 'l_gripper_r_finger_2_joint' has no origin, assuming identity transform.
2026-09-07 03:31:59.763 | DEBUG    | pyroffi._robot_urdf_parser:_get_T_parent_joint:662 - Joint 'r_gripper_l_finger_2_joint' has no origin, assuming identity transform.
2026-09-07 03:31:59.764 | DEBUG    | pyroffi._robot_urdf_parser:_get_T_parent_joint:662 - Joint 'r_gripper_r_finger_2_joint' has no origin, assuming identity transform.
2026-09-07 03:32:00.161 | WARNING  | pyroffi._robot:from_urdf:149 - Dynamics unavailable for this URDF: URDF provides no <inertial> data; dynamics quantities would be degenerate.
2026-09-07 03:32:00.182 | DEBUG    | pyroffi._robot_urdf_parser:_get_T_parent_joint:662 - Joint 'l_gripper_l_finger_2_joint' has no origin, assuming identity transform.
2026-09-07 03:32:00.183 | DEBUG    | pyroffi._robot_urdf_parser:_get_T_parent_joint:662 - Joint 'l_gripper_r_finger_2_joint' has no origin, assuming identity transform.
2026-09-07 03:32:00.185 | DEBUG    | pyroffi._robot_urdf_parser:_get_T_parent_joint:662 - Joint 'r_gripper_l_finger_2_joint' has no origin, assuming identity transform.
2026-09-07 03:32:00.186 | DEBUG    | pyroffi._robot_urdf_parser:_get_T_parent_joint:662 - Joint 'r_gripper_r_finger_2_joint' has no origin, assuming identity transform.
2026-09-07 03:32:03.115 | INFO     | pyroffi.collision._robot_collision:from_urdf:701 - Created RobotCollision with 44 links and 671 active self-collision pairs, using spherical collision models.
================================================================================
IK benchmark: SQP-CUDA  (robot=baxter, n_targets=32, n_timed=5)
GPU monitoring: enabled (pynvml)
================================================================================

Loading robot ...
  URDF: /home/sadmin/Work/pyroffi/resources/baxter/baxter_spherized.urdf
  14 actuated joints, target link: 'right_hand'
  Fixed joints: []

Setting up collision environment ...
  Using SRDF disabled pairs: /home/sadmin/Work/pyroffi/resources/baxter/baxter.srdf (454 pairs)
  Loaded environment from /home/sadmin/Work/pyroffi/resources/bench_env_large.json
  Obstacles: 9 spheres + 0 cuboids

Generating target poses (seq=32, batch=256) ...
Warming up SQP-CUDA ...
Warming up SQP-CUDA-COLL ...
Warming up SQP-CUDA-BATCH ...
Warming up SQP-CUDA-COLL-BATCH ...

────────────────────────────────────────────────────────────────────────────────
Sequential evaluation (per-problem latency) ...
────────────────────────────────────────────────────────────────────────────────
  Running SQP-CUDA ...

────────────────────────────────────────────────────────────────────────────────
Sequential evaluation — collision-free IK ...
────────────────────────────────────────────────────────────────────────────────
  Running SQP-CUDA-COLL ...

────────────────────────────────────────────────────────────────────────────────
Batch evaluation (all targets in one kernel launch) ...
────────────────────────────────────────────────────────────────────────────────
  Running SQP-CUDA-BATCH ...

────────────────────────────────────────────────────────────────────────────────
Batch evaluation — collision-free IK ...
────────────────────────────────────────────────────────────────────────────────
  Running SQP-CUDA-COLL-BATCH ...

================================================================================
Sequential results — per-problem latency  (N=32, timed=5)
================================================================================
  Method                 t_med(ms)   t_p95(ms)  pos_med(mm)  pos_p95(mm)  rot_med(rad)  rot_p95(rad)     success
  --------------------------------------------------------------------------------------------------------
  SQP-CUDA                 204.453     208.088      0.0002      0.0004      0.0000      0.0000       32/32

================================================================================
Batch results — effective per-problem time  (N=256, timed=5)
================================================================================
  Method                   ms/prob  pos_med(mm)  pos_p95(mm)  rot_med(rad)  rot_p95(rad)     success   gpu_pk(%)  gpu_avg(%)  vram_pk(MB)
  --------------------------------------------------------------------------------------------------------------------------------
  SQP-CUDA-BATCH            10.889      0.0002      0.0004      0.0000      0.0000     256/256        100%        100%       20034

================================================================================
Sequential results — COLLISION-FREE IK  (N=32, timed=5)
  Scene: /home/sadmin/Work/pyroffi/resources/bench_env_large.json
  Obstacles: 9 spheres + 0 cuboids
  coll_free: solutions with min signed dist > 0 (all links clear of all obstacles)
================================================================================
  Method                 t_med(ms)   t_p95(ms)  pos_med(mm)  pos_p95(mm)  rot_med(rad)  rot_p95(rad)     success   coll_free
  --------------------------------------------------------------------------------------------------------------------
  SQP-CUDA                 302.594     305.944    299.6285    600.4753      0.8967      1.7514        0/32        0/32

================================================================================
Batch results — COLLISION-FREE IK  (N=256, timed=5)
================================================================================
  Method                   ms/prob  pos_med(mm)  pos_p95(mm)  rot_med(rad)  rot_p95(rad)     success   coll_free   gpu_pk(%)  gpu_avg(%)  vram_pk(MB)
  --------------------------------------------------------------------------------------------------------------------------------------------
  SQP-CUDA                  11.593    278.4979    729.0195      0.8753      2.2637       0/256       0/256        100%        100%       20040

Results appended to /home/sadmin/Work/pyroffi/resources/bench_ik_results.csv

2026-09-07 03:42:46.861 | DEBUG    | pyroffi._robot_urdf_parser:_get_T_parent_joint:662 - Joint 'l_gripper_l_finger_2_joint' has no origin, assuming identity transform.
2026-09-07 03:42:46.862 | DEBUG    | pyroffi._robot_urdf_parser:_get_T_parent_joint:662 - Joint 'l_gripper_r_finger_2_joint' has no origin, assuming identity transform.
2026-09-07 03:42:46.864 | DEBUG    | pyroffi._robot_urdf_parser:_get_T_parent_joint:662 - Joint 'r_gripper_l_finger_2_joint' has no origin, assuming identity transform.
2026-09-07 03:42:46.865 | DEBUG    | pyroffi._robot_urdf_parser:_get_T_parent_joint:662 - Joint 'r_gripper_r_finger_2_joint' has no origin, assuming identity transform.
2026-09-07 03:42:47.248 | WARNING  | pyroffi._robot:from_urdf:149 - Dynamics unavailable for this URDF: URDF provides no <inertial> data; dynamics quantities would be degenerate.
2026-09-07 03:42:47.266 | DEBUG    | pyroffi._robot_urdf_parser:_get_T_parent_joint:662 - Joint 'l_gripper_l_finger_2_joint' has no origin, assuming identity transform.
2026-09-07 03:42:47.267 | DEBUG    | pyroffi._robot_urdf_parser:_get_T_parent_joint:662 - Joint 'l_gripper_r_finger_2_joint' has no origin, assuming identity transform.
2026-09-07 03:42:47.269 | DEBUG    | pyroffi._robot_urdf_parser:_get_T_parent_joint:662 - Joint 'r_gripper_l_finger_2_joint' has no origin, assuming identity transform.
2026-09-07 03:42:47.270 | DEBUG    | pyroffi._robot_urdf_parser:_get_T_parent_joint:662 - Joint 'r_gripper_r_finger_2_joint' has no origin, assuming identity transform.
2026-09-07 03:42:50.239 | INFO     | pyroffi.collision._robot_collision:from_urdf:701 - Created RobotCollision with 44 links and 671 active self-collision pairs, using spherical collision models.
================================================================================
IK benchmark: MPPI-JAX  (robot=baxter, n_targets=32, n_timed=5)
GPU monitoring: enabled (pynvml)
================================================================================

Loading robot ...
  URDF: /home/sadmin/Work/pyroffi/resources/baxter/baxter_spherized.urdf
  14 actuated joints, target link: 'right_hand'
  Fixed joints: []

Setting up collision environment ...
  Using SRDF disabled pairs: /home/sadmin/Work/pyroffi/resources/baxter/baxter.srdf (454 pairs)
  Loaded environment from /home/sadmin/Work/pyroffi/resources/bench_env_large.json
  Obstacles: 9 spheres + 0 cuboids

Generating target poses (seq=32, batch=256) ...
Warming up MPPI-JAX ...
Warming up MPPI-JAX-COLL ...
Warming up MPPI-JAX-BATCH ...
Warming up MPPI-JAX-COLL-BATCH ...

────────────────────────────────────────────────────────────────────────────────
Sequential evaluation (per-problem latency) ...
────────────────────────────────────────────────────────────────────────────────
  Running MPPI-JAX ...

────────────────────────────────────────────────────────────────────────────────
Sequential evaluation — collision-free IK ...
────────────────────────────────────────────────────────────────────────────────
  Running MPPI-JAX-COLL ...

────────────────────────────────────────────────────────────────────────────────
Batch evaluation (all targets in one kernel launch) ...
────────────────────────────────────────────────────────────────────────────────
  Running MPPI-JAX-BATCH ...

────────────────────────────────────────────────────────────────────────────────
Batch evaluation — collision-free IK ...
────────────────────────────────────────────────────────────────────────────────
  Running MPPI-JAX-COLL-BATCH ...

================================================================================
Sequential results — per-problem latency  (N=32, timed=5)
================================================================================
  Method                 t_med(ms)   t_p95(ms)  pos_med(mm)  pos_p95(mm)  rot_med(rad)  rot_p95(rad)     success
  --------------------------------------------------------------------------------------------------------
  MPPI-JAX                 134.902     134.925      0.0392      0.2990      0.0002      0.0015       32/32

================================================================================
Batch results — effective per-problem time  (N=256, timed=5)
================================================================================
  Method                   ms/prob  pos_med(mm)  pos_p95(mm)  rot_med(rad)  rot_p95(rad)     success   gpu_pk(%)  gpu_avg(%)  vram_pk(MB)
  --------------------------------------------------------------------------------------------------------------------------------
  MPPI-JAX-BATCH             2.886      0.0268      0.3807      0.0002      0.0019     250/256        100%         98%       19076

================================================================================
Sequential results — COLLISION-FREE IK  (N=32, timed=5)
  Scene: /home/sadmin/Work/pyroffi/resources/bench_env_large.json
  Obstacles: 9 spheres + 0 cuboids
  coll_free: solutions with min signed dist > 0 (all links clear of all obstacles)
================================================================================
  Method                 t_med(ms)   t_p95(ms)  pos_med(mm)  pos_p95(mm)  rot_med(rad)  rot_p95(rad)     success   coll_free
  --------------------------------------------------------------------------------------------------------------------
  MPPI-JAX                 194.747     194.770    368.3618    850.0305      1.2202      2.1919        0/32        0/32

================================================================================
Batch results — COLLISION-FREE IK  (N=256, timed=5)
================================================================================
  Method                   ms/prob  pos_med(mm)  pos_p95(mm)  rot_med(rad)  rot_p95(rad)     success   coll_free   gpu_pk(%)  gpu_avg(%)  vram_pk(MB)
  --------------------------------------------------------------------------------------------------------------------------------------------
  MPPI-JAX                   8.054    354.0782    806.0268      1.1556      2.5601       0/256       0/256        100%        100%       19088

Results appended to /home/sadmin/Work/pyroffi/resources/bench_ik_results.csv

2026-09-07 03:49:57.125 | DEBUG    | pyroffi._robot_urdf_parser:_get_T_parent_joint:662 - Joint 'l_gripper_l_finger_2_joint' has no origin, assuming identity transform.
2026-09-07 03:49:57.126 | DEBUG    | pyroffi._robot_urdf_parser:_get_T_parent_joint:662 - Joint 'l_gripper_r_finger_2_joint' has no origin, assuming identity transform.
2026-09-07 03:49:57.128 | DEBUG    | pyroffi._robot_urdf_parser:_get_T_parent_joint:662 - Joint 'r_gripper_l_finger_2_joint' has no origin, assuming identity transform.
2026-09-07 03:49:57.129 | DEBUG    | pyroffi._robot_urdf_parser:_get_T_parent_joint:662 - Joint 'r_gripper_r_finger_2_joint' has no origin, assuming identity transform.
2026-09-07 03:49:57.516 | WARNING  | pyroffi._robot:from_urdf:149 - Dynamics unavailable for this URDF: URDF provides no <inertial> data; dynamics quantities would be degenerate.
2026-09-07 03:49:57.534 | DEBUG    | pyroffi._robot_urdf_parser:_get_T_parent_joint:662 - Joint 'l_gripper_l_finger_2_joint' has no origin, assuming identity transform.
2026-09-07 03:49:57.535 | DEBUG    | pyroffi._robot_urdf_parser:_get_T_parent_joint:662 - Joint 'l_gripper_r_finger_2_joint' has no origin, assuming identity transform.
2026-09-07 03:49:57.537 | DEBUG    | pyroffi._robot_urdf_parser:_get_T_parent_joint:662 - Joint 'r_gripper_l_finger_2_joint' has no origin, assuming identity transform.
2026-09-07 03:49:57.538 | DEBUG    | pyroffi._robot_urdf_parser:_get_T_parent_joint:662 - Joint 'r_gripper_r_finger_2_joint' has no origin, assuming identity transform.
2026-09-07 03:50:00.577 | INFO     | pyroffi.collision._robot_collision:from_urdf:701 - Created RobotCollision with 44 links and 671 active self-collision pairs, using spherical collision models.
================================================================================
IK benchmark: MPPI-CUDA  (robot=baxter, n_targets=32, n_timed=5)
GPU monitoring: enabled (pynvml)
================================================================================

Loading robot ...
  URDF: /home/sadmin/Work/pyroffi/resources/baxter/baxter_spherized.urdf
  14 actuated joints, target link: 'right_hand'
  Fixed joints: []

Setting up collision environment ...
  Using SRDF disabled pairs: /home/sadmin/Work/pyroffi/resources/baxter/baxter.srdf (454 pairs)
  Loaded environment from /home/sadmin/Work/pyroffi/resources/bench_env_large.json
  Obstacles: 9 spheres + 0 cuboids

Generating target poses (seq=32, batch=256) ...
Warming up MPPI-CUDA ...
Warming up MPPI-CUDA-COLL ...
Warming up MPPI-CUDA-BATCH ...
Warming up MPPI-CUDA-COLL-BATCH ...

────────────────────────────────────────────────────────────────────────────────
Sequential evaluation (per-problem latency) ...
────────────────────────────────────────────────────────────────────────────────
  Running MPPI-CUDA ...

────────────────────────────────────────────────────────────────────────────────
Sequential evaluation — collision-free IK ...
────────────────────────────────────────────────────────────────────────────────
  Running MPPI-CUDA-COLL ...

────────────────────────────────────────────────────────────────────────────────
Batch evaluation (all targets in one kernel launch) ...
────────────────────────────────────────────────────────────────────────────────
  Running MPPI-CUDA-BATCH ...

────────────────────────────────────────────────────────────────────────────────
Batch evaluation — collision-free IK ...
────────────────────────────────────────────────────────────────────────────────
  Running MPPI-CUDA-COLL-BATCH ...

================================================================================
Sequential results — per-problem latency  (N=32, timed=5)
================================================================================
  Method                 t_med(ms)   t_p95(ms)  pos_med(mm)  pos_p95(mm)  rot_med(rad)  rot_p95(rad)     success
  --------------------------------------------------------------------------------------------------------
  MPPI-CUDA                 22.019      22.575      0.0120      0.2094      0.0001      0.0017       32/32

================================================================================
Batch results — effective per-problem time  (N=256, timed=5)
================================================================================
  Method                   ms/prob  pos_med(mm)  pos_p95(mm)  rot_med(rad)  rot_p95(rad)     success   gpu_pk(%)  gpu_avg(%)  vram_pk(MB)
  --------------------------------------------------------------------------------------------------------------------------------
  MPPI-CUDA-BATCH            0.136      0.0052      0.4393      0.0000      0.0022     254/256        100%         77%       19686

================================================================================
Sequential results — COLLISION-FREE IK  (N=32, timed=5)
  Scene: /home/sadmin/Work/pyroffi/resources/bench_env_large.json
  Obstacles: 9 spheres + 0 cuboids
  coll_free: solutions with min signed dist > 0 (all links clear of all obstacles)
================================================================================
  Method                 t_med(ms)   t_p95(ms)  pos_med(mm)  pos_p95(mm)  rot_med(rad)  rot_p95(rad)     success   coll_free
  --------------------------------------------------------------------------------------------------------------------
  MPPI-CUDA                304.654     305.732     16.4704    234.8178      0.0790      0.7199       10/32        0/32

================================================================================
Batch results — COLLISION-FREE IK  (N=256, timed=5)
================================================================================
  Method                   ms/prob  pos_med(mm)  pos_p95(mm)  rot_med(rad)  rot_p95(rad)     success   coll_free   gpu_pk(%)  gpu_avg(%)  vram_pk(MB)
  --------------------------------------------------------------------------------------------------------------------------------------------
  MPPI-CUDA                  0.148     11.3813    398.1922      0.0829      1.1423      64/256       0/256        100%         76%       19688

Results appended to /home/sadmin/Work/pyroffi/resources/bench_ik_results.csv

2026-09-07 03:55:03.236 | DEBUG    | pyroffi._robot_urdf_parser:_get_T_parent_joint:662 - Joint 'l_gripper_l_finger_2_joint' has no origin, assuming identity transform.
2026-09-07 03:55:03.237 | DEBUG    | pyroffi._robot_urdf_parser:_get_T_parent_joint:662 - Joint 'l_gripper_r_finger_2_joint' has no origin, assuming identity transform.
2026-09-07 03:55:03.240 | DEBUG    | pyroffi._robot_urdf_parser:_get_T_parent_joint:662 - Joint 'r_gripper_l_finger_2_joint' has no origin, assuming identity transform.
2026-09-07 03:55:03.241 | DEBUG    | pyroffi._robot_urdf_parser:_get_T_parent_joint:662 - Joint 'r_gripper_r_finger_2_joint' has no origin, assuming identity transform.
2026-09-07 03:55:03.637 | WARNING  | pyroffi._robot:from_urdf:149 - Dynamics unavailable for this URDF: URDF provides no <inertial> data; dynamics quantities would be degenerate.
2026-09-07 03:55:03.667 | DEBUG    | pyroffi._robot_urdf_parser:_get_T_parent_joint:662 - Joint 'l_gripper_l_finger_2_joint' has no origin, assuming identity transform.
2026-09-07 03:55:03.668 | DEBUG    | pyroffi._robot_urdf_parser:_get_T_parent_joint:662 - Joint 'l_gripper_r_finger_2_joint' has no origin, assuming identity transform.
2026-09-07 03:55:03.671 | DEBUG    | pyroffi._robot_urdf_parser:_get_T_parent_joint:662 - Joint 'r_gripper_l_finger_2_joint' has no origin, assuming identity transform.
2026-09-07 03:55:03.672 | DEBUG    | pyroffi._robot_urdf_parser:_get_T_parent_joint:662 - Joint 'r_gripper_r_finger_2_joint' has no origin, assuming identity transform.
2026-09-07 03:55:07.063 | INFO     | pyroffi.collision._robot_collision:from_urdf:701 - Created RobotCollision with 44 links and 671 active self-collision pairs, using spherical collision models.
================================================================================
IK benchmark: Analytic-JAX  (robot=baxter, n_targets=32, n_timed=5)
GPU monitoring: enabled (pynvml)
================================================================================

Loading robot ...
  URDF: /home/sadmin/Work/pyroffi/resources/baxter/baxter_spherized.urdf
  14 actuated joints, target link: 'right_hand'
  Fixed joints: []

Setting up collision environment ...
  Using SRDF disabled pairs: /home/sadmin/Work/pyroffi/resources/baxter/baxter.srdf (454 pairs)
  Loaded environment from /home/sadmin/Work/pyroffi/resources/bench_env_large.json
  Obstacles: 9 spheres + 0 cuboids

Generating target poses (seq=32, batch=256) ...

────────────────────────────────────────────────────────────────────────────────
Sequential evaluation (per-problem latency) ...
────────────────────────────────────────────────────────────────────────────────

────────────────────────────────────────────────────────────────────────────────
Sequential evaluation — collision-free IK ...
────────────────────────────────────────────────────────────────────────────────

────────────────────────────────────────────────────────────────────────────────
Batch evaluation (all targets in one kernel launch) ...
────────────────────────────────────────────────────────────────────────────────

────────────────────────────────────────────────────────────────────────────────
Batch evaluation — collision-free IK ...
────────────────────────────────────────────────────────────────────────────────

================================================================================
Sequential results — per-problem latency  (N=32, timed=5)
================================================================================
  Method                 t_med(ms)   t_p95(ms)  pos_med(mm)  pos_p95(mm)  rot_med(rad)  rot_p95(rad)     success
  --------------------------------------------------------------------------------------------------------

================================================================================
Batch results — effective per-problem time  (N=256, timed=5)
================================================================================
  Method                   ms/prob  pos_med(mm)  pos_p95(mm)  rot_med(rad)  rot_p95(rad)     success   gpu_pk(%)  gpu_avg(%)  vram_pk(MB)
  --------------------------------------------------------------------------------------------------------------------------------

================================================================================
Sequential results — COLLISION-FREE IK  (N=32, timed=5)
  Scene: /home/sadmin/Work/pyroffi/resources/bench_env_large.json
  Obstacles: 9 spheres + 0 cuboids
  coll_free: solutions with min signed dist > 0 (all links clear of all obstacles)
================================================================================
  Method                 t_med(ms)   t_p95(ms)  pos_med(mm)  pos_p95(mm)  rot_med(rad)  rot_p95(rad)     success   coll_free
  --------------------------------------------------------------------------------------------------------------------

================================================================================
Batch results — COLLISION-FREE IK  (N=256, timed=5)
================================================================================
  Method                   ms/prob  pos_med(mm)  pos_p95(mm)  rot_med(rad)  rot_p95(rad)     success   coll_free   gpu_pk(%)  gpu_avg(%)  vram_pk(MB)
  --------------------------------------------------------------------------------------------------------------------------------------------

Results appended to /home/sadmin/Work/pyroffi/resources/bench_ik_results.csv

2026-09-07 03:55:11.912 | DEBUG    | pyroffi._robot_urdf_parser:_get_T_parent_joint:662 - Joint 'l_gripper_l_finger_2_joint' has no origin, assuming identity transform.
2026-09-07 03:55:11.913 | DEBUG    | pyroffi._robot_urdf_parser:_get_T_parent_joint:662 - Joint 'l_gripper_r_finger_2_joint' has no origin, assuming identity transform.
2026-09-07 03:55:11.915 | DEBUG    | pyroffi._robot_urdf_parser:_get_T_parent_joint:662 - Joint 'r_gripper_l_finger_2_joint' has no origin, assuming identity transform.
2026-09-07 03:55:11.916 | DEBUG    | pyroffi._robot_urdf_parser:_get_T_parent_joint:662 - Joint 'r_gripper_r_finger_2_joint' has no origin, assuming identity transform.
2026-09-07 03:55:12.308 | WARNING  | pyroffi._robot:from_urdf:149 - Dynamics unavailable for this URDF: URDF provides no <inertial> data; dynamics quantities would be degenerate.
2026-09-07 03:55:12.336 | DEBUG    | pyroffi._robot_urdf_parser:_get_T_parent_joint:662 - Joint 'l_gripper_l_finger_2_joint' has no origin, assuming identity transform.
2026-09-07 03:55:12.337 | DEBUG    | pyroffi._robot_urdf_parser:_get_T_parent_joint:662 - Joint 'l_gripper_r_finger_2_joint' has no origin, assuming identity transform.
2026-09-07 03:55:12.340 | DEBUG    | pyroffi._robot_urdf_parser:_get_T_parent_joint:662 - Joint 'r_gripper_l_finger_2_joint' has no origin, assuming identity transform.
2026-09-07 03:55:12.341 | DEBUG    | pyroffi._robot_urdf_parser:_get_T_parent_joint:662 - Joint 'r_gripper_r_finger_2_joint' has no origin, assuming identity transform.
2026-09-07 03:55:15.702 | INFO     | pyroffi.collision._robot_collision:from_urdf:701 - Created RobotCollision with 44 links and 671 active self-collision pairs, using spherical collision models.
================================================================================
IK benchmark: Analytic-CUDA  (robot=baxter, n_targets=32, n_timed=5)
GPU monitoring: enabled (pynvml)
================================================================================

Loading robot ...
  URDF: /home/sadmin/Work/pyroffi/resources/baxter/baxter_spherized.urdf
  14 actuated joints, target link: 'right_hand'
  Fixed joints: []

Setting up collision environment ...
  Using SRDF disabled pairs: /home/sadmin/Work/pyroffi/resources/baxter/baxter.srdf (454 pairs)
  Loaded environment from /home/sadmin/Work/pyroffi/resources/bench_env_large.json
  Obstacles: 9 spheres + 0 cuboids

Generating target poses (seq=32, batch=256) ...

────────────────────────────────────────────────────────────────────────────────
Sequential evaluation (per-problem latency) ...
────────────────────────────────────────────────────────────────────────────────

────────────────────────────────────────────────────────────────────────────────
Sequential evaluation — collision-free IK ...
────────────────────────────────────────────────────────────────────────────────

────────────────────────────────────────────────────────────────────────────────
Batch evaluation (all targets in one kernel launch) ...
────────────────────────────────────────────────────────────────────────────────

────────────────────────────────────────────────────────────────────────────────
Batch evaluation — collision-free IK ...
────────────────────────────────────────────────────────────────────────────────

================================================================================
Sequential results — per-problem latency  (N=32, timed=5)
================================================================================
  Method                 t_med(ms)   t_p95(ms)  pos_med(mm)  pos_p95(mm)  rot_med(rad)  rot_p95(rad)     success
  --------------------------------------------------------------------------------------------------------

================================================================================
Batch results — effective per-problem time  (N=256, timed=5)
================================================================================
  Method                   ms/prob  pos_med(mm)  pos_p95(mm)  rot_med(rad)  rot_p95(rad)     success   gpu_pk(%)  gpu_avg(%)  vram_pk(MB)
  --------------------------------------------------------------------------------------------------------------------------------

================================================================================
Sequential results — COLLISION-FREE IK  (N=32, timed=5)
  Scene: /home/sadmin/Work/pyroffi/resources/bench_env_large.json
  Obstacles: 9 spheres + 0 cuboids
  coll_free: solutions with min signed dist > 0 (all links clear of all obstacles)
================================================================================
  Method                 t_med(ms)   t_p95(ms)  pos_med(mm)  pos_p95(mm)  rot_med(rad)  rot_p95(rad)     success   coll_free
  --------------------------------------------------------------------------------------------------------------------

================================================================================
Batch results — COLLISION-FREE IK  (N=256, timed=5)
================================================================================
  Method                   ms/prob  pos_med(mm)  pos_p95(mm)  rot_med(rad)  rot_p95(rad)     success   coll_free   gpu_pk(%)  gpu_avg(%)  vram_pk(MB)
  --------------------------------------------------------------------------------------------------------------------------------------------

Results appended to /home/sadmin/Work/pyroffi/resources/bench_ik_results.csv

2026-09-07 03:55:20.541 | DEBUG    | pyroffi._robot_urdf_parser:_get_T_parent_joint:662 - Joint 'l_gripper_l_finger_2_joint' has no origin, assuming identity transform.
2026-09-07 03:55:20.543 | DEBUG    | pyroffi._robot_urdf_parser:_get_T_parent_joint:662 - Joint 'l_gripper_r_finger_2_joint' has no origin, assuming identity transform.
2026-09-07 03:55:20.545 | DEBUG    | pyroffi._robot_urdf_parser:_get_T_parent_joint:662 - Joint 'r_gripper_l_finger_2_joint' has no origin, assuming identity transform.
2026-09-07 03:55:20.546 | DEBUG    | pyroffi._robot_urdf_parser:_get_T_parent_joint:662 - Joint 'r_gripper_r_finger_2_joint' has no origin, assuming identity transform.
2026-09-07 03:55:20.932 | WARNING  | pyroffi._robot:from_urdf:149 - Dynamics unavailable for this URDF: URDF provides no <inertial> data; dynamics quantities would be degenerate.
2026-09-07 03:55:20.951 | DEBUG    | pyroffi._robot_urdf_parser:_get_T_parent_joint:662 - Joint 'l_gripper_l_finger_2_joint' has no origin, assuming identity transform.
2026-09-07 03:55:20.952 | DEBUG    | pyroffi._robot_urdf_parser:_get_T_parent_joint:662 - Joint 'l_gripper_r_finger_2_joint' has no origin, assuming identity transform.
2026-09-07 03:55:20.954 | DEBUG    | pyroffi._robot_urdf_parser:_get_T_parent_joint:662 - Joint 'r_gripper_l_finger_2_joint' has no origin, assuming identity transform.
2026-09-07 03:55:20.955 | DEBUG    | pyroffi._robot_urdf_parser:_get_T_parent_joint:662 - Joint 'r_gripper_r_finger_2_joint' has no origin, assuming identity transform.
2026-09-07 03:55:23.898 | INFO     | pyroffi.collision._robot_collision:from_urdf:701 - Created RobotCollision with 44 links and 671 active self-collision pairs, using spherical collision models.
================================================================================
IK benchmark: Learned-JAX  (robot=baxter, n_targets=32, n_timed=5)
GPU monitoring: enabled (pynvml)
================================================================================

Loading robot ...
  URDF: /home/sadmin/Work/pyroffi/resources/baxter/baxter_spherized.urdf
  14 actuated joints, target link: 'right_hand'
  Fixed joints: []

Setting up collision environment ...
  Using SRDF disabled pairs: /home/sadmin/Work/pyroffi/resources/baxter/baxter.srdf (454 pairs)
  Loaded environment from /home/sadmin/Work/pyroffi/resources/bench_env_large.json
  Obstacles: 9 spheres + 0 cuboids

Learned-IK model not found at /home/sadmin/Work/pyroffi/resources/learned_ik/baxter.pkl
  Run: python train_learned_ik.py --robot baxter
  Learned-IK rows will be skipped in the benchmark.

Generating target poses (seq=32, batch=256) ...

────────────────────────────────────────────────────────────────────────────────
Sequential evaluation (per-problem latency) ...
────────────────────────────────────────────────────────────────────────────────

────────────────────────────────────────────────────────────────────────────────
Sequential evaluation — collision-free IK ...
────────────────────────────────────────────────────────────────────────────────

────────────────────────────────────────────────────────────────────────────────
Batch evaluation (all targets in one kernel launch) ...
────────────────────────────────────────────────────────────────────────────────

────────────────────────────────────────────────────────────────────────────────
Batch evaluation — collision-free IK ...
────────────────────────────────────────────────────────────────────────────────

================================================================================
Sequential results — per-problem latency  (N=32, timed=5)
================================================================================
  Method                 t_med(ms)   t_p95(ms)  pos_med(mm)  pos_p95(mm)  rot_med(rad)  rot_p95(rad)     success
  --------------------------------------------------------------------------------------------------------

================================================================================
Batch results — effective per-problem time  (N=256, timed=5)
================================================================================
  Method                   ms/prob  pos_med(mm)  pos_p95(mm)  rot_med(rad)  rot_p95(rad)     success   gpu_pk(%)  gpu_avg(%)  vram_pk(MB)
  --------------------------------------------------------------------------------------------------------------------------------

================================================================================
Sequential results — COLLISION-FREE IK  (N=32, timed=5)
  Scene: /home/sadmin/Work/pyroffi/resources/bench_env_large.json
  Obstacles: 9 spheres + 0 cuboids
  coll_free: solutions with min signed dist > 0 (all links clear of all obstacles)
================================================================================
  Method                 t_med(ms)   t_p95(ms)  pos_med(mm)  pos_p95(mm)  rot_med(rad)  rot_p95(rad)     success   coll_free
  --------------------------------------------------------------------------------------------------------------------

================================================================================
Batch results — COLLISION-FREE IK  (N=256, timed=5)
================================================================================
  Method                   ms/prob  pos_med(mm)  pos_p95(mm)  rot_med(rad)  rot_p95(rad)     success   coll_free   gpu_pk(%)  gpu_avg(%)  vram_pk(MB)
  --------------------------------------------------------------------------------------------------------------------------------------------

Results appended to /home/sadmin/Work/pyroffi/resources/bench_ik_results.csv

2026-09-07 03:55:28.495 | DEBUG    | pyroffi._robot_urdf_parser:_get_T_parent_joint:662 - Joint 'l_gripper_l_finger_2_joint' has no origin, assuming identity transform.
2026-09-07 03:55:28.496 | DEBUG    | pyroffi._robot_urdf_parser:_get_T_parent_joint:662 - Joint 'l_gripper_r_finger_2_joint' has no origin, assuming identity transform.
2026-09-07 03:55:28.498 | DEBUG    | pyroffi._robot_urdf_parser:_get_T_parent_joint:662 - Joint 'r_gripper_l_finger_2_joint' has no origin, assuming identity transform.
2026-09-07 03:55:28.499 | DEBUG    | pyroffi._robot_urdf_parser:_get_T_parent_joint:662 - Joint 'r_gripper_r_finger_2_joint' has no origin, assuming identity transform.
2026-09-07 03:55:28.880 | WARNING  | pyroffi._robot:from_urdf:149 - Dynamics unavailable for this URDF: URDF provides no <inertial> data; dynamics quantities would be degenerate.
2026-09-07 03:55:28.897 | DEBUG    | pyroki._robot_urdf_parser:_get_T_parent_joint:399 - Joint 'l_gripper_l_finger_2_joint' has no origin, assuming identity transform.
2026-09-07 03:55:28.898 | DEBUG    | pyroki._robot_urdf_parser:_get_T_parent_joint:399 - Joint 'l_gripper_r_finger_2_joint' has no origin, assuming identity transform.
2026-09-07 03:55:28.900 | DEBUG    | pyroki._robot_urdf_parser:_get_T_parent_joint:399 - Joint 'r_gripper_l_finger_2_joint' has no origin, assuming identity transform.
2026-09-07 03:55:28.901 | DEBUG    | pyroki._robot_urdf_parser:_get_T_parent_joint:399 - Joint 'r_gripper_r_finger_2_joint' has no origin, assuming identity transform.
2026-09-07 03:55:29.057 | INFO     | jaxls._py310._problem:analyze:126 - Building optimization problem with 2 terms and 1 variables: 2 costs, 0 eq_zero, 0 leq_zero, 0 geq_zero
2026-09-07 03:55:29.148 | INFO     | jaxls._py310._problem:analyze:234 - Vectorizing group with 1 costs, 1 variables each: pose_residual
2026-09-07 03:55:29.167 | INFO     | jaxls._py310._problem:analyze:234 - Vectorizing group with 1 costs, 1 variables each: limit_residual
2026-09-07 03:55:29.177 | INFO     | jaxls._py310._problem:analyze:312 - Variable elimination: variable IDs are traced; solves will not use elimination
2026-09-07 03:55:37.506 | DEBUG    | pyroffi._robot_urdf_parser:_get_T_parent_joint:662 - Joint 'l_gripper_l_finger_2_joint' has no origin, assuming identity transform.
2026-09-07 03:55:37.507 | DEBUG    | pyroffi._robot_urdf_parser:_get_T_parent_joint:662 - Joint 'l_gripper_r_finger_2_joint' has no origin, assuming identity transform.
2026-09-07 03:55:37.509 | DEBUG    | pyroffi._robot_urdf_parser:_get_T_parent_joint:662 - Joint 'r_gripper_l_finger_2_joint' has no origin, assuming identity transform.
2026-09-07 03:55:37.511 | DEBUG    | pyroffi._robot_urdf_parser:_get_T_parent_joint:662 - Joint 'r_gripper_r_finger_2_joint' has no origin, assuming identity transform.
2026-09-07 03:55:40.507 | INFO     | pyroffi.collision._robot_collision:from_urdf:701 - Created RobotCollision with 44 links and 671 active self-collision pairs, using spherical collision models.
2026-09-07 04:00:45.594 | INFO     | jaxls._py310._problem:analyze:126 - Building optimization problem with 3 terms and 1 variables: 3 costs, 0 eq_zero, 0 leq_zero, 0 geq_zero
2026-09-07 04:00:45.603 | INFO     | jaxls._py310._problem:analyze:234 - Vectorizing group with 1 costs, 1 variables each: limit_residual
2026-09-07 04:00:45.657 | INFO     | jaxls._py310._problem:analyze:234 - Vectorizing group with 1 costs, 1 variables each: pyroki_collision_penalty
2026-09-07 04:00:45.665 | INFO     | jaxls._py310._problem:analyze:234 - Vectorizing group with 1 costs, 1 variables each: pose_residual
2026-09-07 04:00:45.675 | INFO     | jaxls._py310._problem:analyze:312 - Variable elimination: variable IDs are traced; solves will not use elimination
================================================================================
IK benchmark: PyRoKi-LS  (robot=baxter, n_targets=32, n_timed=5)
GPU monitoring: enabled (pynvml)
================================================================================

Loading robot ...
  URDF: /home/sadmin/Work/pyroffi/resources/baxter/baxter_spherized.urdf
  14 actuated joints, target link: 'right_hand'
  Fixed joints: []

Setting up PyRoKi solvers (LS + AnalyticJac) ...
  Warming up PyRoKi-LS (JIT compile) ...
  PyRoKi-LS ready.

Setting up collision environment ...
  Using SRDF disabled pairs: /home/sadmin/Work/pyroffi/resources/baxter/baxter.srdf (454 pairs)
  Loaded environment from /home/sadmin/Work/pyroffi/resources/bench_env_large.json
  Obstacles: 9 spheres + 0 cuboids
  Setting up collision-aware PyRoKi-LS ...

Generating target poses (seq=32, batch=256) ...
Warming up PyRoKi-LS-BATCH ...

────────────────────────────────────────────────────────────────────────────────
Sequential evaluation (per-problem latency) ...
────────────────────────────────────────────────────────────────────────────────
  Running PyRoKi-LS ...

────────────────────────────────────────────────────────────────────────────────
Sequential evaluation — collision-free IK ...
────────────────────────────────────────────────────────────────────────────────
  Running PyRoKi-LS-COLL ...

────────────────────────────────────────────────────────────────────────────────
Batch evaluation (all targets in one kernel launch) ...
────────────────────────────────────────────────────────────────────────────────
  Running PyRoKi-LS-BATCH ...

────────────────────────────────────────────────────────────────────────────────
Batch evaluation — collision-free IK ...
────────────────────────────────────────────────────────────────────────────────
  Running PyRoKi-LS-COLL-BATCH ...

================================================================================
Sequential results — per-problem latency  (N=32, timed=5)
================================================================================
  Method                 t_med(ms)   t_p95(ms)  pos_med(mm)  pos_p95(mm)  rot_med(rad)  rot_p95(rad)     success
  --------------------------------------------------------------------------------------------------------
  PyRoKi-LS               1264.407    1374.804      0.0002      0.0005      0.0000      0.0000       32/32

================================================================================
Batch results — effective per-problem time  (N=256, timed=5)
================================================================================
  Method                   ms/prob  pos_med(mm)  pos_p95(mm)  rot_med(rad)  rot_p95(rad)     success   gpu_pk(%)  gpu_avg(%)  vram_pk(MB)
  --------------------------------------------------------------------------------------------------------------------------------
  PyRoKi-LS-BATCH           67.888      0.0002      0.0005      0.0000      0.0000     256/256        100%         99%       19226

================================================================================
Sequential results — COLLISION-FREE IK  (N=32, timed=5)
  Scene: /home/sadmin/Work/pyroffi/resources/bench_env_large.json
  Obstacles: 9 spheres + 0 cuboids
  coll_free: solutions with min signed dist > 0 (all links clear of all obstacles)
================================================================================
  Method                 t_med(ms)   t_p95(ms)  pos_med(mm)  pos_p95(mm)  rot_med(rad)  rot_p95(rad)     success   coll_free
  --------------------------------------------------------------------------------------------------------------------
  PyRoKi-LS                298.000     377.867    255.0408    469.1189      1.9944      2.8963        0/32        0/32

================================================================================
Batch results — COLLISION-FREE IK  (N=256, timed=5)
================================================================================
  Method                   ms/prob  pos_med(mm)  pos_p95(mm)  rot_med(rad)  rot_p95(rad)     success   coll_free   gpu_pk(%)  gpu_avg(%)  vram_pk(MB)
  --------------------------------------------------------------------------------------------------------------------------------------------
  PyRoKi-LS                 25.678    246.5225    541.3939      1.8411      3.0159       0/256       0/256        100%         99%       19228

Results appended to /home/sadmin/Work/pyroffi/resources/bench_ik_results.csv

2026-09-07 04:04:26.104 | DEBUG    | pyroffi._robot_urdf_parser:_get_T_parent_joint:662 - Joint 'l_gripper_l_finger_2_joint' has no origin, assuming identity transform.
2026-09-07 04:04:26.106 | DEBUG    | pyroffi._robot_urdf_parser:_get_T_parent_joint:662 - Joint 'l_gripper_r_finger_2_joint' has no origin, assuming identity transform.
2026-09-07 04:04:26.108 | DEBUG    | pyroffi._robot_urdf_parser:_get_T_parent_joint:662 - Joint 'r_gripper_l_finger_2_joint' has no origin, assuming identity transform.
2026-09-07 04:04:26.110 | DEBUG    | pyroffi._robot_urdf_parser:_get_T_parent_joint:662 - Joint 'r_gripper_r_finger_2_joint' has no origin, assuming identity transform.
2026-09-07 04:04:26.495 | WARNING  | pyroffi._robot:from_urdf:149 - Dynamics unavailable for this URDF: URDF provides no <inertial> data; dynamics quantities would be degenerate.
2026-09-07 04:04:26.515 | DEBUG    | pyroki._robot_urdf_parser:_get_T_parent_joint:399 - Joint 'l_gripper_l_finger_2_joint' has no origin, assuming identity transform.
2026-09-07 04:04:26.516 | DEBUG    | pyroki._robot_urdf_parser:_get_T_parent_joint:399 - Joint 'l_gripper_r_finger_2_joint' has no origin, assuming identity transform.
2026-09-07 04:04:26.519 | DEBUG    | pyroki._robot_urdf_parser:_get_T_parent_joint:399 - Joint 'r_gripper_l_finger_2_joint' has no origin, assuming identity transform.
2026-09-07 04:04:26.520 | DEBUG    | pyroki._robot_urdf_parser:_get_T_parent_joint:399 - Joint 'r_gripper_r_finger_2_joint' has no origin, assuming identity transform.
2026-09-07 04:04:26.689 | INFO     | jaxls._py310._problem:analyze:126 - Building optimization problem with 2 terms and 1 variables: 2 costs, 0 eq_zero, 0 leq_zero, 0 geq_zero
2026-09-07 04:04:26.710 | INFO     | jaxls._py310._problem:analyze:234 - Vectorizing group with 1 costs, 1 variables each: limit_residual
2026-09-07 04:04:26.802 | INFO     | jaxls._py310._problem:analyze:234 - Vectorizing group with 1 costs, 1 variables each: _pose_cost_analytical_jac
2026-09-07 04:04:26.813 | INFO     | jaxls._py310._problem:analyze:312 - Variable elimination: variable IDs are traced; solves will not use elimination
2026-09-07 04:04:32.358 | DEBUG    | pyroffi._robot_urdf_parser:_get_T_parent_joint:662 - Joint 'l_gripper_l_finger_2_joint' has no origin, assuming identity transform.
2026-09-07 04:04:32.360 | DEBUG    | pyroffi._robot_urdf_parser:_get_T_parent_joint:662 - Joint 'l_gripper_r_finger_2_joint' has no origin, assuming identity transform.
2026-09-07 04:04:32.362 | DEBUG    | pyroffi._robot_urdf_parser:_get_T_parent_joint:662 - Joint 'r_gripper_l_finger_2_joint' has no origin, assuming identity transform.
2026-09-07 04:04:32.363 | DEBUG    | pyroffi._robot_urdf_parser:_get_T_parent_joint:662 - Joint 'r_gripper_r_finger_2_joint' has no origin, assuming identity transform.
2026-09-07 04:04:35.339 | INFO     | pyroffi.collision._robot_collision:from_urdf:701 - Created RobotCollision with 44 links and 671 active self-collision pairs, using spherical collision models.
2026-09-07 04:08:06.370 | INFO     | jaxls._py310._problem:analyze:126 - Building optimization problem with 3 terms and 1 variables: 3 costs, 0 eq_zero, 0 leq_zero, 0 geq_zero
2026-09-07 04:08:06.380 | INFO     | jaxls._py310._problem:analyze:234 - Vectorizing group with 1 costs, 1 variables each: limit_residual
2026-09-07 04:08:06.433 | INFO     | jaxls._py310._problem:analyze:234 - Vectorizing group with 1 costs, 1 variables each: pyroki_collision_penalty
2026-09-07 04:08:06.441 | INFO     | jaxls._py310._problem:analyze:234 - Vectorizing group with 1 costs, 1 variables each: pose_residual
2026-09-07 04:08:06.451 | INFO     | jaxls._py310._problem:analyze:312 - Variable elimination: variable IDs are traced; solves will not use elimination
================================================================================
IK benchmark: PyRoKi-AnalyticJac  (robot=baxter, n_targets=32, n_timed=5)
GPU monitoring: enabled (pynvml)
================================================================================

Loading robot ...
  URDF: /home/sadmin/Work/pyroffi/resources/baxter/baxter_spherized.urdf
  14 actuated joints, target link: 'right_hand'
  Fixed joints: []

Setting up PyRoKi solvers (LS + AnalyticJac) ...
  Warming up PyRoKi-AnalyticJac (JIT compile) ...
  PyRoKi-AnalyticJac ready.

Setting up collision environment ...
  Using SRDF disabled pairs: /home/sadmin/Work/pyroffi/resources/baxter/baxter.srdf (454 pairs)
  Loaded environment from /home/sadmin/Work/pyroffi/resources/bench_env_large.json
  Obstacles: 9 spheres + 0 cuboids
  Setting up collision-aware PyRoKi-AnalyticJac ...

Generating target poses (seq=32, batch=256) ...
Warming up PyRoKi-AnalyticJac-BATCH ...

────────────────────────────────────────────────────────────────────────────────
Sequential evaluation (per-problem latency) ...
────────────────────────────────────────────────────────────────────────────────
  Running PyRoKi-AnalyticJac ...

────────────────────────────────────────────────────────────────────────────────
Sequential evaluation — collision-free IK ...
────────────────────────────────────────────────────────────────────────────────
  Running PyRoKi-AnalyticJac-COLL ...

────────────────────────────────────────────────────────────────────────────────
Batch evaluation (all targets in one kernel launch) ...
────────────────────────────────────────────────────────────────────────────────
  Running PyRoKi-AnalyticJac-BATCH ...

────────────────────────────────────────────────────────────────────────────────
Batch evaluation — collision-free IK ...
────────────────────────────────────────────────────────────────────────────────
  Running PyRoKi-AnalyticJac-COLL-BATCH ...

================================================================================
Sequential results — per-problem latency  (N=32, timed=5)
================================================================================
  Method                 t_med(ms)   t_p95(ms)  pos_med(mm)  pos_p95(mm)  rot_med(rad)  rot_p95(rad)     success
  --------------------------------------------------------------------------------------------------------
  PyRoKi-AnalyticJac       886.605     948.530      0.0003      0.0005      0.0000      0.0000       32/32

================================================================================
Batch results — effective per-problem time  (N=256, timed=5)
================================================================================
  Method                   ms/prob  pos_med(mm)  pos_p95(mm)  rot_med(rad)  rot_p95(rad)     success   gpu_pk(%)  gpu_avg(%)  vram_pk(MB)
  --------------------------------------------------------------------------------------------------------------------------------
  PyRoKi-AnalyticJac-BATCH      33.245      0.0003      0.0005      0.0000      0.0000     256/256         99%         99%       19222

================================================================================
Sequential results — COLLISION-FREE IK  (N=32, timed=5)
  Scene: /home/sadmin/Work/pyroffi/resources/bench_env_large.json
  Obstacles: 9 spheres + 0 cuboids
  coll_free: solutions with min signed dist > 0 (all links clear of all obstacles)
================================================================================
  Method                 t_med(ms)   t_p95(ms)  pos_med(mm)  pos_p95(mm)  rot_med(rad)  rot_p95(rad)     success   coll_free
  --------------------------------------------------------------------------------------------------------------------
  PyRoKi-AnalyticJac       277.886     364.359    252.6559    533.0082      1.9051      3.0670        0/32        0/32

================================================================================
Batch results — COLLISION-FREE IK  (N=256, timed=5)
================================================================================
  Method                   ms/prob  pos_med(mm)  pos_p95(mm)  rot_med(rad)  rot_p95(rad)     success   coll_free   gpu_pk(%)  gpu_avg(%)  vram_pk(MB)
  --------------------------------------------------------------------------------------------------------------------------------------------
  PyRoKi-AnalyticJac        25.629    246.5225    541.3939      1.8411      3.0159       0/256       0/256        100%         99%       19226

Results appended to /home/sadmin/Work/pyroffi/resources/bench_ik_results.csv

2026-09-07 04:10:59.957 | DEBUG    | pyroffi._robot_urdf_parser:_get_T_parent_joint:662 - Joint 'l_gripper_l_finger_2_joint' has no origin, assuming identity transform.
2026-09-07 04:10:59.958 | DEBUG    | pyroffi._robot_urdf_parser:_get_T_parent_joint:662 - Joint 'l_gripper_r_finger_2_joint' has no origin, assuming identity transform.
2026-09-07 04:10:59.961 | DEBUG    | pyroffi._robot_urdf_parser:_get_T_parent_joint:662 - Joint 'r_gripper_l_finger_2_joint' has no origin, assuming identity transform.
2026-09-07 04:10:59.962 | DEBUG    | pyroffi._robot_urdf_parser:_get_T_parent_joint:662 - Joint 'r_gripper_r_finger_2_joint' has no origin, assuming identity transform.
2026-09-07 04:11:00.367 | WARNING  | pyroffi._robot:from_urdf:149 - Dynamics unavailable for this URDF: URDF provides no <inertial> data; dynamics quantities would be degenerate.
2026-09-07 04:11:05.790 | DEBUG    | pyroffi._robot_urdf_parser:_get_T_parent_joint:662 - Joint 'l_gripper_l_finger_2_joint' has no origin, assuming identity transform.
2026-09-07 04:11:05.792 | DEBUG    | pyroffi._robot_urdf_parser:_get_T_parent_joint:662 - Joint 'l_gripper_r_finger_2_joint' has no origin, assuming identity transform.
2026-09-07 04:11:05.795 | DEBUG    | pyroffi._robot_urdf_parser:_get_T_parent_joint:662 - Joint 'r_gripper_l_finger_2_joint' has no origin, assuming identity transform.
2026-09-07 04:11:05.798 | DEBUG    | pyroffi._robot_urdf_parser:_get_T_parent_joint:662 - Joint 'r_gripper_r_finger_2_joint' has no origin, assuming identity transform.
2026-09-07 04:11:08.883 | INFO     | pyroffi.collision._robot_collision:from_urdf:701 - Created RobotCollision with 44 links and 671 active self-collision pairs, using spherical collision models.
================================================================================
IK benchmark: QuIK-CPU  (robot=baxter, n_targets=32, n_timed=5)
GPU monitoring: enabled (pynvml)
================================================================================

Loading robot ...
  URDF: /home/sadmin/Work/pyroffi/resources/baxter/baxter_spherized.urdf
  14 actuated joints, target link: 'right_hand'
  Fixed joints: []

Setting up QuIK CPU solver (POE->DH + cricket JIT) ...
  QuIK ready (dof=7, CPU).

Setting up collision environment ...
  Using SRDF disabled pairs: /home/sadmin/Work/pyroffi/resources/baxter/baxter.srdf (454 pairs)
  Loaded environment from /home/sadmin/Work/pyroffi/resources/bench_env_large.json
  Obstacles: 9 spheres + 0 cuboids
  Setting up collision-aware QuIK (VAMP MPPI seed projection) ...
  Collision-aware QuIK ready.

Generating target poses (seq=32, batch=256) ...

────────────────────────────────────────────────────────────────────────────────
Sequential evaluation (per-problem latency) ...
────────────────────────────────────────────────────────────────────────────────
  Running QuIK-CPU ...

────────────────────────────────────────────────────────────────────────────────
Sequential evaluation — collision-free IK ...
────────────────────────────────────────────────────────────────────────────────
  Running QuIK-CPU-COLL ...

────────────────────────────────────────────────────────────────────────────────
Batch evaluation (all targets in one kernel launch) ...
────────────────────────────────────────────────────────────────────────────────
  Running QuIK-CPU-BATCH ...

────────────────────────────────────────────────────────────────────────────────
Batch evaluation — collision-free IK ...
────────────────────────────────────────────────────────────────────────────────
  Running QuIK-CPU-COLL-BATCH ...

================================================================================
Sequential results — per-problem latency  (N=32, timed=5)
================================================================================
  Method                 t_med(ms)   t_p95(ms)  pos_med(mm)  pos_p95(mm)  rot_med(rad)  rot_p95(rad)     success
  --------------------------------------------------------------------------------------------------------
  QuIK-CPU                   3.205       3.554      0.0002      0.0003      0.0000      0.0000       32/32

================================================================================
Batch results — effective per-problem time  (N=256, timed=5)
================================================================================
  Method                   ms/prob  pos_med(mm)  pos_p95(mm)  rot_med(rad)  rot_p95(rad)     success   gpu_pk(%)  gpu_avg(%)  vram_pk(MB)
  --------------------------------------------------------------------------------------------------------------------------------
  QuIK-CPU-BATCH             0.046      0.0001      0.0003      0.0000      0.0000     256/256         n/a         n/a         n/a

================================================================================
Sequential results — COLLISION-FREE IK  (N=32, timed=5)
  Scene: /home/sadmin/Work/pyroffi/resources/bench_env_large.json
  Obstacles: 9 spheres + 0 cuboids
  coll_free: solutions with min signed dist > 0 (all links clear of all obstacles)
================================================================================
  Method                 t_med(ms)   t_p95(ms)  pos_med(mm)  pos_p95(mm)  rot_med(rad)  rot_p95(rad)     success   coll_free
  --------------------------------------------------------------------------------------------------------------------
  QuIK-CPU                  13.737      15.172      0.0001      0.0003      0.0000      0.0000       32/32        0/32

================================================================================
Batch results — COLLISION-FREE IK  (N=256, timed=5)
================================================================================
  Method                   ms/prob  pos_med(mm)  pos_p95(mm)  rot_med(rad)  rot_p95(rad)     success   coll_free   gpu_pk(%)  gpu_avg(%)  vram_pk(MB)
  --------------------------------------------------------------------------------------------------------------------------------------------
  QuIK-CPU                   0.432      0.0002      0.0003      0.0000      0.0000     256/256       0/256         n/a         n/a         n/a

Results appended to /home/sadmin/Work/pyroffi/resources/bench_ik_results.csv

No EE provided, using distal link `right_upper_elbow_visual`.
2026-09-07 04:11:21.697 | DEBUG    | pyroffi._robot_urdf_parser:_get_T_parent_joint:662 - Joint 'pelvis_contour_joint' has no origin, assuming identity transform.
2026-09-07 04:11:22.330 | DEBUG    | pyroffi._robot_urdf_parser:_get_T_parent_joint:662 - Joint 'pelvis_contour_joint' has no origin, assuming identity transform.
2026-09-07 04:11:24.846 | INFO     | pyroffi.collision._robot_collision:from_urdf:701 - Created RobotCollision with 53 links and 1239 active self-collision pairs, using spherical collision models.
================================================================================
IK benchmark: HJCD-JAX  (robot=g1, n_targets=32, n_timed=5)
GPU monitoring: enabled (pynvml)
================================================================================

Loading robot ...
  URDF: /home/sadmin/Work/pyroffi/resources/g1_description/g1_29dof_with_hand_rev_1_0_spherized.urdf
  43 actuated joints, target link: 'right_hand_palm_link'
  Fixed joints: []

Setting up collision environment ...
  Using SRDF disabled pairs: /home/sadmin/Work/pyroffi/resources/g1_description/g1_29dof.srdf (123 pairs)
  Loaded environment from /home/sadmin/Work/pyroffi/resources/bench_env_large.json
  Obstacles: 9 spheres + 0 cuboids

Generating target poses (seq=32, batch=256) ...
  wrote cuRobo target sidecar: /home/sadmin/Work/pyroffi/resources/bench_ik_targets_g1.npz
Warming up HJCD-JAX ...
Warming up HJCD-JAX-COLL ...
Warming up HJCD-JAX-BATCH ...
Warming up HJCD-JAX-COLL-BATCH ...

────────────────────────────────────────────────────────────────────────────────
Sequential evaluation (per-problem latency) ...
────────────────────────────────────────────────────────────────────────────────
  Running HJCD-JAX ...

────────────────────────────────────────────────────────────────────────────────
Sequential evaluation — collision-free IK ...
────────────────────────────────────────────────────────────────────────────────
  Running HJCD-JAX-COLL ...

────────────────────────────────────────────────────────────────────────────────
Batch evaluation (all targets in one kernel launch) ...
────────────────────────────────────────────────────────────────────────────────
  Running HJCD-JAX-BATCH ...

────────────────────────────────────────────────────────────────────────────────
Batch evaluation — collision-free IK ...
────────────────────────────────────────────────────────────────────────────────
  Running HJCD-JAX-COLL-BATCH ...

================================================================================
Sequential results — per-problem latency  (N=32, timed=5)
================================================================================
  Method                 t_med(ms)   t_p95(ms)  pos_med(mm)  pos_p95(mm)  rot_med(rad)  rot_p95(rad)     success
  --------------------------------------------------------------------------------------------------------
  HJCD-JAX                 426.847     426.953      0.2472      0.4785      0.0003      0.0006       32/32

================================================================================
Batch results — effective per-problem time  (N=256, timed=5)
================================================================================
  Method                   ms/prob  pos_med(mm)  pos_p95(mm)  rot_med(rad)  rot_p95(rad)     success   gpu_pk(%)  gpu_avg(%)  vram_pk(MB)
  --------------------------------------------------------------------------------------------------------------------------------
  HJCD-JAX-BATCH            19.969      0.2377      0.6069      0.0003      0.0007     253/256        100%        100%       19088

================================================================================
Sequential results — COLLISION-FREE IK  (N=32, timed=5)
  Scene: /home/sadmin/Work/pyroffi/resources/bench_env_large.json
  Obstacles: 9 spheres + 0 cuboids
  coll_free: solutions with min signed dist > 0 (all links clear of all obstacles)
================================================================================
  Method                 t_med(ms)   t_p95(ms)  pos_med(mm)  pos_p95(mm)  rot_med(rad)  rot_p95(rad)     success   coll_free
  --------------------------------------------------------------------------------------------------------------------
  HJCD-JAX                 593.872     593.924     89.3207    383.5193      0.3858      1.6688        4/32       32/32

================================================================================
Batch results — COLLISION-FREE IK  (N=256, timed=5)
================================================================================
  Method                   ms/prob  pos_med(mm)  pos_p95(mm)  rot_med(rad)  rot_p95(rad)     success   coll_free   gpu_pk(%)  gpu_avg(%)  vram_pk(MB)
  --------------------------------------------------------------------------------------------------------------------------------------------
  HJCD-JAX                  98.838     68.9461    409.7486      0.2939      1.2954      41/256     256/256        100%        100%       19100

Results appended to /home/sadmin/Work/pyroffi/resources/bench_ik_results.csv

2026-09-07 04:43:59.770 | DEBUG    | pyroffi._robot_urdf_parser:_get_T_parent_joint:662 - Joint 'pelvis_contour_joint' has no origin, assuming identity transform.
2026-09-07 04:44:00.436 | DEBUG    | pyroffi._robot_urdf_parser:_get_T_parent_joint:662 - Joint 'pelvis_contour_joint' has no origin, assuming identity transform.
2026-09-07 04:44:03.048 | INFO     | pyroffi.collision._robot_collision:from_urdf:701 - Created RobotCollision with 53 links and 1239 active self-collision pairs, using spherical collision models.
================================================================================
IK benchmark: HJCD-CUDA  (robot=g1, n_targets=32, n_timed=5)
GPU monitoring: enabled (pynvml)
================================================================================

Loading robot ...
  URDF: /home/sadmin/Work/pyroffi/resources/g1_description/g1_29dof_with_hand_rev_1_0_spherized.urdf
  43 actuated joints, target link: 'right_hand_palm_link'
  Fixed joints: []

Setting up collision environment ...
  Using SRDF disabled pairs: /home/sadmin/Work/pyroffi/resources/g1_description/g1_29dof.srdf (123 pairs)
  Loaded environment from /home/sadmin/Work/pyroffi/resources/bench_env_large.json
  Obstacles: 9 spheres + 0 cuboids

Generating target poses (seq=32, batch=256) ...
  wrote cuRobo target sidecar: /home/sadmin/Work/pyroffi/resources/bench_ik_targets_g1.npz
Warming up HJCD-CUDA ...
Traceback (most recent call last):
  File "/home/sadmin/Work/pyroffi/tests/bench_ik.py", line 2491, in <module>
    main()
  File "/home/sadmin/Work/pyroffi/tests/bench_ik.py", line 2472, in main
    _run_robot_benchmark(args.robot, csv_file, solver_filter=args.solver, blocks=_blocks)
  File "/home/sadmin/Work/pyroffi/tests/bench_ik.py", line 1906, in _run_robot_benchmark
    out = fn(robot=robot, target_link_indices=tli, target_poses=(target_poses[0],),
          ^^^^^^^^^^^^^^^^^^^^^^^^^^^^^^^^^^^^^^^^^^^^^^^^^^^^^^^^^^^^^^^^^^^^^^^^^
  File "/home/sadmin/Work/pyroffi/src/pyroffi/optimization_engines/_hjcd_ik.py", line 1147, in hjcd_solve_cuda
    winner = dispatch_vmap_to_batched(_single, _batched)(
             ^^^^^^^^^^^^^^^^^^^^^^^^^^^^^^^^^^^^^^^^^^^^
  File "/home/sadmin/Work/pyroffi/src/pyroffi/optimization_engines/_batching.py", line 54, in solve
    return single_call(target_wxyz_xyz, previous_cfg)
           ^^^^^^^^^^^^^^^^^^^^^^^^^^^^^^^^^^^^^^^^^^
  File "/home/sadmin/Work/pyroffi/src/pyroffi/optimization_engines/_hjcd_ik.py", line 1057, in _single
    return _hjcd_solve_cuda_jit(
           ^^^^^^^^^^^^^^^^^^^^^
  File "/home/sadmin/Work/pyroffi/src/pyroffi/optimization_engines/_hjcd_ik.py", line 743, in _hjcd_solve_cuda_jit
    coarse_cfgs, coarse_errors = hjcd_ik_coarse_cuda(
                                 ^^^^^^^^^^^^^^^^^^^^
  File "/home/sadmin/Work/pyroffi/src/pyroffi/cuda_kernels/ik/_hjcd_ik_cuda.py", line 160, in hjcd_ik_coarse_cuda
    check_capacity(__file__, _LIB_NAME, n_joints=twists.shape[0],
  File "/home/sadmin/Work/pyroffi/src/pyroffi/cuda_kernels/_build_params.py", line 165, in check_capacity
    _params_cached(str(Path(module_file).parent / lib_name), lib_name).check(
  File "/home/sadmin/Work/pyroffi/src/pyroffi/cuda_kernels/_build_params.py", line 80, in check
    raise ValueError(
ValueError: hjcd_ik_cuda: robot has 43 actuated DOF but _hjcd_ik_cuda_lib.so was built with MAX_ACT=24. The kernel would write past the end of its per-thread state arrays (undefined behaviour, not a crash — you would get silently wrong results).
Rebuild with:  bash build_kernels/build_all.sh --max-act 48
MAX_ACT is capped at 64. Raising it is not free: it sizes per-thread arrays in every kernel, so a big build slows the smaller arms too. Build for the robot you deploy.
--------------------
For simplicity, JAX has removed its internal frames from the traceback of the following exception. Set JAX_TRACEBACK_FILTERING=off to include these.
Selected robots: panda, fetch, baxter, g1
Solvers (one isolated subprocess each): HJCD-JAX, HJCD-CUDA, LS-JAX, LS-CUDA, SQP-JAX, SQP-CUDA, MPPI-JAX, MPPI-CUDA, Analytic-JAX, Analytic-CUDA, Learned-JAX, PyRoKi-LS, PyRoKi-AnalyticJac, QuIK-CPU

=== Running panda / HJCD-JAX in subprocess, PYROFFI_IK_TIER=thread ===

=== Running panda / HJCD-CUDA in subprocess, PYROFFI_IK_TIER=thread ===

=== Running panda / LS-JAX in subprocess, PYROFFI_IK_TIER=thread ===

=== Running panda / LS-CUDA in subprocess, PYROFFI_IK_TIER=thread ===

=== Running panda / SQP-JAX in subprocess, PYROFFI_IK_TIER=thread ===

=== Running panda / SQP-CUDA in subprocess, PYROFFI_IK_TIER=thread ===

=== Running panda / MPPI-JAX in subprocess, PYROFFI_IK_TIER=thread ===

=== Running panda / MPPI-CUDA in subprocess, PYROFFI_IK_TIER=thread ===

=== Running panda / Analytic-JAX in subprocess, PYROFFI_IK_TIER=thread ===

=== Running panda / Analytic-CUDA in subprocess, PYROFFI_IK_TIER=thread ===

=== Running panda / Learned-JAX in subprocess, PYROFFI_IK_TIER=thread ===

=== Running panda / PyRoKi-LS in subprocess, PYROFFI_IK_TIER=thread ===

=== Running panda / PyRoKi-AnalyticJac in subprocess, PYROFFI_IK_TIER=thread ===

=== Running panda / QuIK-CPU in subprocess, PYROFFI_IK_TIER=thread ===

=== Running fetch / HJCD-JAX in subprocess, PYROFFI_IK_TIER=thread ===

=== Running fetch / HJCD-CUDA in subprocess, PYROFFI_IK_TIER=thread ===

=== Running fetch / LS-JAX in subprocess, PYROFFI_IK_TIER=thread ===

=== Running fetch / LS-CUDA in subprocess, PYROFFI_IK_TIER=thread ===

=== Running fetch / SQP-JAX in subprocess, PYROFFI_IK_TIER=thread ===

=== Running fetch / SQP-CUDA in subprocess, PYROFFI_IK_TIER=thread ===

=== Running fetch / MPPI-JAX in subprocess, PYROFFI_IK_TIER=thread ===

=== Running fetch / MPPI-CUDA in subprocess, PYROFFI_IK_TIER=thread ===

=== Running fetch / Analytic-JAX in subprocess, PYROFFI_IK_TIER=thread ===

=== Running fetch / Analytic-CUDA in subprocess, PYROFFI_IK_TIER=thread ===

=== Running fetch / Learned-JAX in subprocess, PYROFFI_IK_TIER=thread ===

=== Running fetch / PyRoKi-LS in subprocess, PYROFFI_IK_TIER=thread ===

=== Running fetch / PyRoKi-AnalyticJac in subprocess, PYROFFI_IK_TIER=thread ===

=== Running fetch / QuIK-CPU in subprocess, PYROFFI_IK_TIER=thread ===

=== Running baxter / HJCD-JAX in subprocess, PYROFFI_IK_TIER=warp ===

=== Running baxter / HJCD-CUDA in subprocess, PYROFFI_IK_TIER=warp ===

=== Running baxter / LS-JAX in subprocess, PYROFFI_IK_TIER=warp ===

=== Running baxter / LS-CUDA in subprocess, PYROFFI_IK_TIER=warp ===

=== Running baxter / SQP-JAX in subprocess, PYROFFI_IK_TIER=warp ===

=== Running baxter / SQP-CUDA in subprocess, PYROFFI_IK_TIER=warp ===

=== Running baxter / MPPI-JAX in subprocess, PYROFFI_IK_TIER=warp ===

=== Running baxter / MPPI-CUDA in subprocess, PYROFFI_IK_TIER=warp ===

=== Running baxter / Analytic-JAX in subprocess, PYROFFI_IK_TIER=warp ===

=== Running baxter / Analytic-CUDA in subprocess, PYROFFI_IK_TIER=warp ===

=== Running baxter / Learned-JAX in subprocess, PYROFFI_IK_TIER=warp ===

=== Running baxter / PyRoKi-LS in subprocess, PYROFFI_IK_TIER=warp ===

=== Running baxter / PyRoKi-AnalyticJac in subprocess, PYROFFI_IK_TIER=warp ===

=== Running baxter / QuIK-CPU in subprocess, PYROFFI_IK_TIER=warp ===

=== Running g1 / HJCD-JAX in subprocess, PYROFFI_IK_TIER=block ===

=== Running g1 / HJCD-CUDA in subprocess, PYROFFI_IK_TIER=block ===
Traceback (most recent call last):
  File "/home/sadmin/Work/pyroffi/tests/bench_ik.py", line 2491, in <module>
    main()
  File "/home/sadmin/Work/pyroffi/tests/bench_ik.py", line 2487, in main
    _run_solver_subprocess(robot_name, solver, csv_file, args)
  File "/home/sadmin/Work/pyroffi/tests/bench_ik.py", line 2380, in _run_solver_subprocess
    subprocess.run(cmd, env=env, check=True)
  File "/home/sadmin/miniconda3/envs/pyroffi/lib/python3.11/subprocess.py", line 571, in run
    raise CalledProcessError(retcode, process.args,
subprocess.CalledProcessError: Command '['/home/sadmin/miniconda3/envs/pyroffi/bin/python', '/home/sadmin/Work/pyroffi/tests/bench_ik.py', '--robot', 'g1', '--solver', 'HJCD-CUDA']' returned non-zero exit status 1.
ERROR conda.cli.main_run:execute(142): `conda run env CUDA_VISIBLE_DEVICES=1 python tests/bench_ik.py` failed. (See above for error)
